code,name,city,country,timezone,city_code
AAA,Anaa,,PF,Pacific/Tahiti,AAA
AAB,Arrabury Airport,Tanbar,AU,Australia/Brisbane,AAB
AAC,El Arish International Airport,Arish,EG,Africa/Cairo,AAC
AAD,Adado,Adado,SO,Africa/Khartoum,AAD
AAE,Les Salines Airport,El Hadjar,DZ,Africa/Algiers,AAE
AAF,Apalachicola Regional,Apalachicola,US,America/New_York,AAF
AAG,Arapoti,Jaguariaiva,BR,America/Sao_Paulo,AAG
AAH,Aachen/Merzbruck,,DE,Europe/Berlin,AAH
AAI,Arraias,Campos Belos,BR,America/Araguaina,AAI
AAJ,Cayana Airstrip,Kajana,SR,America/Paramaribo,AAJ
AAK,Aranuka,,KI,Pacific/Tarawa,AAK
AAL,Aalborg Airport,Vadum,DK,Europe/Copenhagen,AAL
AAM,Mala Mala,,ZA,Africa/Johannesburg,AAM
AAN,Al Ain Airport,,AE,Asia/Dubai,AAN
AAO,Anaco,Anaco,VE,America/Caracas,AAO
AAP,Andrau Airpark,,US,America/Chicago,HOU
AAQ,Anapa Airport,Anapa,RU,Europe/Moscow,AAQ
AAR,Aarhus Airport,Ebeltoft,DK,Europe/Copenhagen,AAR
AAS,Apalapsili,,ID,Asia/Jayapura,AAS
AAT,Altay Airport,Awiytan,CN,Asia/Urumqi,AAT
AAU,Asau,Asau,WS,Pacific/Apia,AAU
AAV,Allah Valley,Surallah,PH,Asia/Manila,AAV
AAW,Abbottabad,Abbottabad,PK,Asia/Karachi,AAW
AAX,Araxa Airport,Araxa,BR,America/Sao_Paulo,AAX
AAY,Al Ghaydah,Al Ghayzah,YE,Asia/Aden,AAY
AAZ,Quetzaltenango,Olintepeque,GT,America/Guatemala,AAZ
ABA,Abakan Airport,Podsineye,RU,Asia/Krasnoyarsk,ABA
ABB,Asaba International Airport,Asaba,NG,Africa/Lagos,ABB
ABC,Los Llanos,,ES,Europe/Madrid,ABC
ABD,Abadan Airport,Abadan,IR,Asia/Tehran,ABD
ABE,Lehigh Valley International Airport,Catasauqua,US,America/New_York,ABE
ABF,Abaiang,Buota Village,KI,Pacific/Tarawa,ABF
ABG,Abingdon,,AU,Australia/Brisbane,ABG
ABH,Alpha,,AU,Australia/Brisbane,ABH
ABI,Abilene Regional Airport,,US,America/Chicago,ABI
ABJ,Felix Houphouet Boigny Airport,Abidjan,CI,Africa/Abidjan,ABJ
ABK,Kabri Dar,,ET,Africa/Addis_Ababa,ABK
ABL,Ambler Airport,,US,America/Anchorage,ABL
ABM,Northern Peninsula Airport,,AU,Australia/Brisbane,ABM
ABN,Albina,,SR,America/Paramaribo,ABN
ABO,Aboisso,Aboisso,CI,Africa/Abidjan,ABO
ABP,Atkamba,,PG,Pacific/Port_Moresby,ABP
ABQ,Albuquerque International Sunport,Albuquerque,US,America/Denver,ABQ
ABR,Aberdeen Municipal Airport,Aberdeen,US,America/Chicago,ABR
ABS,Abu Simbel,,EG,Africa/Cairo,ABS
ABT,Al-Aqiq Airport,Al Bahah,SA,Asia/Riyadh,ABT
ABU,Haliwen Airport,Atambua,ID,Asia/Makassar,ABU
ABV,Nnamdi Azikiwe International Airport,Madala,NG,Africa/Lagos,ABV
ABW,Abau,,PG,Pacific/Port_Moresby,ABW
ABX,Albury Airport,East Albury,AU,Australia/Sydney,ABX
ABY,Southwest Georgia Regional Airport,,US,America/New_York,ABY
ABZ,Aberdeen International Airport,Dyce,GB,Europe/London,ABZ
ACA,Acapulco International Airport,10 de Abril,MX,America/Mexico_City,ACA
ACB,Antrim County,Bellaire,US,America/Detroit,ACB
ACC,Kotoka International Airport,Accra,GH,Africa/Accra,ACC
ACD,Acandi,,CO,America/Bogota,ACD
ACE,Lanzarote Airport,Tias,ES,Atlantic/Canary,ACE
ACF,Alaer Talimu Airport,Aral,CN,Asia/Urumqi,ACF
ACH,Altenrhein Airport,Rheineck,CH,Europe/Zurich,ACH
ACI,Alderney Airport,Beaumont-Hague,GB,Europe/Guernsey,ACI
ACJ,Anuradhapura,Anuradhapura,LK,Asia/Colombo,ACJ
ACK,Nantucket Memorial Airport,Nantucket,US,America/New_York,ACK
ACL,Aguaclara,Sabanalarga,CO,America/Bogota,ACL
ACM,Arica,Pebas,CO,America/Bogota,ACM
ACN,International,,MX,America/Matamoros,ACN
ACP,Sahand,Bonab,IR,Asia/Tehran,ACP
ACR,Araracuara,,CO,America/Bogota,ACR
ACS,Achinsk,Achinsk,RU,Asia/Krasnoyarsk,ACS
ACT,Waco Municipal Airport,Gholson,US,America/Chicago,ACT
ACU,Achutupo,Portobelo,PA,America/Panama,ACU
ACV,Arcata-Eureka Airport,McKinleyville,US,America/Los_Angeles,ACV
ACX,Xingyi Airport,Xinzhou,CN,Asia/Shanghai,ACX
ACY,Atlantic City International Airport,Pomona,US,America/New_York,AIY
ACZ,Zabol Airport,Zabol,IR,Asia/Tehran,ACZ
ADA,Adana Airport,Seyhan,TR,Europe/Istanbul,ADA
ADB,Izmir Adnan Menderes Airport,,TR,Europe/Istanbul,IZM
ADC,Andakombe,,PG,Pacific/Port_Moresby,ADC
ADD,Addis Ababa Bole International Airport,Addis Ababa,ET,Africa/Addis_Ababa,ADD
ADE,International,Khawr Maksar,YE,Asia/Aden,ADE
ADF,Adiyaman Airport,Adiyaman,TR,Europe/Istanbul,ADF
ADG,Lenawee County,Adrian,US,America/Detroit,ADG
ADH,Aldan,Aldan,RU,Asia/Yakutsk,ADH
ADI,Arandis,Arandis,NA,Africa/Windhoek,ADI
ADJ,Marka International Airport,Amman,JO,Asia/Amman,AMM
ADK,Adak Island Ns,,US,America/Adak,ADK
ADL,Adelaide Airport,Plympton,AU,Australia/Adelaide,ADL
ADM,Ardmore Municipal Airport,Dickson,US,America/Chicago,ADM
ADN,Andes,Los Andes,CO,America/Bogota,ADN
ADO,Andamooka,,AU,Australia/Adelaide,ADO
ADP,Ampara,,LK,Asia/Colombo,ADP
ADQ,Kodiak Benny Benson State Airport,,US,America/Anchorage,ADQ
ADR,Andrews,Andrews,US,America/New_York,ADR
ADS,Addison Airport,Haltom City,US,America/Chicago,DFW
ADT,Ada Municipal,Ada,US,America/Chicago,ADT
ADU,Ardabil Airport,Namin,IR,Asia/Tehran,ADU
ADV,El Daein,El Daein,SD,Africa/Khartoum,ADV
ADW,Andrews AFB,Andrews AFB,US,America/New_York,ADW
ADX,Leuchars,Leuchars,GB,Europe/London,ADX
ADY,Alldays,,ZA,Africa/Johannesburg,ADY
ADZ,Gustavo Rojas Pinilla Airport,San Andres,CO,America/Bogota,ADZ
AEA,Abemama Atoll,,KI,Pacific/Tarawa,AEA
AEB,Youjiang,Tianzhou,CN,Asia/Shanghai,AEB
AED,Aleneva,,US,America/Anchorage,AED
AEE,Adareil Airport,,SS,Africa/Juba,AEE
AEG,Aek Godang,Padangsidempuan,ID,Asia/Jakarta,AEG
AEH,Abéché,Abeche,TD,Africa/Ndjamena,AEH
AEI,Algeciras,Algeciras,ES,Europe/Madrid,AEI
AEK,Aseki,,PG,Pacific/Port_Moresby,AEK
AEL,Albert Lea,Albert Lea,US,America/Chicago,AEL
AEM,Amgu,,RU,Asia/Vladivostok,AEM
AEO,Aioun El Atrouss,,MR,Africa/Nouakchott,AEO
AEP,Jorge Newbery Airport,Colegiales,AR,America/Argentina/Buenos_Aires,BUE
AEQ,Ar Horqin Airport,Tianshan,CN,Asia/Shanghai,AEQ
AER,Sochi International Airport,Orel-Izumrud,RU,Europe/Moscow,AER
AES,Vigra Alesund Airport,Valderoy,NO,Europe/Oslo,AES
AET,Allakaket,,US,America/Anchorage,AET
AEU,Abu Musa,,IR,Asia/Tehran,AEU
AEX,Alexandria International Airport,Alexandria,US,America/Chicago,AEX
AEY,Akureyri Airport,Akureyri,IS,Atlantic/Reykjavik,AEY
AFA,San Rafael Airport,San Rafael,AR,America/Argentina/Mendoza,AFA
AFD,Port Alfred,,ZA,Africa/Johannesburg,AFD
AFF,USAF Academy Airstrip,Cimarron Hills,US,America/Denver,COS
AFI,Amalfi,Amalfi,CO,America/Bogota,AFI
AFK,Ampara Kondavattavan Tank Airport,Ampara,LK,Asia/Colombo,ADP
AFL,Alta Floresta Airport,,BR,America/Cuiaba,AFL
AFN,Municipal,Jaffrey,US,America/New_York,AFN
AFO,Municipal,Afton,US,America/Denver,AFO
AFR,Afore,,PG,Pacific/Port_Moresby,AFR
AFS,Zarafshan,Tomdibuloq,UZ,Asia/Samarkand,AFS
AFT,Afutara Aerodrome,,SB,Pacific/Guadalcanal,AFT
AFW,Fort Worth Alliance Airport,Haslet,US,America/Chicago,DFW
AFY,Afyon,Afyonkarahisar,TR,Europe/Istanbul,AFY
AFZ,Sabzevar,Sabzevar,IR,Asia/Tehran,AFZ
AGA,Agadir Al Massira Airport,Inezgane,MA,Africa/Casablanca,AGA
AGB,Augsburg Airport,Rehling,DE,Europe/Berlin,MUC
AGC,Allegheny County Airport,Pleasant Hills,US,America/New_York,PIT
AGD,Anggi,Warmare,ID,Asia/Jayapura,AGD
AGE,Flugplatz,Wangerooge,DE,Europe/Berlin,AGE
AGF,La Garenne Airport,Le Passage,FR,Europe/Paris,AGF
AGG,Angoram,,PG,Pacific/Port_Moresby,AGG
AGH,Angelholm Helsingborg Airport,,SE,Europe/Stockholm,AGH
AGI,Wageningen,Wageningen,SR,America/Paramaribo,AGI
AGJ,Aguni,,JP,Asia/Tokyo,AGJ
AGK,Kagua,,PG,Pacific/Port_Moresby,AGK
AGL,Wanigela,,PG,Pacific/Port_Moresby,AGL
AGM,Tasiilaq,,GL,America/Godthab,AGM
AGN,Angoon,,US,America/Juneau,AGN
AGO,Municipal,Magnolia,US,America/Chicago,AGO
AGP,Malaga Airport,,ES,Europe/Madrid,AGP
AGQ,Agrinion,Dhokimion,GR,Europe/Athens,AGQ
AGR,Kheria,Agra,IN,Asia/Kolkata,AGR
AGS,Augusta Regional Airport,,US,America/New_York,AGS
AGT,Alejo Garcia Airport,Colonia Yguazu,PY,America/Asuncion,AGT
AGU,Aguascalients International Airport,Penuelas (El Cienegal),MX,America/Mexico_City,AGU
AGV,Acarigua,Araure,VE,America/Caracas,AGV
AGW,Agnew,,AU,Australia/Brisbane,AGW
AGX,Agatti Island Airport,Kavaratti,IN,Asia/Kolkata,AGX
AGZ,Aggeneys,Pofadder,ZA,Africa/Johannesburg,AGZ
AHA,Naha AFB,,JP,Asia/Tokyo,OKA
AHB,Abha Regional Airport,,SA,Asia/Riyadh,AHB
AHC,Amedee AAF,Janesville,US,America/Los_Angeles,AHC
AHD,Downtown,Ardmore,US,America/Chicago,ADM
AHE,Ahe Airport,,PF,Pacific/Tahiti,AHE
AHF,Municipal,Arapahoe,US,America/Chicago,AHF
AHH,Municipal,Amery,US,America/Chicago,AHH
AHI,Amahai,Amahai,ID,Asia/Jayapura,AHI
AHJ,Hongyuan Airport,Qiongxi,CN,Asia/Shanghai,AHJ
AHL,Aishalton,,GY,America/Guyana,AHL
AHM,Sumner Parker Field,Ashland,US,America/Los_Angeles,AHM
AHN,Athens-Ben Epps,Winterville,US,America/New_York,AHN
AHO,Alghero-Fertilia Airport,Alghero,IT,Europe/Rome,AHO
AHS,Ahuas,Wawina,HN,America/Tegucigalpa,AHS
AHT,Amchitka,Beringovskiy,US,America/Adak,AHT
AHU,Charif Al Idrissi Airport,Imzourene,MA,Africa/Casablanca,AHU
AHW,Saih Rawl,,OM,Asia/Tehran,AHW
AHY,Ambatolahy,,MG,Indian/Antananarivo,AHY
AHZ,Alpe D Huez,Huez,FR,Europe/Paris,AHZ
AIA,Alliance Airport,Alliance,US,America/Denver,AIA
AIC,Airok,,MH,Pacific/Majuro,AIC
AID,Municipal,Anderson,US,America/Indiana/Indianapolis,AID
AIE,Aiome,,PG,Pacific/Port_Moresby,AIE
AIF,Assis,Assis,BR,America/Sao_Paulo,AIF
AIG,Yalinga,,CF,Africa/Bangui,AIG
AIH,Aiambak,,PG,Pacific/Port_Moresby,AIH
AII,Alisabieh,'Ali Sabieh,DJ,Africa/Djibouti,AII
AIK,Municipal,Aiken,US,America/New_York,AIK
AIL,Ailigandi,Ailigandi,PA,America/Panama,AIL
AIM,Ailuk Island,,MH,Pacific/Majuro,AIM
AIN,Wainwright,,US,America/Anchorage,AIN
AIO,Municipal,Atlantic,US,America/Chicago,AIO
AIP,Ailinglapalap Island,,MH,Pacific/Majuro,AIP
AIR,Aripuana,,BR,America/Cuiaba,AIR
AIS,Arorae Island,Kulia Village,KI,Pacific/Tarawa,AIS
AIT,Aitutaki Airport,,CK,Pacific/Rarotonga,AIT
AIU,Atiu Island,,CK,Pacific/Rarotonga,AIU
AIV,George Downer,Aliceville,US,America/Chicago,AIV
AIW,Ai-ais,,NA,Africa/Windhoek,AIW
AIY,Bader Field,,US,America/New_York,AIY
AIZ,Lee C Fine Memorial,,US,America/Chicago,AIZ
AJA,Ajaccio Napoleon Bonaparte Airport,Ajaccio,FR,Europe/Paris,AJA
AJF,Jouf Airport,Sakaka,SA,Asia/Riyadh,AJF
AJI,Agri Airport,Hamur,TR,Europe/Istanbul,AJI
AJJ,Akjoujt,Akjoujt,MR,Africa/Nouakchott,AJJ
AJK,Araak,Arak,IR,Asia/Tehran,AJK
AJL,Aizawl Airport,Sairang,IN,Asia/Kolkata,AJL
AJN,Ouani,Ouani,KM,Indian/Comoro,AJN
AJR,Arvidsjaur Airport,Arvidsjaur,SE,Europe/Stockholm,AJR
AJS,Abreojos,Bahia Asuncion,MX,America/Mazatlan,AJS
AJU,Aracaju Airport,Aracaju,BR,America/Maceio,AJU
AJY,Agades,Agadez,NE,Africa/Niamey,AJY
AKA,Ankang,Ankang,CN,Asia/Chongqing,AKA
AKB,Atka,,US,America/Adak,AKB
AKC,Fulton International,Sawyerwood,US,America/New_York,CAK
AKD,Akola,Akola,IN,Asia/Kolkata,AKD
AKE,Akieni,,GA,Africa/Libreville,AKE
AKF,Kufrah,Al Jawf,LY,Africa/Tripoli,AKF
AKG,Anguganak,,PG,Pacific/Port_Moresby,AKG
AKH,Prince Sultan Air Base,Ad Dilam,SA,Asia/Riyadh,AKH
AKI,Akiak,,US,America/Anchorage,AKI
AKJ,Asahikawa Airport,Asahikawa,JP,Asia/Tokyo,AKJ
AKK,Akhiok SPB,,US,America/Anchorage,AKK
AKL,Auckland Airport,Mangere,NZ,Pacific/Auckland,AKL
AKM,Zakouma,,TD,Africa/Ndjamena,AKM
AKN,King Salmon Airport,,US,America/Anchorage,AKN
AKO,Colorado Plains Regional Airport,Akron,US,America/Denver,AKO
AKP,Anaktuvuk,,US,America/Anchorage,AKP
AKQ,Gunung Batin,Menggala,ID,Asia/Jakarta,AKQ
AKR,Akure,Owena,NG,Africa/Lagos,AKR
AKS,Gwaunaru'u,,SB,Pacific/Guadalcanal,AKS
AKT,Raf Akrotiri,Kolossi,CY,Asia/Nicosia,AKT
AKU,Aksu Airport,,CN,Asia/Shanghai,AKU
AKV,Akulivik,,CA,America/Iqaluit,AKV
AKW,Aghajari,Omidiyeh,IR,Asia/Tehran,AKW
AKX,Aktyubinsk Airport,Aqtobe,KZ,Asia/Aqtobe,AKX
AKY,Civil Airport,,MM,Asia/Rangoon,AKY
ALA,Almaty Airport,Pervomayskiy,KZ,Asia/Almaty,ALA
ALB,Albany International Airport,Colonie,US,America/New_York,ALB
ALC,Alicante-Elche Airport,,ES,Europe/Madrid,ALC
ALD,Alerta,,PE,America/Lima,ALD
ALE,Alpine,Alpine,US,America/Chicago,ALE
ALF,Alta Airport,Alta,NO,Europe/Oslo,ALF
ALG,Houari Boumediene Airport,Dar el Beida,DZ,Africa/Algiers,ALG
ALH,Albany Airport,Albany,AU,Australia/Perth,ALH
ALI,International,Alice,US,America/Chicago,ALI
ALJ,Alexander Bay Airport,,ZA,Africa/Johannesburg,ALJ
ALK,Asela,Huruta,ET,Africa/Addis_Ababa,ALK
ALL,Albenga,Albenga,IT,Europe/Rome,ALL
ALM,Municipal,Boles Acres,US,America/Denver,ALM
ALN,Alton,Bethalto,US,America/Chicago,ALN
ALO,Waterloo Airport,Cedar Falls,US,America/Chicago,ALO
ALP,Nejrab,Aleppo,SY,Asia/Damascus,ALP
ALQ,Federal,Alegrete,BR,America/Sao_Paulo,ALQ
ALR,Alexandra,,NZ,Pacific/Auckland,ALR
ALS,Alamosa Municipal Airport,Alamosa,US,America/Denver,ALS
ALT,Alenquer,Alenquer,BR,America/Santarem,ALT
ALU,Alula,Bereeda,SO,Africa/Mogadishu,ALU
ALW,Walla Walla Airport,Walla Walla East,US,America/Los_Angeles,ALW
ALX,Thomas C Russell Field,Alexander City,US,America/Chicago,ALX
ALY,El Nohza,,EG,Africa/Cairo,ALY
ALZ,Alitak SPB,,US,America/Anchorage,ALZ
AMA,Rick Husband Amarillo International Airport,,US,America/Chicago,AMA
AMB,Ambilobe,Ambilobe,MG,Indian/Antananarivo,AMB
AMC,Am Timan,Am Timan,TD,Africa/Ndjamena,AMC
AMD,Ahmedabad Airport,Naroda,IN,Asia/Kolkata,AMD
AME,Alto Molocue,,MZ,Africa/Maputo,AME
AMF,Ama,,PG,Pacific/Port_Moresby,AMF
AMG,Amboin,,PG,Pacific/Port_Moresby,AMG
AMH,Arba Mintch Airport,Arba Minch',ET,Africa/Addis_Ababa,AMH
AMI,Selaparang,Mataram,ID,Asia/Makassar,AMI
AMJ,Almenara,Almenara,BR,America/Sao_Paulo,AMJ
AMK,Animas Airpark,,US,America/Denver,DRO
AML,Puerto Armuellas,Puerto Armuelles,PA,America/Panama,AML
AMM,Queen Alia International Airport,Al Jizah,JO,Asia/Amman,AMM
AMN,Gratiot Community,Alma,US,America/Detroit,AMN
AMO,Mao,Mao,TD,Africa/Ndjamena,AMO
AMP,Ampanihy,Ampanihy,MG,Indian/Antananarivo,AMP
AMQ,Pattimura Airport,Amahusu,ID,Asia/Jayapura,AMQ
AMR,Arno,,MH,Pacific/Majuro,AMR
AMS,Amsterdam Airport Schiphol,Aalsmeer,NL,Europe/Amsterdam,AMS
AMT,Amata,,AU,Australia/Adelaide,AMT
AMU,Amanab,,PG,Pacific/Port_Moresby,AMU
AMV,Amderma,Vorgashor,RU,Europe/Moscow,AMV
AMW,Ames,Ames,US,America/Chicago,AMW
AMX,Ammaroo,,AU,Australia/Darwin,AMX
AMY,Ambatomainty,,MG,Indian/Antananarivo,AMY
AMZ,Ardmore,Red Hill,NZ,Pacific/Auckland,AMZ
ANA,John Wayne International,Anaheim,US,America/Los_Angeles,ANA
ANB,Anniston Metropolitan,Oxford,US,America/Chicago,ANB
ANC,Ted Stevens Anchorage International Airport,,US,America/Anchorage,ANC
AND,Anderson,Centerville,US,America/New_York,AND
ANE,Angers-Marce Airport,,FR,Europe/Paris,ANE
ANF,Cerro Moreno International Airport,Antofagasta,CL,America/Santiago,ANF
ANG,Brie-Champniers,Champniers,FR,Europe/Paris,ANG
ANH,Anuha Island Resort,,SB,Pacific/Guadalcanal,ANH
ANI,Aniak Airport,,US,America/Anchorage,ANI
ANJ,Zanaga,,CG,Africa/Brazzaville,ANJ
ANK,Etimesgut,Batikent,TR,Europe/Istanbul,ANK
ANL,Andulo,Camacupa,AO,Africa/Luanda,ANL
ANM,Antsirabato,Antalaha,MG,Indian/Antananarivo,ANM
ANN,Annette Island,,US,America/Metlakatla,ANN
ANO,Angoche,,MZ,Africa/Maputo,ANO
ANP,Lee,Annapolis,US,America/New_York,ANP
ANQ,Tri-State Steuben County,Angola,US,America/Indiana/Indianapolis,ANQ
ANR,Antwerp International Airport,Mortsel,BE,Europe/Brussels,ANR
ANS,Andahuaylas,San Jeronimo,PE,America/Lima,ANS
ANT,St Anton,Sankt Anton am Arlberg,AT,Europe/Vienna,ANT
ANU,V.C. Bird International Airport,Parham,AG,America/Antigua,ANU
ANV,Anvik Airport,,US,America/Anchorage,ANV
ANW,Ainsworth,Ainsworth,US,America/Chicago,ANW
ANX,Andenes Airport,Andenes,NO,Europe/Oslo,ANX
ANY,Anthony,Anthony,US,America/Chicago,ANY
ANZ,Angus Downs,,AU,Australia/Darwin,ANZ
AOA,Aroa,,PG,Pacific/Port_Moresby,AOA
AOB,Annanberg,,PG,Pacific/Port_Moresby,AOB
AOC,Altenburg Nobitz,Altenburg,DE,Europe/Berlin,AOC
AOD,Abou Deia,,TD,Africa/Ndjamena,AOD
AOE,Anadolu University,,TR,Europe/Istanbul,ESK
AOG,Anshan Teng'ao Airport,Anshan,CN,Asia/Shanghai,AOG
AOH,Allen County,Lima,US,America/New_York,AOH
AOI,Ancona Falconara Airport,Falconara Marittima,IT,Europe/Rome,AOI
AOJ,Aomori Airport,,JP,Asia/Tokyo,AOJ
AOK,Karpathos Airport,Karpathos,GR,Europe/Athens,AOK
AOL,Paso De Los Libres,Paso de los Libres,AR,America/Argentina/Cordoba,AOL
AOM,Adam Airport,,OM,Asia/Muscat,AOM
AON,Arona,,PG,Pacific/Port_Moresby,AON
AOO,Altoona Airport,Martinsburg,US,America/New_York,AOO
AOP,Alferez FAP Alfredo Vladimir Sara Bauer Airport,Alianza Cristiana,PE,America/Lima,AOP
AOR,Sultan Abdul Halim Airport,Jitra,MY,Asia/Kuala_Lumpur,AOR
AOS,Amook,,US,America/Anchorage,AOS
AOT,Corrado Gex,Chef-Lieu,IT,Europe/Rome,AOT
AOU,Attopeu,Attapu,LA,Asia/Vientiane,AOU
APA,Centennial Airport,,US,America/Denver,DEN
APB,Apolo,Mapiri,BO,America/La_Paz,APB
APC,Napa County,American Canyon,US,America/Los_Angeles,APC
APE,San Juan Aposento,,PE,America/Lima,APE
APF,Naples Municipal Airport,Naples,US,America/New_York,APF
APG,Phillips AAF,Aberdeen,US,America/New_York,APG
APH,Camp A P Hill,Bowling Green,US,America/New_York,APH
API,Apiay,Puerto Lopez,CO,America/Bogota,API
APK,Apataki,,PF,Pacific/Tahiti,APK
APL,Nampula Airport,Nampula,MZ,Africa/Maputo,APL
APN,Alpena County Regional Airport,Alpena,US,America/Detroit,APN
APO,Apartado Airport,Carepa,CO,America/Bogota,APO
APP,Asapa,,PG,Pacific/Port_Moresby,APP
APQ,Arapiraca,Arapiraca,BR,America/Maceio,APQ
APR,April River,,PG,Pacific/Port_Moresby,APR
APS,Anapolis,Anapolis,BR,America/Sao_Paulo,APS
APT,Marion County,Powells Crossroads,US,America/Chicago,APT
APU,Apucarana,,BR,America/Sao_Paulo,APU
APV,Apple Valley,Apple Valley,US,America/Los_Angeles,APV
APW,Faleolo Airport,Satapuala,WS,Pacific/Apia,APW
APX,Arapongas,Apucarana,BR,America/Sao_Paulo,APX
APY,Alto Parnaiba,Morros,BR,America/Fortaleza,APY
APZ,Zapala,Zapala,AR,America/Argentina/Salta,APZ
AQA,Araraquara,Araraquara,BR,America/Sao_Paulo,AQA
AQB,Quiche Airport,Santa Cruz del Quiche,GT,America/Guatemala,AQB
AQG,Anqing Tianzhushan Airport,Anqing,CN,Asia/Shanghai,AQG
AQI,Qaisumah Airport,Al Qaysumah,SA,Asia/Riyadh,AQI
AQJ,King Hussein International Airport,Aqaba,JO,Asia/Amman,AQJ
AQM,Ariquemes,Ariquemes,BR,America/Porto_Velho,AQM
AQP,Rodriguez Ballon International Airport,Arequipa,PE,America/Lima,AQP
AQS,Saqani,,FJ,Pacific/Fiji,AQS
AQY,Alyeska,,US,America/Anchorage,AQY
ARA,Acadiana Regional,Cade,US,America/Chicago,ARA
ARB,Municipal,Ann Arbor,US,America/Detroit,ARB
ARC,Arctic Village,,US,America/Anchorage,ARC
ARD,Alor Island Airport,Sifala,ID,Asia/Makassar,ARD
ARE,Arecibo,Bajadero,PR,America/Puerto_Rico,ARE
ARF,Acaricuara,,CO,America/Bogota,ARF
ARG,Walnut Ridge,Walnut Ridge,US,America/Chicago,ARG
ARH,Talagi Airport,Arkhangel'sk,RU,Europe/Moscow,ARH
ARI,Chacalluta Airport,Arica,CL,America/Santiago,ARI
ARJ,Arso,Arso,ID,Asia/Jayapura,ARJ
ARK,Arusha Airport,Arusha,TZ,Africa/Dar_es_Salaam,ARK
ARL,Arly,,BF,Africa/Ouagadougou,ARL
ARM,Armidale Airport,Armidale,AU,Australia/Sydney,ARM
ARN,Stockholm Arlanda Airport,Marsta,SE,Europe/Stockholm,STO
ARO,Arboletas,Arboletes,CO,America/Bogota,ARO
ARP,Aragip,,PG,Pacific/Port_Moresby,ARP
ARQ,Arauquita,Arauquita,CO,America/Caracas,ARQ
ARR,Alto Rio Senguerr,Alto Rio Senguer,AR,America/Argentina/Catamarca,ARR
ARS,Aragarcas,Aragarcas,BR,America/Sao_Paulo,ARS
ART,Watertown Airport,Dexter,US,America/New_York,ART
ARU,Aracatuba Airport,Aracatuba,BR,America/Sao_Paulo,ARU
ARV,Noble F. Lee,Lac du Flambeau,US,America/Chicago,ARV
ARW,Arad,Arad,RO,Europe/Bucharest,ARW
ARX,Asbury Park,Shark River Hills,US,America/New_York,ARX
ARY,Ararat,Ararat,AU,Australia/Melbourne,ARY
ARZ,N'zeto,,AO,Africa/Luanda,ARZ
ASA,Assab International,,ER,Africa/Asmara,ASA
ASB,Ashgabat Airport,Ashgabat,TM,Asia/Ashgabat,ASB
ASC,Ascension,,BO,America/La_Paz,ASC
ASD,Andros Town,,BS,America/Nassau,ASD
ASE,Aspen Airport,Aspen,US,America/Denver,ASE
ASF,Astrakhan Airport,Yaksatovo,RU,Europe/Volgograd,ASF
ASG,Ashburton,Ashburton,NZ,Pacific/Auckland,ASG
ASH,Boire Field,Nashua,US,America/New_York,ASH
ASI,Saint Helena Airport,,SH,Atlantic/St_Helena,ASI
ASJ,Amami Airport,,JP,Asia/Tokyo,ASJ
ASK,Yamoussoukro,Yamoussoukro,CI,Africa/Abidjan,ASK
ASL,Harrison County,Marshall,US,America/Chicago,ASL
ASM,Asmara International Airport,Asmara,ER,Africa/Asmara,ASM
ASN,Talladega,Talladega,US,America/Chicago,ASN
ASO,Asosa Airport,,ET,Africa/Addis_Ababa,ASO
ASP,Alice Springs Airport,,AU,Australia/Darwin,ASP
ASQ,Austin,,US,America/Los_Angeles,ASQ
ASR,Kayseri Airport,Kayseri,TR,Europe/Istanbul,ASR
ASS,Arathusa Safari Lodge,,ZA,Africa/Johannesburg,ASS
AST,Astoria,Warrenton,US,America/Los_Angeles,AST
ASU,Silvio Pettirossi International Airport,Limpio,PY,America/Asuncion,ASU
ASV,Amboseli,Namanga,KE,Africa/Nairobi,ASV
ASW,Aswan Airport,Aswan,EG,Africa/Cairo,ASW
ASX,Ashland,Ashland,US,America/Chicago,ASX
ASY,Ashley,Ashley,US,America/Chicago,ASY
ASZ,Asirim,,PG,Pacific/Port_Moresby,ASZ
ATA,Anta,Anta,PE,America/Lima,ATA
ATB,Atbara,Atbara,SD,Africa/Khartoum,ATB
ATC,Arthur's Town,,BS,America/Nassau,ATC
ATD,Atoifi,,SB,Pacific/Guadalcanal,ATD
ATE,Antlers,Antlers,US,America/Chicago,ATE
ATF,Chachoan,San Miguel de Salcedo,EC,America/Guayaquil,ATF
ATG,Attock,Akora,PK,Asia/Karachi,ATG
ATH,Eleftherios Venizelos International Airport,Spata,GR,Europe/Athens,ATH
ATI,Artigas,Artigas,UY,America/Montevideo,ATI
ATJ,Antsirabe,Antsirabe,MG,Indian/Antananarivo,ATJ
ATK,Atqasuk Edward Burnell Sr. Memorial Airport,,US,America/Anchorage,ATK
ATL,Hartsfield-Jackson Atlanta International Airport,,US,America/New_York,ATL
ATM,Altamira Airport,Altamira,BR,America/Santarem,ATM
ATN,Namatanai,,PG,Pacific/Port_Moresby,ATN
ATO,Ohio University,Athens,US,America/New_York,ATO
ATP,Airstrip,,PG,Pacific/Port_Moresby,ATP
ATQ,Sri Guru Ram Dass Jee International Airport,Raja Sansi,IN,Asia/Kolkata,ATQ
ATR,Mouakchott,Atar,MR,Africa/Nouakchott,ATR
ATS,Artesia,Artesia,US,America/Denver,ATS
ATT,Atmautluak Airport,,US,America/Nome,ATT
ATU,Casco Cove,,US,America/Adak,ATU
ATV,Ati,Ati,TD,Africa/Ndjamena,ATV
ATW,Outagamie County Regional Airport,Menasha,US,America/Chicago,ATW
ATX,Atbasar,Atbasar,KZ,Asia/Almaty,ATX
ATY,Watertown Airport,Watertown,US,America/Chicago,ATY
ATZ,Assiut Airport,Asyut,EG,Africa/Cairo,ATZ
AUA,Reina Beatrix International Airport,Oranjestad,AW,America/Aruba,AUA
AUB,Itauba Airport,Itauba,BR,America/Cuiaba,AUB
AUC,Arauca Airport,Arauca,CO,America/Bogota,AUC
AUD,Augustus Downs,,AU,Australia/Brisbane,AUD
AUE,Abu Rudeis,,EG,Africa/Cairo,AUE
AUF,Auxerre Branches,Appoigny,FR,Europe/Paris,AUF
AUG,Augusta Airport,Augusta,US,America/New_York,AUG
AUH,Abu Dhabi International Airport,,AE,Asia/Dubai,AUH
AUI,Aua Island,,PG,Pacific/Port_Moresby,AUI
AUJ,Ambunti,,PG,Pacific/Port_Moresby,AUJ
AUK,Alakanuk Airport,,US,America/Nome,AUK
AUL,Aur Island,Aur,MH,Pacific/Majuro,AUL
AUM,Austin,Austin,US,America/Chicago,AUM
AUN,Auburn,Auburn,US,America/Los_Angeles,AUN
AUO,Auburn-Opelika,Auburn,US,America/Chicago,AUO
AUP,Agaun,,PG,Pacific/Port_Moresby,AUP
AUQ,Hiva Oa Airport,,PF,Pacific/Marquesas,AUQ
AUR,Aurillac Airport,Aurillac,FR,Europe/Paris,AUR
AUS,Austin-Bergstrom International Airport,Hornsby Bend,US,America/Chicago,AUS
AUT,Atauro,,ID,Asia/Dili,AUT
AUU,Aurukun Mission,,AU,Australia/Brisbane,AUU
AUV,Aumo,,PG,Pacific/Port_Moresby,AUV
AUW,Municipal,Schofield,US,America/Chicago,AUW
AUX,Araguaina Airport,Araguaina,BR,America/Araguaina,AUX
AUY,Aneityum,,VU,Pacific/Efate,AUY
AUZ,Municipal Airport,Aurora,US,America/Chicago,AUZ
AVA,An Shun/Huang Guo Shu Airport,Anshun,CN,Asia/Chongqing,AVA
AVB,Aviano,Roveredo in Piano,IT,Europe/Rome,AVB
AVG,Auvergne,,AU,Australia/Darwin,AVG
AVI,Maximo Gomez,Ciro Redondo,CU,America/Havana,AVI
AVK,Arvaikheer,Arvayheer,MN,Asia/Ulaanbaatar,AVK
AVL,Asheville Regional Airport,Fletcher,US,America/New_York,AVL
AVN,Avignon-Caumont Airport,Noves,FR,Europe/Paris,AVN
AVO,Municipal,Avon Park,US,America/New_York,AVO
AVP,Wilkes-Barre/Scranton International Airport,Avoca,US,America/New_York,AVP
AVR,Alverca,Sobralinho,PT,Europe/Lisbon,AVR
AVU,Avu Avu,,SB,Pacific/Guadalcanal,AVU
AVV,Avalon Airport,Little River,AU,Australia/Melbourne,MEL
AVW,Avra Valley,Marana,US,America/Phoenix,TUS
AVX,Avalon Bay,,US,America/Los_Angeles,AVX
AWA,Awassa,Hawassa,ET,Africa/Addis_Ababa,AWA
AWB,Awaba Airport,Awaba,PG,Pacific/Port_Moresby,AWB
AWD,Aniwa,,VU,Pacific/Efate,AWD
AWE,Alowe,,GA,Africa/Libreville,AWE
AWK,Wake Island,,UM,Pacific/Wake,AWK
AWM,Municipal,West Memphis,US,America/Chicago,AWM
AWN,Alton Downs,,AU,Australia/Adelaide,AWN
AWP,Austral Downs Airport,,AU,Australia/Darwin,AWP
AWR,Awar,,PG,Pacific/Port_Moresby,AWR
AWZ,Ahwaz Airport,Ahvaz,IR,Asia/Tehran,AWZ
AXA,Clayton J. Lloyd International Airport,The Valley,AI,America/Anguilla,AXA
AXB,Alexandria Bay,Alexandria Bay,US,America/New_York,AXB
AXC,Aramac,,AU,Australia/Brisbane,AXC
AXD,Demokritos Airport,Alexandroupoli,GR,Europe/Athens,AXD
AXE,Xanxere,Xanxere,BR,America/Sao_Paulo,AXE
AXF,Alxa Left Banner,Bayan Hot,CN,Asia/Chongqing,AXF
AXG,Algona,Algona,US,America/Chicago,AXG
AXJ,Amakusa,Hondo,JP,Asia/Tokyo,AXJ
AXK,Ataq,,YE,Asia/Aden,AXK
AXL,Alexandria,,AU,Australia/Darwin,AXL
AXM,El Eden Airport,La Tebaida,CO,America/Bogota,AXM
AXN,Alexandria,Alexandria,US,America/Chicago,AXN
AXO,Bandar Udara Pantar,Pantar,ID,Asia/Makassar,AXO
AXP,Springpoint Airport,Masons Bay,BS,America/Nassau,AXP
AXR,Arutua Airport,Arutua,PF,Pacific/Tahiti,AXR
AXS,Municipal,,US,America/Chicago,LTS
AXT,Akita Airport,Akita,JP,Asia/Tokyo,AXT
AXU,Axum Airport,Aksum,ET,Africa/Addis_Ababa,AXU
AXV,Neil Armstrong,Wapakoneta,US,America/New_York,AXV
AXX,Angel Fire,Angel Fire,US,America/Denver,AXX
AYA,Ayapel,Ayapel,CO,America/Bogota,AYA
AYC,Ayacucho,Pelaya,CO,America/Bogota,AYC
AYD,Alroy Downs,,AU,Australia/Darwin,AYD
AYE,AAF Heliport,Ayer,US,America/New_York,AYE
AYG,Yaguara,,CO,America/Bogota,AYG
AYI,Yari,,CO,America/Bogota,AYI
AYK,Arkalyk,Arkalyk,KZ,Asia/Qyzylorda,AYK
AYL,Anthony Lagoon,,AU,Australia/Darwin,AYL
AYM,Yas Island SPB,,AE,Asia/Dubai,AUH
AYN,Anyang Airport,Anyang,CN,Asia/Shanghai,AYN
AYO,Ayolas,Ayolas,PY,America/Asuncion,AYO
AYP,Yanamilla Airport,Carmen Alto,PE,America/Lima,AYP
AYQ,Connellan Airport,,AU,Australia/Darwin,AYQ
AYR,Ayr,Ayr,AU,Australia/Brisbane,AYR
AYS,Ware County,Deenwood,US,America/New_York,AYS
AYT,Antalya Airport,Aksu,TR,Europe/Istanbul,AYT
AYU,Aiyura,,PG,Pacific/Port_Moresby,AYU
AYW,Ayawasi,Aifat,ID,Asia/Jayapura,AYW
AYX,Gerardo Pérez Pinedo,Puerto Ocopa,PE,America/Lima,AYX
AYY,Arugam Bay SPB,,LK,Asia/Colombo,AYY
AYZ,Zahns,Amityville,US,America/New_York,AYZ
AZA,Phoenix-Mesa Gateway Airport,Queen Creek,US,America/Phoenix,PHX
AZB,Amazon Bay,,PG,Pacific/Port_Moresby,AZB
AZD,Yazd Airport,Yazd,IR,Asia/Tehran,AZD
AZG,Apatzingan,Apatzingan,MX,America/Mexico_City,AZG
AZI,Bateen,,AE,Asia/Dubai,AUH
AZJ,Zhenjiang Dalu,Changzhou,CN,Asia/Shanghai,AZJ
AZL,Fazenda Tucunare Airport,,BR,America/Cuiaba,AZL
AZN,Andizhan Airport,Andijon,UZ,Asia/Tashkent,AZN
AZO,Kalamazoo Battle Creek International Airport,Portage,US,America/Detroit,AZO
AZP,Atizapan,Iztacalco,MX,America/Mexico_City,MEX
AZR,Adrar Airport,Adrar,DZ,Africa/Algiers,AZR
AZS,Samaná El Catey International,Sanchez,DO,America/Santo_Domingo,AZS
AZT,Zapatoca,Betulia,CO,America/Bogota,AZT
AZZ,Ambriz,Nzeto,AO,Africa/Luanda,AZZ
BAA,Bialla,,PG,Pacific/Port_Moresby,BAA
BAB,Beale AFB,Marysville,US,America/Los_Angeles,MYV
BAC,Barranca De Upia,Barranca de Upia,CO,America/Bogota,BAC
BAD,Barksdale AFB,Bossier City,US,America/Chicago,SHV
BAE,Barcelonnette,Barcelonnette,FR,Europe/Paris,BAE
BAF,Barnes,Westfield,US,America/New_York,BAF
BAG,Loakan,Tuding,PH,Asia/Manila,BAG
BAH,Bahrain International Airport,Al Muharraq,BH,Asia/Bahrain,BAH
BAI,Buenos Aires,Buenos Aires,CR,America/Costa_Rica,BAI
BAJ,Bali,,PG,Pacific/Port_Moresby,BAJ
BAL,Batman Airport,Yenikoy,TR,Europe/Istanbul,BAL
BAM,Lander County,Battle Mountain,US,America/Los_Angeles,BAM
BAN,Basongo,,CD,Africa/Lubumbashi,BAN
BAO,Udorn,,TH,Asia/Bangkok,BAO
BAP,Baibara,,PG,Pacific/Port_Moresby,BAP
BAQ,E Cortissoz Airport,Malambo,CO,America/Bogota,BAQ
BAR,Baker AAF,,US,America/Sitka,BAR
BAS,Balalae,,SB,Pacific/Guadalcanal,BAS
BAT,Airport Chafei Amsei,Barretos,BR,America/Sao_Paulo,BAT
BAU,Bauru Airport,Bauru,BR,America/Sao_Paulo,BRI
BAV,Baotou Airport,Shulinzhao,CN,Asia/Chongqing,BAV
BAW,Biawonque,,GA,Africa/Libreville,BAW
BAX,Barnaul Gherman Titov International Airport,Gon'ba,RU,Asia/Omsk,BAX
BAY,Baia Mare,Tautii Magherus,RO,Europe/Bucharest,BAY
BAZ,Barbelos,Barcelos,BR,America/Manaus,BAZ
BBA,Teniente Vidal Airport,,CL,America/Santiago,BBA
BBB,Benson Municipal Airport,Benson,US,America/Chicago,BBB
BBC,Bay City,Bay City,US,America/Chicago,BBC
BBD,Curtis Field,Brady,US,America/Chicago,BBD
BBF,Burlington,Burlington,US,America/New_York,BBF
BBG,Butaritari,,KI,Pacific/Tarawa,BBG
BBH,Barth,,DE,Europe/Berlin,BBH
BBI,Biju Patnaik International Airport,Bhubaneshwar,IN,Asia/Kolkata,BBI
BBJ,Bitburg Air Base,Bitburg,DE,Europe/Berlin,BBJ
BBK,Kasane Airport,Kasane,BW,Africa/Gaborone,BBK
BBL,Ballera Airport,,AU,Australia/Brisbane,BBL
BBM,Battambang,Battambang,KH,Asia/Phnom_Penh,BBM
BBN,Bario Airport,,MY,Asia/Kuching,BBN
BBO,Berbera,Berbera,SO,Africa/Mogadishu,BBO
BBP,Bembridge,,GB,Europe/London,BBP
BBQ,Barbuda,Codrington,AG,America/Antigua,BBQ
BBR,Baillif,Baillif,GP,America/Guadeloupe,BBR
BBS,Blackbushe,Yateley,GB,Europe/London,BBS
BBT,Berberati,Berberati,CF,Africa/Bangui,BBT
BBU,Baneasa,,RO,Europe/Bucharest,BUH
BBV,Hkg,,CI,Africa/Abidjan,BBV
BBW,Broken Bow,Broken Bow,US,America/Chicago,BBW
BBX,Wings Field,Blue Bell,US,America/New_York,BBX
BBY,Bambari,Bambari,CF,Africa/Bangui,BBY
BBZ,Zambezi,,ZM,Africa/Lusaka,BBZ
BCA,Baracoa,Baracoa,CU,America/Havana,BCA
BCB,Virginia Tech,Blacksburg,US,America/New_York,BCB
BCC,Bear Creek,Red Lodge,US,America/Anchorage,BCC
BCD,Bacolod-Silay International Airport,Bacolod City,PH,Asia/Manila,BCD
BCE,Bryce,,US,America/Denver,BCE
BCF,Bouca,Bouca,CF,Africa/Bangui,BCF
BCG,Bemichi,,GY,America/Guyana,BCG
BCH,Cakung International,Baucau,TL,Asia/Dili,BCH
BCI,Barcaldine Airport,,AU,Australia/Brisbane,BCI
BCJ,Baca Grande,Buena Vista,US,America/Denver,BCJ
BCK,Bolwarra,Atherton,AU,Australia/Brisbane,BCK
BCL,Barra Colorado,Matina,CR,America/Costa_Rica,BCL
BCM,Bacau Airport,Margineni-Munteni,RO,Europe/Bucharest,BCM
BCN,Barcelona-El Prat Airport,El Prat de Llobregat,ES,Europe/Madrid,BCN
BCO,Jinka,,ET,Africa/Addis_Ababa,BCO
BCP,Bambu,,PG,Pacific/Port_Moresby,BCP
BCQ,Brack,Brak,LY,Africa/Tripoli,BCQ
BCR,Boca Do Acre,Boca do Acre,BR,America/Manaus,BCR
BCS,Southern Seaplane,,US,America/Chicago,BCS
BCT,Public,Boca Raton,US,America/New_York,BCT
BCU,Bauchi,Bauchi,NG,Africa/Lagos,BCU
BCV,Belmopan,,BZ,America/Belize,BCV
BCW,Benguera Island,,MZ,Africa/Maputo,BCW
BCX,Beloreck,Lomovka,RU,Asia/Yekaterinburg,BCX
BCY,Bulchi,Felege Neway,ET,Africa/Addis_Ababa,BCY
BCZ,Bickerton Island,,AU,Australia/Darwin,BCZ
BDA,L.F. Wade International Airport,,BM,Atlantic/Bermuda,BDA
BDB,Bundaberg Airport,Thabeban,AU,Australia/Brisbane,BDB
BDC,Barra Do Corda,Barra do Corda,BR,America/Fortaleza,BDC
BDD,Badu Island,,AU,Australia/Brisbane,BDD
BDE,Baudette,,US,America/Chicago,BDE
BDF,Rinkenberger,Wyoming,US,America/Chicago,BDF
BDG,Blanding,Blanding,US,America/Denver,BDG
BDH,Bandar Lengeh,Bandar-e Lengeh,IR,Asia/Tehran,BDH
BDI,Bird Island,Bel Ombre,SC,Indian/Mahe,BDI
BDJ,Syamsudin Noor International Airport,Banjarbaru,ID,Asia/Makassar,BDJ
BDK,Bondoukou,Bondoukou,CI,Africa/Abidjan,BDK
BDL,Bradley International Airport,Windsor Locks,US,America/New_York,BDL
BDM,Bandirma,Bandirma,TR,Europe/Istanbul,BDM
BDN,Talhar,Badin,PK,Asia/Karachi,BDN
BDO,Husein Sastranegara Airport,Bandung,ID,Asia/Jakarta,BDO
BDP,Bhadrapur Airport,Bhadrapur,NP,Asia/Kathmandu,BDP
BDQ,Vadodara Airport,Vadodara,IN,Asia/Kolkata,BDQ
BDR,Igor I. Sikorsky Memorial,,US,America/New_York,BDR
BDS,Brindisi - Salento Airport,Materdomini,IT,Europe/Rome,BDS
BDT,Gbadolite,Ouango,CD,Africa/Kinshasa,BDT
BDU,Bardufoss Airport,Moen,NO,Europe/Oslo,BDU
BDV,Moba,Karema,CD,Africa/Lubumbashi,BDV
BDW,Bedford Downs,,AU,Australia/Perth,BDW
BDX,Broadus,Broadus,US,America/Denver,BDX
BDY,State,Bandon,US,America/Los_Angeles,BDY
BDZ,Baindoung,,PG,Pacific/Port_Moresby,BDZ
BEA,Bereina,,PG,Pacific/Port_Moresby,BEA
BEB,Benbecula Airport,Benbecula,GB,Europe/London,BEB
BEC,Beech,,US,America/Chicago,ICT
BED,Hanscom Field,Bedford,US,America/New_York,BED
BEE,Beagle Bay,,AU,Australia/Perth,BEE
BEF,Bluefields,Bluefields,NI,America/Managua,BEF
BEG,Belgrad Nikola Tesla Airport,Surcin,RS,Europe/Belgrade,BEG
BEH,Ross Field,Benton Heights,US,America/Detroit,BEH
BEI,Beica,Asosa,ET,Africa/Addis_Ababa,BEI
BEJ,Kalimarau Airport,,ID,Asia/Makassar,BEJ
BEK,Bareli,Rae Bareli,IN,Asia/Kolkata,BEK
BEL,Val De Cans International Airport,Belem,BR,America/Belem,BEL
BEM,Beni Mellal Airport,Beni Mellal,MA,Africa/Casablanca,BEM
BEN,Benina International,Benghazi,LY,Africa/Tripoli,BEN
BEO,Belmont,Belmont,AU,Australia/Sydney,NTL
BEP,Bellary,Bellary,IN,Asia/Kolkata,BEP
BEQ,Honington,Thetford,GB,Europe/London,BEQ
BER,Berlin Brandenburg Airport,,DE,Europe/Berlin,BER
BES,Brest Bretagne Airport,Guipavas,FR,Europe/Paris,BES
BET,Bethel Airport,,US,America/Anchorage,BET
BEU,Bedourie,,AU,Australia/Brisbane,BEU
BEV,Beer Sheba,Beersheba,IL,Asia/Jerusalem,BEV
BEW,Beira Airport,,MZ,Africa/Maputo,BEW
BEX,Benson RAF Station,Benson,GB,Europe/London,BEX
BEY,Beirut-Rafic Hariri International Airport,Baabda,LB,Asia/Beirut,BEY
BEZ,Beru,,KI,Pacific/Tarawa,BEZ
BFA,Bahia Negra,,PY,America/Asuncion,BFA
BFB,Blue Fox Bay,,US,America/Anchorage,BFB
BFC,Bloomfield,,AU,Australia/Brisbane,BFC
BFD,Bradford Airport,Bradford,US,America/New_York,BFD
BFE,Bielefeld,Bielefeld,DE,Europe/Berlin,BFE
BFF,Western Nebraska Regional Airport,Terrytown,US,America/Denver,BFF
BFG,Bullfrog Basin,,US,America/Denver,BFG
BFH,Bacacheri,Curitiba,BR,America/Sao_Paulo,BFH
BFI,Boeing Field International Airport,Boulevard Park,US,America/Los_Angeles,SEA
BFJ,Bijie Airport,Bijie,CN,Asia/Chongqing,BFJ
BFK,Buffalo Municipal Airport,Aurora,US,America/Denver,DEN
BFL,Meadows Field Airport,Oildale,US,America/Los_Angeles,BFL
BFM,Mobile Downtown Airport,,US,America/Chicago,MOB
BFN,Bram Fischer International Airport,Bloemfontein,ZA,Africa/Johannesburg,BFN
BFO,Buffalo Range,,ZW,Africa/Harare,BFO
BFP,Beaver Falls,West Mayfield,US,America/New_York,BFP
BFQ,Bahia Pinas,,PA,America/Panama,BFQ
BFR,Virgil I Grissom Municipalcipal,Bedford,US,America/Indiana/Indianapolis,BFR
BFS,Belfast International Airport,Antrim,GB,Europe/London,BFS
BFT,County,Beaufort,US,America/New_York,BFT
BFU,Bengbu,Bengbu,CN,Asia/Shanghai,BFU
BFV,Buri Ram Airport,Satuek,TH,Asia/Bangkok,BFV
BFW,Sidi Belabbes,Sidi Bel Abbes,DZ,Africa/Algiers,BFW
BFX,Bafoussam,Bafoussam,CM,Africa/Douala,BFX
BGA,Palonegro International Airport,Lebrija,CO,America/Bogota,BGA
BGB,Booue,,GA,Africa/Libreville,BGB
BGC,Braganca Airport,Braganca,PT,Europe/Lisbon,BGC
BGD,Borger,Borger,US,America/Chicago,BGD
BGE,Decatur County,Bainbridge,US,America/New_York,BGE
BGF,Bangui Airport,Bangui,CF,Africa/Bangui,BGF
BGG,Bingol Airport,,TR,Europe/Istanbul,BGG
BGH,Abbaye,Golere,MR,Africa/Nouakchott,BGH
BGI,Grantley Adams International Airport,,BB,America/Barbados,BGI
BGJ,Borgarfjordur Eystri,,IS,Atlantic/Reykjavik,BGJ
BGK,Big Creek,,BZ,America/Belize,BGK
BGL,Baglung,Baglung,NP,Asia/Kathmandu,BGL
BGM,Greater Binghamton Airport,Johnson City,US,America/New_York,BGM
BGN,Belaya Gora Airport,Belaya Gora,RU,Asia/Srednekolymsk,BGN
BGO,Bergen Airport,Ytrebygda,NO,Europe/Oslo,BGO
BGP,Bongo,,GA,Africa/Libreville,BGP
BGQ,Big Lake,,US,America/Anchorage,BGQ
BGR,Bangor International Airport,Bangor,US,America/New_York,BGR
BGS,Webb AFB,,US,America/Chicago,HCA
BGT,Bagdad,Bagdad,US,America/Phoenix,BGT
BGU,Bangassou,,CF,Africa/Bangui,BGU
BGV,Bento Goncalves,Bento Goncalves,BR,America/Sao_Paulo,BGV
BGW,Baghdad International Airport,Abu Ghurayb,IQ,Asia/Baghdad,BGW
BGX,Airport Cmdt. Gustavo Kraemer,Bage,BR,America/Sao_Paulo,BGX
BGY,Orio al Serio International Airport,Orio al Serio,IT,Europe/Rome,MIL
BGZ,Braga,Braga,PT,Europe/Lisbon,BGZ
BHA,Bahia De Caraquez,Bahia de Caraquez,EC,America/Guayaquil,BHA
BHB,Bar Harbor Airport,Trenton,US,America/New_York,BHB
BHC,Bhurban Heliport,Murree,PK,Asia/Karachi,BHC
BHD,George Best Belfast City Airport,Castlereagh,GB,Europe/London,BFS
BHE,Woodbourne Airport,Blenheim,NZ,Pacific/Auckland,BHE
BHF,Bahia Cupica,,CO,America/Bogota,BHF
BHG,Brus Laguna,Brus Laguna,HN,America/Tegucigalpa,BHG
BHH,Bisha Airport,Qal`at Bishah,SA,Asia/Riyadh,BHH
BHI,Comandante Airport,Bahia Blanca,AR,America/Argentina/Buenos_Aires,BHI
BHJ,Rudra Mata Airport,Bhuj,IN,Asia/Kolkata,BHJ
BHK,Bukhara Airport,Bukhara,UZ,Asia/Samarkand,BHK
BHL,Bahia Angeles,,MX,America/Santa_Isabel,BHL
BHM,Birmingham-Shuttlesworth International Airport,Tarrant,US,America/Chicago,BHM
BHN,Beihan,Bayhan,YE,Asia/Aden,BHN
BHO,Raja Bhoj Airport,Bhopal,IN,Asia/Kolkata,BHO
BHP,Bhojpur,,NP,Asia/Kathmandu,BHP
BHQ,Broken Hill Airport,,AU,Australia/Broken_Hill,BHQ
BHR,Bharatpur Airport,,NP,Asia/Kathmandu,BHR
BHS,Raglan Airport,Kelso,AU,Australia/Sydney,BHS
BHT,Brighton Downs,,AU,Australia/Brisbane,BHT
BHU,Bhavnagar Airport,Bhavnagar,IN,Asia/Kolkata,BHU
BHV,Bahawalpur Airport,Bahawalpur,PK,Asia/Karachi,BHV
BHW,Bhagatanwala Airport,,PK,Asia/Karachi,SGI
BHX,Birmingham International Airport,Bickenhill,GB,Europe/London,BHX
BHY,Beihai Fucheng Airport,Beihai,CN,Asia/Chongqing,BHY
BIA,Bastia Poretta Airport,Borgo,FR,Europe/Paris,BIA
BIB,Baidoa,Baidoa,SO,Africa/Mogadishu,BIB
BIC,Aérodrome de Belle Île,Bangor,FR,Europe/Paris,BIC
BID,Block Island,Charlestown,US,America/New_York,BID
BIE,Beatrice,Beatrice,US,America/Chicago,BIE
BIF,Biggs AAF,El Paso,US,America/Denver,ELP
BIG,Intermediate Field,,US,America/Anchorage,BIG
BIH,Bishop,Bishop,US,America/Los_Angeles,BIH
BII,Enyu Airfield,,MH,Pacific/Majuro,BII
BIJ,Biliau,,PG,Pacific/Port_Moresby,BIJ
BIK,Mokmer Airport,Biak,ID,Asia/Jayapura,BIK
BIL,Billings Logan International Airport,Billings,US,America/Denver,BIL
BIM,Bimini International Airport,,BS,America/Nassau,BIM
BIN,Bamiyan,Bamyan,AF,Asia/Kabul,BIN
BIO,Bilbao Airport,Sondika,ES,Europe/Madrid,BIO
BIP,Bulimba,,AU,Australia/Brisbane,BIP
BIQ,Biarritz - Anglet - Bayonne Airport,Anglet,FR,Europe/Paris,BIQ
BIR,Biratnagar Airport,Jogbani,NP,Asia/Kathmandu,BIR
BIS,Bismarck Airport,Bismarck,US,America/Chicago,BIS
BIT,Baitadi,Mahendranagar,NP,Asia/Kathmandu,BIT
BIU,Bildudalur,,IS,Atlantic/Reykjavik,BIU
BIV,Bria,Bria,CF,Africa/Bangui,BIV
BIW,Billiluna,,AU,Australia/Perth,BIW
BIX,Keesler AFB,Biloxi,US,America/Chicago,BIX
BIY,Bisho,Port Alfred,ZA,Africa/Johannesburg,BIY
BIZ,Bimin,,PG,Pacific/Port_Moresby,BIZ
BJA,Bejaia Airport,Bejaia,DZ,Africa/Algiers,BJA
BJB,Bojnord,Bojnurd,IR,Asia/Tehran,BJB
BJC,Jeffco,Broomfield,US,America/Denver,BJC
BJD,Bakkafjordur,,IS,Atlantic/Reykjavik,BJD
BJE,Baleela,Al Fulah,SD,Africa/Khartoum,BJE
BJF,Batsfjord Airport,Batsfjord,NO,Europe/Oslo,BJF
BJG,Bolaang,,ID,Asia/Makassar,BJG
BJH,Bajhang,,NP,Asia/Kathmandu,BJH
BJI,Bemidji Airport,Bemidji,US,America/Chicago,BJI
BJJ,Wayne County,Wooster,US,America/New_York,BJJ
BJK,Benjina,,ID,Asia/Jayapura,BJK
BJL,Yundum International Airport,Abuko,GM,Africa/Banjul,BJL
BJM,Bujumbura International Airport,Bujumbura,BI,Africa/Bujumbura,BJM
BJN,Bajone,,MZ,Africa/Maputo,BJN
BJO,Bermejo,San Ramon de la Nueva Oran,BO,America/La_Paz,BJO
BJP,Braganca Paulista,Braganca Paulista,BR,America/Sao_Paulo,BJP
BJQ,Bahja Airport,,OM,Asia/Muscat,BJQ
BJR,Bahar Dar Airport,Bahir Dar,ET,Africa/Addis_Ababa,BJR
BJT,Bentota River,Beruwala,LK,Asia/Colombo,BJT
BJU,Bajura Airport,,NP,Asia/Kathmandu,BJU
BJV,Milas-Bodrum Airport,Kiulukioi,TR,Europe/Istanbul,BJV
BJW,Bajawa Soa Airport,Naru,ID,Asia/Makassar,BJW
BJX,Guanajuato International Airport,Colonia Nuevo Mexico,MX,America/Mexico_City,BJX
BJY,Batajnica,Novi Banovci,RS,Europe/Belgrade,BEG
BJZ,Badajoz Airport,Talavera La Real,ES,Europe/Madrid,BJZ
BKA,Bykovo,,RU,Europe/Moscow,MOW
BKB,Bikaner,Bikaner,IN,Asia/Kolkata,BKB
BKC,Buckland Airport,,US,America/Anchorage,BKC
BKD,Stephens County,Breckenridge,US,America/Chicago,BKD
BKE,Baker,Baker City,US,America/Los_Angeles,BKE
BKF,Lake Brooks SPB,,US,America/Anchorage,BKF
BKG,Branson,Hollister,US,America/Chicago,BKG
BKH,Barking Sands PMRF,,US,Pacific/Honolulu,BKH
BKI,Kota Kinabalu International Airport,Putatan,MY,Asia/Kuching,BKI
BKJ,Boke,Boke,GN,Africa/Conakry,BKJ
BKK,Suvarnabhumi Airport,Lat Krabang,TH,Asia/Bangkok,BKK
BKL,Burke Lakefront Airport,Cleveland,US,America/New_York,CLE
BKM,Bakalalan,,MY,Asia/Kuching,BKM
BKN,Balkanabat Airport,Balkanabat,TM,Asia/Ashgabat,BKN
BKO,Bamako-Senou International Airport,Bamako,ML,Africa/Bamako,BKO
BKP,Barkly Downs,,AU,Australia/Brisbane,BKP
BKQ,Blackall Airport,,AU,Australia/Brisbane,BKQ
BKR,Bokoro,Bokoro,TD,Africa/Ndjamena,BKR
BKS,Fatmawati Soekarno Airport,Bengkulu,ID,Asia/Jakarta,BKS
BKT,Blackstone AAF,Blackstone,US,America/New_York,BKT
BKU,Betioky,Betioky,MG,Indian/Antananarivo,BKU
BKV,Bailing Airport,Bailingmiao,CN,Asia/Shanghai,BKV
BKW,Beckley Airport,Daniels,US,America/New_York,BKW
BKX,Brookings,Brookings,US,America/Chicago,BKX
BKY,Kavumu,Bukavu,CD,Africa/Lubumbashi,BKY
BKZ,Bukoba Airport,Bukoba,TZ,Africa/Dar_es_Salaam,BKZ
BLA,General Jose Antonio Anzoategui International Airport,Barcelona,VE,America/Caracas,BLA
BLB,Panama Pacifico Airport,Ancon,PA,America/Panama,BLB
BLC,Bamenda,,CM,Africa/Douala,BLC
BLD,Boulder City,Boulder City,US,America/Los_Angeles,LAS
BLE,Dala Airport,Ornas,SE,Europe/Stockholm,BLE
BLF,Princeton,Bluefield,US,America/New_York,BLF
BLG,Belaga,Data Kakus,MY,Asia/Kuching,BLG
BLH,Blythe,Mesa Verde,US,America/Los_Angeles,BLH
BLI,Bellingham International Airport,Marietta-Alderwood,US,America/Los_Angeles,BLI
BLJ,Batna Airport,Batna,DZ,Africa/Algiers,BLJ
BLK,Blackpool Airport,Great Marton,GB,Europe/London,BLK
BLL,Billund Airport,Billund,DK,Europe/Copenhagen,BLL
BLM,Monmouth Executive Airport,Belmar,US,America/New_York,BLM
BLN,Benalla,Benalla,AU,Australia/Melbourne,BLN
BLO,Blonduos,,IS,Atlantic/Reykjavik,BLO
BLP,Bellavista,Kelluyo,PE,America/Lima,BLP
BLQ,Guglielmo Marconi Airport,Trebbo,IT,Europe/Rome,BLQ
BLR,Kempegowda International Airport,Devanhalli,IN,Asia/Kolkata,BLR
BLS,Bollon,,AU,Australia/Brisbane,BLS
BLT,Blackwater,Blackwater,AU,Australia/Brisbane,BLT
BLU,Blue Canyon,Foresthill,US,America/Los_Angeles,BLU
BLV,Belleville,Lebanon,US,America/Chicago,BLV
BLW,Bellows Field,Waimanalo Beach,US,Pacific/Honolulu,BLW
BLX,Belluno,Belluno,IT,Europe/Rome,BLX
BLY,Belmullet,Belmullet,IE,Europe/Dublin,BLY
BLZ,Chileka Airport,,MW,Africa/Blantyre,BLZ
BMA,Bromma Airport,Bromma,SE,Europe/Stockholm,STO
BMB,Bumba,Bumba,CD,Africa/Kinshasa,BMB
BMC,Brigham City,Brigham City,US,America/Denver,BMC
BMD,Belo,,MG,Indian/Antananarivo,BMD
BME,Broome Airport,,AU,Australia/Perth,BME
BMF,Bakouma,Bangassou,CF,Africa/Bangui,BMF
BMG,Bloomington,Bloomington,US,America/Indiana/Indianapolis,BMG
BMH,Bomai,,PG,Pacific/Port_Moresby,BMH
BMI,Central Illinois Regional Airport,Bloomington,US,America/Chicago,BMI
BMJ,Baramita,,GY,America/Guyana,BMJ
BMK,Borkum,Borkum,DE,Europe/Berlin,BMK
BML,Berlin Municipal Airport,,US,America/New_York,BML
BMM,Bitam,,GA,Africa/Libreville,BMM
BMN,Bamerny,Al `Amadiyah,IQ,Asia/Baghdad,BMN
BMO,Bhamo,Bhamo,MM,Asia/Rangoon,BMO
BMP,Brampton Island,,AU,Australia/Brisbane,BMP
BMQ,Bamburi,,KE,Africa/Nairobi,BMQ
BMR,Baltrum,Baltrum,DE,Europe/Berlin,BMR
BMS,Brumado,Brumado,BR,America/Bahia,BMS
BMT,Beaumont Municipalcipal,Beaumont,US,America/Chicago,BPT
BMU,Sultan Muhammad Salahuddin Airport,Melati,ID,Asia/Makassar,BMU
BMV,Phung-Duc Airport,Buon Ma Thuot,VN,Asia/Ho_Chi_Minh,BMV
BMW,Bordj Badji Mokhtar,Tessalit,DZ,Africa/Algiers,BMW
BMX,Big Mountain,,US,America/Anchorage,BMX
BMY,Belep Island,Wala,NC,Pacific/Noumea,BMY
BMZ,Bamu,,PG,Pacific/Port_Moresby,BMZ
BNA,Nashville International Airport,Lakewood,US,America/Chicago,BNA
BNB,Boende,Boende,CD,Africa/Kinshasa,BNB
BNC,Beni,,CD,Africa/Lubumbashi,BNC
BND,Bandar Abbas International Airport,Bandar 'Abbas,IR,Asia/Tehran,BND
BNE,Brisbane Airport,Ascot,AU,Australia/Brisbane,BNE
BNF,Warm Spring Bay SPB,,US,America/Sitka,BNF
BNG,Banning,Banning,US,America/Los_Angeles,BNG
BNH,Barnes,,US,America/New_York,HFD
BNI,Benin City Airport,Benin City,NG,Africa/Lagos,BNI
BNK,Ballina Byron Airport,Ballina,AU,Australia/Sydney,BNK
BNL,Barnwell Regional,Barnwell,US,America/New_York,BNL
BNM,Bodinumu,,PG,Pacific/Port_Moresby,BNM
BNN,Bronnoysund Airport Bronnoy,Bronnoysund,NO,Europe/Oslo,BNN
BNO,Burns,Burns,US,America/Los_Angeles,BNO
BNP,Bannu,Bannu,PK,Asia/Karachi,BNP
BNQ,Baganga,Aurora,PH,Asia/Manila,BNQ
BNR,Banfora,Banfora,BF,Africa/Ouagadougou,BNR
BNS,Barinas,Barinas,VE,America/Caracas,BNS
BNT,Bundi,,PG,Pacific/Port_Moresby,BNT
BNU,Blumenau,Gaspar,BR,America/Sao_Paulo,BNU
BNV,Boana,,PG,Pacific/Port_Moresby,BNV
BNW,Boone,Boone,US,America/Chicago,BNW
BNX,Banja Luka Airport,Laktasi,BA,Europe/Sarajevo,BNX
BNY,Bellona,,SB,Pacific/Guadalcanal,BNY
BNZ,Banz,,PG,Pacific/Port_Moresby,BNZ
BOA,Boma,,CD,Africa/Kinshasa,BOA
BOB,Motu Mute Airport,,PF,Pacific/Tahiti,BOB
BOC,Bocas Del Toro,Bocas del Toro,PA,America/Panama,BOC
BOD,Bordeaux Airport,Le Haillan,FR,Europe/Paris,BOD
BOE,Boundji,,CG,Africa/Brazzaville,BOE
BOF,Bolling AFB,,US,America/New_York,WAS
BOG,El Dorado International Airport,Funza,CO,America/Bogota,BOG
BOH,Bournemouth Airport,St Leonards,GB,Europe/London,BOH
BOI,Boise Air Terminal (Gowen Field),Boise,US,America/Boise,BOI
BOJ,Bourgas Airport,Sredets,BG,Europe/Sofia,BOJ
BOK,Brookings State,Brookings,US,America/Los_Angeles,BOK
BOL,Ballykelly,Ballykelly,GB,Europe/London,BOL
BOM,Chhatrapati Shivaji International Airport,Mumbai,IN,Asia/Kolkata,BOM
BON,Flamingo International Airport,Dorp Tera Kora,BQ,America/Kralendijk,BON
BOO,Bodo Airport,Bodo,NO,Europe/Oslo,BOO
BOP,Bouar,Bouar,CF,Africa/Bangui,BOP
BOQ,Boku,,PG,Pacific/Port_Moresby,BOQ
BOS,Logan International Airport,Chelsea,US,America/New_York,BOS
BOT,Boset,,PG,Pacific/Port_Moresby,BOT
BOU,Bourges,Fussy,FR,Europe/Paris,BOU
BOV,Boang,,PG,Pacific/Port_Moresby,BOV
BOW,Bartow,Bartow,US,America/New_York,BOW
BOX,Borroloola,,AU,Australia/Darwin,BOX
BOY,Borgo,Bobo-Dioulasso,BF,Africa/Ouagadougou,BOY
BOZ,Bozoum,Bozoum,CF,Africa/Bangui,BOZ
BPA,Grumman,Bethpage,US,America/New_York,BPA
BPB,Boridi,,PG,Pacific/Port_Moresby,BPB
BPC,Bamenda,Bamenda,CM,Africa/Douala,BPC
BPD,Bapi,,PG,Pacific/Port_Moresby,BPD
BPE,Qinhuangdao Beidaihe Airport,,CN,Asia/Shanghai,SHP
BPF,Batuna Aerodrome,,SB,Pacific/Guadalcanal,BPF
BPG,Barra Do Garcas,Barra do Garcas,BR,America/Cuiaba,BPG
BPH,Bislig,Bislig,PH,Asia/Manila,BPH
BPI,Big Piney-marbleton,Marbleton,US,America/Denver,BPI
BPK,Biangabip,,PG,Pacific/Port_Moresby,BPK
BPL,Bole Airport,Dostyq,CN,Asia/Shanghai,BPL
BPM,Begumpet,Quthbullapur,IN,Asia/Kolkata,HYD
BPN,Sultan Aji Muhamad Sulaiman Airport,City of Balikpapan,ID,Asia/Makassar,BPN
BPS,Porto Seguro Airport,Porto Seguro,BR,America/Bahia,BPS
BPT,Jefferson County Airport,Nederland,US,America/Chicago,BPT
BPU,Beppu,Beppu,JP,Asia/Tokyo,BPU
BPX,Bangda Airport,Yanduo,CN,Asia/Shanghai,BPX
BPY,Besalampy,,MG,Indian/Antananarivo,BPY
BQA,Baler,Dona Remedios Trinidad,PH,Asia/Manila,BQA
BQB,Bussellton Regional Airport,Vasse,AU,Australia/Perth,BQB
BQE,Bubaque,Bubaque,GW,Africa/Bissau,BQE
BQG,Bogorodskoye,Bogorodskoye,RU,Asia/Vladivostok,BQG
BQH,Biggin Hill,Biggin Hill,GB,Europe/London,LON
BQI,Bagani,Bagani,NA,Africa/Windhoek,BQI
BQJ,Batagay,Batagay,RU,Asia/Vladivostok,BQJ
BQK,Glynco Jetport,,US,America/New_York,SSI
BQL,Boulia,,AU,Australia/Brisbane,BQL
BQN,Rafael Hernandez Airport,San Antonio,PR,America/Puerto_Rico,BQN
BQO,Bouna,Bouna,CI,Africa/Abidjan,BQO
BQQ,Barra,Barra,BR,America/Bahia,BQQ
BQS,Blagoveschensk Airport,Shangmachang,RU,Asia/Yakutsk,BQS
BQT,Brest Airport,Zhabinka,BY,Europe/Minsk,BQT
BQU,J. F. Mitchell,,VC,America/St_Vincent,BQU
BQV,Bartlett SPB,,US,America/Juneau,GST
BQW,Balgo Hills,,AU,Australia/Perth,BQW
BRA,Barreiras Airport,Barreiras,BR,America/Bahia,BRA
BRB,Barreirinhas,Barreirinha,BR,America/Fortaleza,BRB
BRC,San Carlos de Bariloche International Airport,San Carlos de Bariloche,AR,America/Argentina/Salta,BRC
BRD,Crow Wing County Airport,Brainerd,US,America/Chicago,BRD
BRE,Bremen Airport,Bremen,DE,Europe/Berlin,BRE
BRF,Bradford,Bradford,GB,Europe/London,LBA
BRG,Municipal,Whitesburg,US,America/New_York,BRG
BRH,Brahman,,PG,Pacific/Port_Moresby,BRH
BRI,Palese Airport,San Paolo,IT,Europe/Rome,BRI
BRJ,Bright,,AU,Australia/Melbourne,BRJ
BRK,Bourke,,AU,Australia/Sydney,BRK
BRL,Burlington Airport,Burlington,US,America/Chicago,BRL
BRM,Barquisimeto Airport,Barquisimeto,VE,America/Caracas,BRM
BRN,Bern Airport,Belp,CH,Europe/Zurich,BRN
BRO,South Padre Island International Airport,South Point,US,America/Chicago,BRO
BRP,Biaru,,PG,Pacific/Port_Moresby,BRP
BRQ,Turany Airport,Slapanice,CZ,Europe/Prague,BRQ
BRR,North Bay Airport,,GB,Europe/London,BRR
BRS,Bristol Airport,Butcombe,GB,Europe/London,BRS
BRT,Bathurst Island,,AU,Australia/Darwin,BRT
BRU,Brussels Airport,Zaventem,BE,Europe/Brussels,BRU
BRV,Bremerhaven,Ihlienworth,DE,Europe/Berlin,BRV
BRW,Wiley Post-Will Rogers Memorial Airport,,US,America/Anchorage,BRW
BRX,Barahona,Santa Cruz de Barahona,DO,America/Santo_Domingo,BRX
BRY,Samuels Field,Bardstown,US,America/New_York,BRY
BRZ,Borotou,,CI,Africa/Abidjan,BRZ
BSA,Bossaso,Bosaso,SO,Africa/Mogadishu,BSA
BSB,Brasilia International Airport,Brasilia,BR,America/Sao_Paulo,BSB
BSC,Bahia Solano,Mutis,CO,America/Bogota,BSC
BSD,Baoshan Airport,Dianyang,CN,Asia/Shanghai,BSD
BSE,Sematan,,MY,Asia/Kuching,BSE
BSF,Bradshaw AAF,Kailua,US,Pacific/Honolulu,BSF
BSG,Bata Airport,Bata,GQ,Africa/Malabo,BSG
BSH,Brighton,Brighton,GB,Europe/London,BSH
BSI,Blairsville,Blairsville,US,America/New_York,BSI
BSJ,Bairnsdale,Bairnsdale,AU,Australia/Melbourne,BSJ
BSK,Biskra Airport,Biskra,DZ,Africa/Algiers,BSK
BSL,EuroAirport Swiss,,CH,Europe/Zurich,EAP
BSM,Bishe-kola,Mahmudabad,IR,Asia/Tehran,BSM
BSN,Bossangoa,Bossangoa,CF,Africa/Bangui,BSN
BSO,Basco Airport,Basco,PH,Asia/Manila,BSO
BSP,Bensbach,,PG,Pacific/Port_Moresby,BSP
BSQ,Bisbee Municipal Airport,Naco,US,America/Phoenix,BSQ
BSR,Basra International Airport,Al Basrah,IQ,Asia/Baghdad,BSR
BSS,Balsas,Balsas,BR,America/Fortaleza,BSS
BST,Bost,Lashkar Gah,AF,Asia/Kabul,BST
BSU,Basankusu,Bongandanga,CD,Africa/Kinshasa,BSU
BSV,Besakoa,Marovoay,MG,Indian/Antananarivo,BSV
BSW,Boswell Bay,,US,America/Anchorage,BSW
BSX,Bassein,Pathein,MM,Asia/Rangoon,BSX
BSY,Bardera,Baardheere,SO,Africa/Mogadishu,BSY
BSZ,Bartletts,,US,America/Anchorage,BSZ
BTA,Yaoundé,Bertoua,CM,Africa/Douala,BTA
BTB,Betou,Mongoumba,CG,Africa/Brazzaville,BTB
BTC,Batticaloa,,LK,Asia/Colombo,BTC
BTD,Brunette Downs,,AU,Australia/Darwin,BTD
BTE,Bonthe,Pujehun,SL,Africa/Freetown,BTE
BTF,Salt Lake Skypark,Bountiful,US,America/Denver,BTF
BTG,Batangafo,Batangafo,CF,Africa/Bangui,BTG
BTH,Hang Nadim International Airport,,ID,Asia/Jakarta,BTH
BTI,Barter Island Airport,,US,America/Anchorage,BTI
BTJ,Sultan Iskandar Muda International Airport,Montasik,ID,Asia/Jakarta,BTJ
BTK,Bratsk Airport,Bratsk,RU,Asia/Irkutsk,BTK
BTL,WK Kellogg Regional,Level Park-Oak Park,US,America/Detroit,BTL
BTM,Butte Airport,Butte,US,America/Denver,BTM
BTN,Bennettsville,Bennettsville,US,America/New_York,BTN
BTO,Botopasie,,SR,America/Paramaribo,BTO
BTP,Butler County - Kenny Scholter Field,Homeacre-Lyndora,US,America/New_York,BTP
BTQ,Butare,Butare,RW,Africa/Kigali,BTQ
BTR,Baton Rouge Metropolitan Airport,Brownsfield,US,America/Chicago,BTR
BTS,Bratislava Airport,,SK,Europe/Bratislava,BTS
BTT,Bettles,,US,America/Anchorage,BTT
BTU,Bintulu Airport,Bintulu,MY,Asia/Kuching,BTU
BTV,Burlington International Airport,South Burlington,US,America/New_York,BTV
BTW,Batu Licin,Sungaikupang,ID,Asia/Makassar,BTW
BTX,Betoota,,AU,Australia/Brisbane,BTX
BTY,Beatty,,US,America/Los_Angeles,BTY
BTZ,Yala Betong International Airport,Betong,TH,Asia/Bangkok,BTZ
BUA,Buka,,PG,Pacific/Port_Moresby,BUA
BUB,Municipal,Burwell,US,America/Chicago,BUB
BUC,Burketown,,AU,Australia/Brisbane,BUC
BUD,Budapest Ferenc Liszt International Airport,Vecses,HU,Europe/Budapest,BUD
BUF,Buffalo Niagara International Airport,Williamsville,US,America/New_York,BUF
BUG,Gen V Deslandes,Benguela,AO,Africa/Luanda,BUG
BUI,Bokondini,,ID,Asia/Jayapura,BUI
BUJ,Ain Eddis,'Ain el Melh,DZ,Africa/Algiers,BUJ
BUK,Albuq,An Nasirah,YE,Asia/Aden,BUK
BUL,Bulolo,,PG,Pacific/Port_Moresby,BUL
BUM,Butler,Butler,US,America/Chicago,BUM
BUN,Buenaventura,Buenaventura,CO,America/Bogota,BUN
BUO,Burao,Burao,SO,Africa/Mogadishu,BUO
BUP,Bhatinda Airport,Bhatinda,IN,Asia/Kolkata,BUP
BUQ,Bulawayo Airport,Bulawayo,ZW,Africa/Harare,BUQ
BUR,Bob Hope Airport,North Hollywood,US,America/Los_Angeles,BUR
BUS,Batumi Airport,Batumi,GE,Asia/Tbilisi,BUS
BUT,Bathpalathang Airport,Jakar,BT,Asia/Thimphu,BUT
BUU,Muara Bungo Airport,Muarabungo,ID,Asia/Jakarta,BUU
BUV,Bella Union,Tomas Gomensoro,UY,America/Montevideo,BUV
BUW,Baubau Airport,,ID,Asia/Makassar,BUW
BUX,Bunia,Bunia,CD,Africa/Lubumbashi,BUX
BUY,Bunbury,Bunbury,AU,Australia/Perth,BUY
BUZ,Bushehr Airport,Bushehr,IR,Asia/Tehran,BUZ
BVA,Beauvais-Tille Airport,Tille,FR,Europe/Paris,PAR
BVB,Boa Vista Airport,Boa Vista,BR,America/Boa_Vista,BVB
BVC,Rabil Airport,Vila de Sal Rei,CV,Atlantic/Cape_Verde,BVC
BVD,Sea Port,,US,America/Nome,BVD
BVE,Laroche Airport,Brive-la-Gaillarde,FR,Europe/Paris,BVE
BVF,Dama,,FJ,Pacific/Fiji,BVF
BVG,Berlevag Airport,Berlevag,NO,Europe/Oslo,BVG
BVH,Vilhena Airport,,BR,America/Porto_Velho,BVH
BVI,Birdsville,,AU,Australia/Brisbane,BVI
BVJ,Bovanenkovo Airport,Aksarka,RU,Asia/Yekaterinburg,BVJ
BVK,Huacaraje,,BO,America/La_Paz,BVK
BVL,Baures,,BO,America/La_Paz,BVL
BVM,Belmonte,Belmonte,BR,America/Bahia,BVM
BVO,Bartlesville,Bartlesville,US,America/Chicago,BVO
BVP,Bolovip,,PG,Pacific/Port_Moresby,BVP
BVR,Esperadinha,Vila Nova Sintra,CV,Atlantic/Cape_Verde,BVR
BVS,Breves,Breves,BR,America/Belem,BVS
BVU,Beluga,,US,America/Anchorage,BVU
BVV,Burevestnik AFB,,RU,Asia/Sakhalin,BVV
BVW,Batavia Downs,,AU,Australia/Brisbane,BVW
BVX,Municipal,Batesville,US,America/Chicago,BVX
BVY,Beverly Municipal Airport,Beverly,US,America/New_York,BVY
BVZ,Beverley Springs,,AU,Australia/Perth,BVZ
BWA,Bhairawa Airport,Bhairahawa,NP,Asia/Kathmandu,BWA
BWB,Barrow Island,,AU,Australia/Perth,BWB
BWC,Brawley,Brawley,US,America/Los_Angeles,BWC
BWD,Brownwood,Early,US,America/Chicago,BWD
BWE,Braunschweig,,DE,Europe/Berlin,BWE
BWF,Walney Island,Barrow in Furness,GB,Europe/London,BWF
BWG,Warren County,Bowling Green,US,America/Chicago,BWG
BWH,Butterworth,Permatang Kuching,MY,Asia/Kuala_Lumpur,BWH
BWI,Baltimore/Wash International Thurgood Marshall Airport,Ferndale,US,America/New_York,BWI
BWJ,Bawan,,PG,Pacific/Port_Moresby,BWJ
BWK,Brac,Bol,HR,Europe/Zagreb,BWK
BWL,Blackwell,Blackwell,US,America/Chicago,BWL
BWM,Bowman,Bowman,US,America/Boise,BWM
BWN,Brunei International Airport,Bandar Seri Begawan,BN,Asia/Brunei,BWN
BWO,Balakovo,Balakovo,RU,Europe/Volgograd,BWO
BWP,Bewani,,PG,Pacific/Port_Moresby,BWP
BWQ,Brewarrina,Brewarrina,AU,Australia/Sydney,BWQ
BWS,Blaine,White Rock,US,America/Los_Angeles,BWS
BWT,Burnie Wynyard Airport,Wynyard,AU,Australia/Hobart,BWT
BWU,Sydney Bankstown,Bankstown,AU,Australia/Sydney,SYD
BWW,Las Brujas Airport,Yaguajay,CU,America/Havana,BWW
BWX,Bandar Udara Internasional Banyuwangi,Kepuh Wetan,ID,Asia/Jakarta,BWX
BXA,George R Carr,Varnado,US,America/Chicago,BXA
BXB,Babo,,ID,Asia/Jayapura,BXB
BXC,Boxborough,Harvard,US,America/New_York,BXC
BXD,Bade,Bade,ID,Asia/Jayapura,BXD
BXE,Bakel,Diawara,SN,Africa/Dakar,BXE
BXF,Belburn,,AU,Australia/Perth,BXF
BXG,Bendigo,White Hills,AU,Australia/Melbourne,BXG
BXH,Balhash,Balqash,KZ,Asia/Almaty,BXH
BXI,Boundiali,Mankono,CI,Africa/Abidjan,BXI
BXJ,Burundai,Energeticheskiy,KZ,Asia/Almaty,ALA
BXK,Buckeye Municipal,Buckeye,US,America/Phoenix,BXK
BXL,Blue Lagoon,,FJ,Pacific/Fiji,BXL
BXM,Batom,,ID,Asia/Jayapura,BXM
BXN,Imsik,Karaova,TR,Europe/Istanbul,BJV
BXO,Buochs,Stans,CH,Europe/Zurich,BXO
BXP,Biala Podlaska,Biala Podlaska,PL,Europe/Warsaw,BXP
BXR,Bam,Bam,IR,Asia/Tehran,BXR
BXS,Borrego Springs,Borrego Springs,US,America/Los_Angeles,BXS
BXT,Bontang,Bontang,ID,Asia/Makassar,BXT
BXU,Butuan Airport,Libertad,PH,Asia/Manila,BXU
BXV,Breiddalsvik,,IS,Atlantic/Reykjavik,BXV
BXW,Harun Thohir Airport,Paloh,ID,Asia/Jakarta,BXW
BXX,Borama International,Baki,SO,Africa/Mogadishu,BXX
BXY,Baikonur Krayniy Airport,Toretam,KZ,Asia/Qyzylorda,BXY
BXZ,Bunsil,,PG,Pacific/Port_Moresby,BXZ
BYA,Boundary,,US,America/Anchorage,BYA
BYB,Dibaa,Dibba Al-Fujairah,OM,Asia/Muscat,BYB
BYC,Yacuiba,Yacuiba,BO,America/La_Paz,BYC
BYD,Beidah,Marbat,YE,Asia/Aden,BYD
BYF,Albert-Bray Airport,Bray-sur-Somme,FR,Europe/Paris,BYF
BYG,Municipal,Buffalo,US,America/Denver,BYG
BYH,Blytheville AFB,,US,America/Chicago,BYH
BYI,Rupert,Burley,US,America/Boise,BYI
BYJ,Beja International,Beja,PT,Europe/Lisbon,BYJ
BYK,Bouake,Bouake,CI,Africa/Abidjan,BYK
BYL,Bella Yella,,LR,Africa/Monrovia,BYL
BYM,C.M. de Cespedes,Bayamo,CU,America/Havana,BYM
BYN,Bayankhongor,Bayanhongor,MN,Asia/Ulaanbaatar,BYN
BYO,Bonito Airport,Bonito,BR,America/Campo_Grande,BYO
BYP,Barimunya Airport,,AU,Australia/Perth,BYP
BYQ,Bunyu,,ID,Asia/Makassar,BYQ
BYR,Laeso Airport,Byrum,DK,Europe/Copenhagen,BYR
BYS,Bicycle Lake AAF,Fort Irwin,US,America/Los_Angeles,BYS
BYT,Bantry,Bantry,IE,Europe/Dublin,BYT
BYU,Bindlacher-Berg,Bindlach,DE,Europe/Berlin,BYU
BYV,Beira Lake SPB,Colombo,LK,Asia/Colombo,CMB
BYW,Blakely Island,,US,America/Los_Angeles,BYW
BYX,Baniyala,,AU,Australia/Darwin,BYX
BZA,San Pedro,,NI,America/Managua,BZA
BZB,Bazaruto Island,,MZ,Africa/Maputo,BZB
BZC,Buzios,Armacao de Buzios,BR,America/Sao_Paulo,BZC
BZD,Balranald,,AU,Australia/Sydney,BZD
BZE,Philip S.W. Goldson International Airport,,BZ,America/Belize,BZE
BZF,Benton Field,Redding,US,America/Los_Angeles,RDD
BZG,Bydgoszcz Airport,Bydgoszcz,PL,Europe/Warsaw,BZG
BZH,Bumi Hills,Siavonga,ZW,Africa/Harare,BZH
BZI,Balikesir,Balikesir,TR,Europe/Istanbul,BZI
BZK,Bryansk International Airport,Bryansk,RU,Europe/Moscow,BZK
BZL,Barisal Airport,Barisal,BD,Asia/Dhaka,BZL
BZM,Bemolanga Airport,,MG,Indian/Antananarivo,BZM
BZN,Bozeman Yellowstone International Airport,Belgrade,US,America/Denver,BZN
BZO,Bolzano,San Giacomo,IT,Europe/Rome,BZO
BZP,Bizant,,AU,Australia/Brisbane,BZP
BZR,Beziers Vias Airport,Portiragnes,FR,Europe/Paris,BZR
BZS,Buzzards Pt S,,US,America/New_York,WAS
BZT,Eagle Air Park,Brazoria,US,America/Phoenix,BZT
BZU,Buta,Buta,CD,Africa/Lubumbashi,BZU
BZV,Maya Maya Airport,Brazzaville,CG,Africa/Brazzaville,BZV
BZX,Bazhong Enyang Airport,Bazhou,CN,Asia/Shanghai,BZX
BZY,Beltsy Airport,Balti,MD,Europe/Chisinau,BZY
BZZ,Raf Brize Norton,Carterton,GB,Europe/London,BZZ
CAA,Catacamas,Santa Maria del Real,HN,America/Tegucigalpa,CAA
CAB,Cabinda Airport,Cabinda,AO,Africa/Luanda,CAB
CAC,Cascavel Airport,Cascavel,BR,America/Sao_Paulo,CAC
CAD,Cadillac,Cadillac,US,America/Detroit,CAD
CAE,Columbia Metropolitan Airport,,US,America/New_York,CAE
CAF,Carauari,Carauari,BR,America/Manaus,CAF
CAG,Cagliari Elmas Airport,Elmas,IT,Europe/Rome,CAG
CAH,Kamau,Ca Mau,VN,Asia/Ho_Chi_Minh,CAH
CAI,Cairo International Airport,,EG,Africa/Cairo,CAI
CAJ,Canaima,,VE,America/Caracas,CAJ
CAK,Akron-Canton Airport,Greensburg,US,America/New_York,CAK
CAL,Machrihanish Airport,Campbeltown,GB,Europe/London,CAL
CAM,Camiri,Camiri,BO,America/La_Paz,CAM
CAN,Guangzhou Baiyun International Airport,,CN,Asia/Shanghai,CAN
CAO,Clayton,Clayton,US,America/Denver,CAO
CAP,Cap Haitien Airport,Okap,HT,America/Port-au-Prince,CAP
CAQ,Caucasia,Caceres,CO,America/Bogota,CAQ
CAR,Municipal,Caribou,US,America/New_York,CAR
CAS,Anfa,Casablanca,MA,Africa/Casablanca,CAS
CAT,Cascais Municipal Aerodrome,,PT,America/Nassau,CAT
CAU,Caruaru,Caruaru,BR,America/Recife,CAU
CAV,Cazombo,,AO,Africa/Luanda,CAV
CAW,Bartolomeu Lisandro Airport,Campos,BR,America/Sao_Paulo,CAW
CAX,Carlisle,Brampton,GB,Europe/London,CAX
CAY,Felix Eboue Airport,Matoury,GF,America/Cayenne,CAY
CAZ,Cobar,Cobar,AU,Australia/Sydney,CAZ
CBA,Corner Bay,,US,America/Sitka,CBA
CBB,J Wilsterman Airport,Cochabamba,BO,America/La_Paz,CBB
CBC,Cherrabun,,AU,Australia/Perth,CBC
CBD,Car Nicobar,,IN,Asia/Kolkata,CBD
CBE,Greater Cumberland Regional,Wiley Ford,US,America/New_York,CBE
CBF,Municipal,Council Bluffs,US,America/Chicago,CBF
CBG,Cambridge Airport,Fulbourn,GB,Europe/London,CBG
CBH,Leger,Bechar,DZ,Africa/Algiers,CBH
CBI,Cape Barren Island,,AU,Australia/Hobart,CBI
CBJ,Cabo Rojo,Pedernales,DO,America/Santo_Domingo,CBJ
CBK,Municipal,Colby,US,America/Chicago,CBK
CBL,Ciudad Bolivar,Ciudad Bolivar,VE,America/Caracas,CBL
CBM,Columbus AFB,,US,America/Chicago,UBS
CBN,Penggung,Weru,ID,Asia/Jakarta,CBN
CBO,Awang Airport,Awang,PH,Asia/Manila,CBO
CBP,Coimbra,Coimbra,PT,Europe/Lisbon,CBP
CBQ,Calabar Airport,Calabar,NG,Africa/Lagos,CBQ
CBR,Canberra Airport,Forrest,AU,Australia/Canberra,CBR
CBS,Oro Negro,Cabimas,VE,America/Caracas,CBS
CBT,Catumbela Airport,Catumbela,AO,Africa/Luanda,CBT
CBU,Cottbus,,DE,Europe/Berlin,CBU
CBV,Coban,Coban,GT,America/Guatemala,CBV
CBW,Campo Mourao,Campo Mourao,BR,America/Sao_Paulo,CBW
CBX,Condobolin,,AU,Australia/Sydney,CBX
CBY,Canobie,,AU,Australia/Brisbane,CBY
CBZ,Cabin Creek,,US,America/Sitka,CBZ
CCA,Chaffee AFB,,US,America/Chicago,CCA
CCB,Cable Airport,Claremont,US,America/Los_Angeles,CCB
CCC,Jardines del Rey Airport,Moron,CU,America/Havana,CCC
CCD,Century City,,US,America/Los_Angeles,LAX
CCE,Grand Case,,MF,America/Marigot,SFG
CCF,Carcassonne Airport,Pennautier,FR,Europe/Paris,CCF
CCG,Crane County Airport,Crane,US,America/Chicago,CCG
CCH,Chile Chico,Chile Chico,CL,America/Santiago,CCH
CCI,Concordia,Concordia,BR,America/Sao_Paulo,CCI
CCJ,Calicut International Airport,Ferokh,IN,Asia/Kolkata,CCJ
CCK,Cocos Islands Airport,West Island,CC,Indian/Cocos,CCK
CCL,Chinchilla,,AU,Australia/Brisbane,CCL
CCM,Criciuma,Criciuma,BR,America/Sao_Paulo,CCM
CCN,Chakcharan,Fayroz Koh,AF,Asia/Kabul,CCN
CCO,Carimagua,,CO,America/Bogota,CCO
CCP,Carriel Sur Airport,Concepcion,CL,America/Santiago,CCP
CCQ,Cachoeira,Cachoeira,BR,America/Bahia,CCQ
CCR,Buchanan Field,Pacheco,US,America/Los_Angeles,CCR
CCS,Simon Bolivar International Airport,Catia La Mar,VE,America/Caracas,CCS
CCT,Colonia Catriel,Picun Leufu,AR,America/Argentina/Salta,CCT
CCU,Netaji Subhas Chandra Bose Airport,Dam Dam,IN,Asia/Kolkata,CCU
CCV,Craig Cove,,VU,Pacific/Efate,CCV
CCW,Cowell,,AU,Australia/Adelaide,CCW
CCX,Caceres,,BR,America/Cuiaba,CCX
CCY,Municipal,Charles City,US,America/Chicago,CCY
CCZ,Chub Cay,,BS,America/Nassau,CCZ
CDA,Cooinda,,AU,Australia/Darwin,CDA
CDB,Cold Bay Airport,,US,America/Nome,CDB
CDC,Cedar City Airport,Cedar City,US,America/Denver,CDC
CDD,Cauquira,,HN,America/Tegucigalpa,CDD
CDE,Caledonia,Corozal,PA,America/Panama,CDE
CDG,Charles de Gaulle Airport,,FR,Europe/Paris,PAR
CDH,Harrell Field,Camden,US,America/Chicago,CDH
CDI,Cachoeiro Itapemirim,Cachoeiro de Itapemirim,BR,America/Sao_Paulo,CDI
CDJ,Conceicao Do Araguaia,,BR,America/Belem,CDJ
CDK,Lewis,Inglis,US,America/New_York,CDK
CDL,Candle,,US,America/Anchorage,CDL
CDN,Woodward Field,Camden,US,America/New_York,CDN
CDO,Cradock,Cradock,ZA,Africa/Johannesburg,CDO
CDP,Cuddapah,Cuddapah,IN,Asia/Kolkata,CDP
CDQ,Croydon,,AU,Australia/Brisbane,CDQ
CDR,Chadron Airport,Chadron,US,America/Denver,CDR
CDS,Childress,Meade,US,America/Chicago,CDS
CDT,Castellon,Benlloch,ES,Europe/Madrid,CDT
CDU,Camden,,AU,Australia/Sydney,CDU
CDV,Mudhole Smith Airport,,US,America/Anchorage,CDV
CDW,Caldwell Wright,Caldwell,US,America/New_York,CDW
CDY,Cagayan De Sulu,Cagayan,PH,Asia/Manila,CDY
CDZ,Cadiz,Cadiz,ES,Europe/Madrid,CDZ
CEA,Cessna Aircraft Field,,US,America/Chicago,ICT
CEB,Mactan-Cebu International Airport,Buagsong,PH,Asia/Manila,CEB
CEC,Del Norte County Regional Airport,Crescent City,US,America/Los_Angeles,CEC
CED,Ceduna Airport,,AU,Australia/Adelaide,CED
CEE,Cherepovets Airport,Tonshalovo,RU,Europe/Moscow,CEE
CEF,Westover ARB/Metropolitan,North Chicopee,US,America/New_York,CEF
CEG,Hawarden Airport,Chester,GB,Europe/London,CEG
CEH,Chelinda,Livingstonia,MW,Africa/Blantyre,CEH
CEI,Chiang Rai International Airport,Chiang Rai,TH,Asia/Bangkok,CEI
CEK,Chelyabinsk International Airport,Potanino,RU,Asia/Yekaterinburg,CEK
CEL,Cape Eleuthera,,BS,America/Nassau,CEL
CEM,Central,,US,America/Anchorage,CEM
CEN,Ciudad Obregon Airport,Antonio Rosales,MX,America/Hermosillo,CEN
CEO,Waco Kungo,Mambajao,AO,Africa/Luanda,CEO
CEP,Concepcion,,BO,America/La_Paz,CEP
CEQ,Mandelieu,Mandelieu-la-Napoule,FR,Europe/Paris,CEQ
CER,Maupertus,Fermanville,FR,Europe/Paris,CER
CES,Cessnock,Cessnock,AU,Australia/Sydney,CES
CET,Le Pontreau,Cholet,FR,Europe/Paris,CET
CEU,Oconee County,Clemson,US,America/New_York,CEU
CEV,Mettle Field,Connersville,US,America/Indiana/Indianapolis,CEV
CEW,Bob Sikes,Crestview,US,America/Chicago,CEW
CEX,Chena Hot Springs,,US,America/Anchorage,CEX
CEY,Calloway County,Murray,US,America/Chicago,CEY
CEZ,Montezuma County Airport,Cortez,US,America/Denver,CEZ
CFA,Coffee Point,,US,America/Anchorage,CFA
CFB,Cabo Frio International Airport,Cabo Frio,BR,America/Sao_Paulo,CFB
CFC,Cacador,Cacador,BR,America/Sao_Paulo,CFC
CFD,Coulter Field,Bryan,US,America/Chicago,CFD
CFE,Clermont-Ferrand Auvergne Airport,Aulnat,FR,Europe/Paris,CFE
CFF,Cafunfo,,AO,Africa/Luanda,CFF
CFG,Jaime Gonzalez Airport,Cienfuegos,CU,America/Havana,CFG
CFH,Clifton Hills,,AU,Australia/Adelaide,CFH
CFI,Camfield,,AU,Australia/Darwin,CFI
CFK,Chlef International Airport,Chlef,DZ,Africa/Algiers,CFK
CFM,Conklin (Leismer) Airport,,CA,America/Edmonton,CFM
CFN,Donegal Airport,Derrybeg,IE,Europe/Dublin,CFN
CFO,Confreza,,BR,America/Cuiaba,CFO
CFP,Carpentaria Downs,,AU,Australia/Brisbane,CFP
CFQ,Creston Valley Airport,Creston,CA,America/Creston,CFQ
CFR,Carpiquet Airport,Carpiquet,FR,Europe/Paris,CFR
CFS,Coffs Harbour Airport,Coffs Harbour,AU,Australia/Sydney,CFS
CFT,Morenci,Clifton,US,America/Phoenix,CFT
CFU,Ioannis Kapodistrias Airport,Kerkyra,GR,Europe/Athens,CFU
CFV,Municipal,Coffeyville,US,America/Chicago,CFV
CGA,Craig SPB,,US,America/Sitka,CGA
CGB,Marechal Rondon International Airport,Varzea Grande,BR,America/Cuiaba,CGB
CGC,Cape Gloucester,,PG,Pacific/Port_Moresby,CGC
CGD,Changde Airport,Doumuhu,CN,Asia/Shanghai,CGD
CGE,Cambridge,Cambridge,US,America/New_York,CGE
CGF,Cuyahoga County,Highland Heights,US,America/New_York,CLE
CGG,Casiguran,Dinalongan,PH,Asia/Manila,CGG
CGH,Sao Paulo/Congonhas Airport,Diadema,BR,America/Sao_Paulo,SAO
CGI,Cape Girardeau Airport,Scott City,US,America/Chicago,CGI
CGJ,Chingola,Chingola,ZM,Africa/Lusaka,CGJ
CGK,Soekarno-Hatta International Airport,Teluknaga,ID,Asia/Jakarta,JKT
CGM,Mambajao,San Vicente,PH,Asia/Manila,CGM
CGN,Cologne Bonn Airport,Wahn-Heide,DE,Europe/Berlin,CGN
CGO,Zhengzhou Xinzheng Airport,,CN,Asia/Shanghai,CGO
CGP,Shah Amanat International Airport,Chittagong,BD,Asia/Dhaka,CGP
CGQ,Changchun Longjia International Airport,Changchun,CN,Asia/Shanghai,CGQ
CGR,Campo Grande International Airport,Campo Grande,BR,America/Campo_Grande,CGR
CGS,College Park,,US,America/New_York,CGS
CGT,Chinguitti,Chinguetti,MR,Africa/Nouakchott,CGT
CGU,Ciudad Guayana,,VE,America/Caracas,CGU
CGV,Caiguna,Esperance,AU,Australia/Eucla,CGV
CGX,Merrill C Meigs,,US,America/Chicago,CHI
CGY,Laguindingan International Airport,Lumbia,PH,Asia/Manila,CGY
CGZ,Municipal,Casa Grande,US,America/Phoenix,CGZ
CHA,Chattanooga Airport,East Ridge,US,America/New_York,CHA
CHB,Chilas,Chilas,PK,Asia/Karachi,CHB
CHC,Christchurch International Airport,Prebbleton,NZ,Pacific/Auckland,CHC
CHF,Jinhae,Changwon,KR,Asia/Seoul,CHF
CHG,Chaoyang Airport,Chaoyang,CN,Asia/Shanghai,CHG
CHH,Chachapoyas,Chachapoyas,PE,America/Lima,CHH
CHI,Chicago FSS,,US,America/Chicago,CHI
CHJ,Chipinge,Chipinge,ZW,Africa/Harare,CHJ
CHK,Municipal,Chickasha,US,America/Chicago,CHK
CHL,Challis,Challis,US,America/Boise,CHL
CHM,Chimbote,Buenos Aires,PE,America/Lima,CHM
CHN,Jeonju,,KR,Asia/Seoul,CHN
CHO,Charlottesville Albemarle Airport,Hollymead,US,America/New_York,CHO
CHP,Circle Hot Springs,,US,America/Anchorage,CHP
CHQ,Chania International Airport,Mouzouras,GR,Europe/Athens,CHQ
CHR,Chateauroux,Chateauroux,FR,Europe/Paris,CHR
CHS,Charleston International Airport,Hanahan,US,America/New_York,CHS
CHT,Karewa,Waitangi,NZ,Pacific/Chatham,CHT
CHU,Chuathbaluk Airport,,US,America/Anchorage,CHU
CHV,Chaves,Chaves,PT,Europe/Lisbon,CHV
CHW,Jiuhuang,,CN,Asia/Shanghai,CHW
CHX,Changuinola,Changuinola,PA,America/Panama,CHX
CHY,Choiseul Bay Airport,,SB,Pacific/Guadalcanal,CHY
CHZ,State,Klamath Falls,US,America/Los_Angeles,CHZ
CIA,Ciampino-G. B. Pastine International Airport,Ciampino,IT,Europe/Rome,ROM
CIB,Ap In The Sky,,US,America/Los_Angeles,AVX
CIC,Chico Municipal Airport,Chico,US,America/Los_Angeles,CIC
CID,The Eastern Iowa Airport,Fairfax,US,America/Chicago,CID
CIE,Collie,Collie,AU,Australia/Perth,CIE
CIF,Chifeng Airport,,CN,Asia/Shanghai,CIF
CIG,Craig-Moffat,Craig,US,America/Denver,CIG
CIH,Changzhi Airport,Daxinzhuang,CN,Asia/Shanghai,CIH
CII,Cildir,Choteau,TR,Europe/Istanbul,CII
CIJ,E. Beltram Airport,Brasileia,BO,America/La_Paz,CIJ
CIK,Chalkyitsik,,US,America/Anchorage,CIK
CIL,Melsing Creek,,US,America/Nome,CIL
CIM,Cimitarra,Puerto Parra,CO,America/Bogota,CIM
CIN,Carroll,Carroll,US,America/Chicago,CIN
CIO,MCAL Lopez,Concepcion,PY,America/Asuncion,CIO
CIP,Chipata,,ZM,Africa/Lusaka,CIP
CIQ,Chiquimula,Chiquimula,GT,America/Guatemala,CIQ
CIR,Cairo,Cairo,US,America/Chicago,CIR
CIS,Canton Island,Atafu Village,KI,Pacific/Enderbury,CIS
CIT,Shymkent Airport,Shymkent,KZ,Asia/Almaty,CIT
CIU,Chippewa County Airport,,US,America/Detroit,SSM
CIV,Chomley,,US,America/Sitka,CIV
CIW,Canouan Island,,VC,America/St_Vincent,CIW
CIX,Cornel Ruiz Airport,Chiclayo,PE,America/Lima,CIX
CIY,Comiso Airport,Comiso,IT,Europe/Rome,CIY
CIZ,Coari,Coari,BR,America/Manaus,CIZ
CJA,Cajamarca Airport,Cajamarca,PE,America/Lima,CJA
CJB,Coimbatore International Airport,Irugur,IN,Asia/Kolkata,CJB
CJC,El Loa Airport,Calama,CL,America/Santiago,CJC
CJD,Candilejas,Cartagena del Chaira,CO,America/Bogota,CJD
CJF,Coondewanna Airport,,AU,Australia/Perth,CJF
CJH,Chilko Lake,Hanceville,CA,America/Vancouver,CJH
CJJ,Cheongju Airport,Cheongju-si,KR,Asia/Seoul,CJJ
CJL,Chitral,Chitral,PK,Asia/Karachi,CJL
CJM,Chumphon Airport,Pathio,TH,Asia/Bangkok,CJM
CJN,Gillespie Field,El Cajon,US,America/Los_Angeles,CJN
CJS,Abraham Gonzalez International Airport,Ciudad Juarez,MX,America/Ojinaga,CJS
CJT,Copalar,La Trinitaria,MX,America/Mexico_City,CJT
CJU,Jeju International Airport,,KR,Asia/Seoul,CJU
CKA,Kegelman Af,Cherokee,US,America/Chicago,CKA
CKB,Benedum Airport,Bridgeport,US,America/New_York,CKB
CKC,Cherkassy,Cherkasy,UA,Europe/Kiev,CKC
CKD,Crooked Creek,,US,America/Anchorage,CKD
CKE,Clear Lake,Clearlake,US,America/Los_Angeles,CKE
CKG,Chongqing Jiangbei International Airport,Shuangfengqiao,CN,Asia/Shanghai,CKG
CKH,Chokurdah Airport,Chokurdakh,RU,Asia/Srednekolymsk,CKH
CKI,Croker Island,,AU,Australia/Darwin,CKI
CKK,Cherokee,Salem,US,America/Chicago,CKK
CKL,Chkalovsky,Bakhchivandzhi,RU,Europe/Moscow,CKL
CKM,Fletcher Field,Clarksdale,US,America/Chicago,CKM
CKN,Municipal,Crookston,US,America/Chicago,CKN
CKO,Cornelio Procopio,Bandeirantes,BR,America/Sao_Paulo,CKO
CKR,Crane Island,,US,America/Los_Angeles,CKR
CKS,Carajas Airport,,BR,America/Belem,CKS
CKT,Sarakhs,Sarakhs,IR,Asia/Tehran,CKT
CKU,City,,US,America/Anchorage,CDV
CKV,Outlaw Field,Oak Grove,US,America/Chicago,CKV
CKW,Christmas Creek Mine,Wilkie,AU,Australia/Perth,CKW
CKX,Chicken,,US,America/Anchorage,CKX
CKY,Conakry Airport,Conakry,GN,Africa/Conakry,CKY
CKZ,Canakkale Airport,Canakkale,TR,Europe/Istanbul,CKZ
CLA,Comilla,Comilla,BD,Asia/Dhaka,CLA
CLC,Metroport,,US,America/Chicago,CLC
CLD,McClellan-Palomar Airport,Lake San Marcos,US,America/Los_Angeles,SAN
CLE,Cleveland Hopkins International Airport,Brook Park,US,America/New_York,CLE
CLG,Coalinga,Coalinga,US,America/Los_Angeles,CLG
CLH,Coolah,Dunedoo,AU,Australia/Sydney,CLH
CLI,Clintonville,Clinton,US,America/Chicago,CLI
CLJ,Avram Iancu Cluj International Airport,Sannicoara,RO,Europe/Bucharest,CLJ
CLK,Municipal,Clinton,US,America/Chicago,CSM
CLL,Easterwood Airport,College Station,US,America/Chicago,CLL
CLM,Fairchild International,Port Angeles,US,America/Los_Angeles,CLM
CLN,Carolina,Carolina,BR,America/Fortaleza,CLN
CLO,Alfonso B. Aragon Airport,Palmira,CO,America/Bogota,CLO
CLP,Clarks Point,,US,America/Anchorage,CLP
CLQ,Colima Airport,Cuauhtemoc,MX,America/Mexico_City,CLQ
CLR,Calipatria,Calipatria,US,America/Los_Angeles,CLR
CLS,Centralia,Chehalis,US,America/Los_Angeles,CLS
CLT,Charlotte Douglas International Airport,,US,America/New_York,CLT
CLU,Columbus Municipal,Columbus,US,America/Indiana/Indianapolis,CLU
CLV,Caldas Novas,Caldas Novas,BR,America/Sao_Paulo,CLV
CLW,Executive,Clearwater,US,America/New_York,CLW
CLX,Clorinda,Asuncion,AR,America/Argentina/Cordoba,CLX
CLY,Sainte Catherine Airport,Calvi,FR,Europe/Paris,CLY
CLZ,Calabozo,Calabozo,VE,America/Caracas,CLZ
CMA,Cunnamulla,,AU,Australia/Brisbane,CMA
CMC,Camocim,Camocim,BR,America/Fortaleza,CMC
CMD,Cootamundra,Cootamundra,AU,Australia/Sydney,CMD
CME,Ciudad Del Carmen Airport,Ciudad del Carmen,MX,America/Merida,CME
CMF,Chambery,Voglans,FR,Europe/Paris,CMF
CMG,Corumba Internacional Airport,,BR,America/Campo_Grande,CMG
CMH,John Glenn Columbus International Airport,Gahanna,US,America/New_York,CMH
CMI,Willard University Airport,Savoy,US,America/Chicago,CMI
CMJ,Chi Mei,,TW,Asia/Taipei,CMJ
CMK,Club Makokola,Monkey Bay,MW,Africa/Blantyre,CMK
CML,Camooweal,,AU,Australia/Brisbane,CML
CMM,Carmelita,,GT,America/Guatemala,CMM
CMN,Mohamed V International Airport,Nouaseur,MA,Africa/Casablanca,CAS
CMO,Obbia,Hobyo,SO,Africa/Mogadishu,CMO
CMP,Campo Alegre,Campo Alegre,BR,America/Belem,CMP
CMQ,Clermont,,AU,Australia/Brisbane,CMQ
CMR,Colmar-houssen,Colmar,FR,Europe/Paris,CMR
CMS,Scusciuban,Iskushuban,SO,Africa/Mogadishu,CMS
CMT,Cameta,Cameta,BR,America/Belem,CMT
CMU,Chimbu,,PG,Pacific/Port_Moresby,CMU
CMV,Coromandel,,NZ,Pacific/Auckland,CMV
CMW,Ign Agramonte International Airport,Camaguey,CU,America/Havana,CMW
CMX,Houghton County Airport,Dollar Bay,US,America/Detroit,CMX
CMY,Fort Mccoy,Sparta,US,America/Chicago,CMY
CMZ,Caia,Nsanje,MZ,Africa/Maputo,CMZ
CNA,Cananea,Cananea,MX,America/Hermosillo,CNA
CNB,Coonamble,Coonamble,AU,Australia/Sydney,CNB
CNC,Coconut Island,,AU,Australia/Brisbane,CNC
CND,Kogalniceanu Airport,Mihail Kogalniceanu,RO,Europe/Bucharest,CND
CNE,Canon City,Canon City,US,America/Denver,CNE
CNF,Tancredo Neves International Airport,Lagoa Santa,BR,America/Sao_Paulo,BHZ
CNG,Parvaud,Chateaubernard,FR,Europe/Paris,CNG
CNH,Municipal,Claremont,US,America/New_York,CNH
CNI,Changhai,Changning,CN,Asia/Shanghai,CNI
CNJ,Cloncurry Airport,,AU,Australia/Brisbane,CNJ
CNK,Blosser Municipal,Concordia,US,America/Chicago,CNK
CNL,Sindal,Sindal,DK,Europe/Copenhagen,CNL
CNM,Cavern City Air Terminal,Carlsbad,US,America/Denver,CNM
CNN,Kannur International Airport,Mattanur,IN,Asia/Kolkata,CNN
CNO,Chino,Chino,US,America/Los_Angeles,CNO
CNP,Neerlerit Inaat Airport,,GL,America/Scoresbysund,CNP
CNQ,Camba Punta Airport,Corrientes,AR,America/Argentina/Cordoba,CNQ
CNR,Chanaral,,CL,America/Santiago,CNR
CNS,Cairns Airport,Cairns,AU,Australia/Brisbane,CNS
CNT,Charata,Charata,AR,America/Argentina/Cordoba,CNT
CNU,Martin Johnson,Chanute,US,America/Chicago,CNU
CNV,Canavieiras,Canavieiras,BR,America/Bahia,CNV
CNW,TSTC Waco Airport,Hillsboro,US,America/Chicago,ACT
CNX,Chiang Mai International Airport,Chiang Mai,TH,Asia/Bangkok,CNX
CNY,Canyonlands Field,Moab,US,America/Denver,CNY
CNZ,Cangamba,Luena,AO,Africa/Luanda,CNZ
COA,Columbia,Columbia,US,America/Los_Angeles,COA
COB,Coolibah,,AU,Australia/Darwin,COB
COC,Concordia,Salto,AR,America/Argentina/Cordoba,COC
COD,Yellowstone Regional Airport,Cody,US,America/Denver,COD
COE,Coeur D'Alene,Coeur d'Alene,US,America/Los_Angeles,COE
COF,Patrick AFB,Rockledge,US,America/New_York,COI
COG,Mandinga,Condoto,CO,America/Bogota,COG
COH,Cooch Behar,Koch Bihar,IN,Asia/Kolkata,COH
COI,Merritt Island,Cocoa Beach,US,America/New_York,COI
COJ,Coonabarabran,Coonabarabran,AU,Australia/Sydney,COJ
COK,Cochin International Airport,Angamali,IN,Asia/Kolkata,COK
COL,Isle Of Coll,,GB,Europe/London,COL
COM,Coleman,Coleman,US,America/Chicago,COM
CON,Concord,Concord,US,America/New_York,CON
COO,Cotonou Airport,Cotonou,BJ,Africa/Porto-Novo,COO
COP,Cooperstown - Westville Airport,Cooperstown,US,America/New_York,COP
COQ,Choibalsan,,MN,Asia/Choibalsan,COQ
COR,Ingeniero Aeronautico Ambrosio L.V. Taravella International Airport,Villa Allende,AR,America/Argentina/Cordoba,COR
COS,Colorado Springs Airport,Security-Widefield,US,America/Denver,COS
COT,Cotulla,Cotulla,US,America/Chicago,COT
COU,Columbia Regional Airport,Ashland,US,America/Chicago,COU
COV,Covilha,Covilha,PT,Europe/Lisbon,COV
COW,Coquimbo,Los Andes,CL,America/Santiago,COW
COX,Congo Town,,BS,America/Nassau,COX
COY,Coolawanyah,,AU,Australia/Perth,COY
COZ,Constanza,Constanza,DO,America/Santo_Domingo,COZ
CPA,A. Tubman,Harper City,LR,Africa/Monrovia,CPA
CPB,Capurgana,,CO,America/Bogota,CPB
CPC,Chapelco Airport,Junin de los Andes,AR,America/Argentina/Salta,CPC
CPD,Coober Pedy Airport,,AU,Australia/Adelaide,CPD
CPE,Campeche International Airport,Campeche,MX,America/Merida,CPE
CPF,Cepu,Cepu,ID,Asia/Jakarta,CPF
CPG,Carmen De Patagones,,AR,America/Argentina/Buenos_Aires,CPG
CPH,Copenhagen Airport,Dragor,DK,Europe/Copenhagen,CPH
CPI,Cape Orford,,PG,Pacific/Port_Moresby,CPI
CPL,Chaparral,Chaparral,CO,America/Bogota,CPL
CPM,Compton,West Rancho Dominguez,US,America/Los_Angeles,CPM
CPN,Cape Rodney,,PG,Pacific/Port_Moresby,CPN
CPO,Chamonate Airport,Copiapo,CL,America/Santiago,CPO
CPP,Coposa Airport,,CL,America/Santiago,CPP
CPQ,International,Campinas,BR,America/Sao_Paulo,CPQ
CPR,Casper/Natrona County International Airport,Mills,US,America/Denver,CPR
CPS,St. Louis Downtown Airport,Cahokia,US,America/Chicago,STL
CPT,Cape Town International Airport,Lansdowne,ZA,Africa/Johannesburg,CPT
CPU,Cururupu,Cururupu,BR,America/Fortaleza,CPU
CPV,Joao Suassuna Airport,Campina Grande,BR,America/Fortaleza,CPV
CPX,Benjamin Rivera Noriega Airport,Culebra,PR,America/Puerto_Rico,CPX
CQA,Canarana Airport,,BR,America/Cuiaba,CQA
CQD,Shahre-kord,Shahrekord,IR,Asia/Tehran,CQD
CQF,Calais,Marck,FR,Europe/Paris,CQF
CQM,Ciudad Real Central,,ES,Europe/Madrid,CQM
CQP,Cape Flattery,Magnetic Island,AU,Australia/Brisbane,CQP
CQS,Costa Marques,,BR,America/Porto_Velho,CQS
CQT,Caquetania,,CO,America/Bogota,CQT
CQW,CHERAW MUNI/LYNCH BELLINGER FLD AIRPORT,,US,America/New_York,CQW
CRA,Craiova Airport,Carcea,RO,Europe/Bucharest,CRA
CRB,Collarenebri,,AU,Australia/Sydney,CRB
CRC,Cartago,Cartago,CO,America/Bogota,CRC
CRD,General E. Mosconi International Airport,Comodoro Rivadavia,AR,America/Argentina/Catamarca,CRD
CRE,Grand Strand Airport,North Myrtle Beach,US,America/New_York,MYR
CRF,Carnot,Carnot,CF,Africa/Bangui,CRF
CRG,Craig Municipal,,US,America/New_York,JAX
CRH,Cherribah,,AU,Australia/Brisbane,CRH
CRI,Crooked Island Airport,,BS,America/Nassau,CRI
CRJ,Coorabie,,AU,Australia/Adelaide,CRJ
CRK,Diosdado Macapagal International (Clark International),Santol,PH,Asia/Manila,CRK
CRL,Charleroi Brussels South Airport,Charleroi,BE,Europe/Brussels,BRU
CRM,National Airport,Bobon,PH,Asia/Manila,CRM
CRO,Corcoran,Corcoran,US,America/Los_Angeles,CRO
CRP,Corpus Christi International Airport,,US,America/Chicago,CRP
CRQ,Caravelas,Nova Vicosa,BR,America/Bahia,CRQ
CRR,Ceres,Hersilia,AR,America/Argentina/Cordoba,CRR
CRS,Corsicana,Corsicana,US,America/Chicago,CRS
CRT,Municipal,Crossett,US,America/Chicago,CRT
CRU,Carriacou Island,,GD,America/Grenada,CRU
CRV,Crotone,Isola di Capo Rizzuto,IT,Europe/Rome,CRV
CRW,Yeager Airport,Charleston,US,America/New_York,CRW
CRX,Roscoe Turner,Corinth,US,America/Chicago,CRX
CRY,Carlton Hill,,AU,Australia/Perth,CRY
CRZ,Turkmenabad,Turkmenabat,TM,Asia/Ashgabat,CRZ
CSA,Isle Of Colonsay,,GB,Europe/London,CSA
CSB,Caransebes,Caransebes,RO,Europe/Bucharest,CSB
CSC,Canas,,CR,America/Costa_Rica,CSC
CSD,Cresswell Downs,,AU,Australia/Darwin,CSD
CSE,Crested Butte,Crested Butte,US,America/Denver,CSE
CSF,Creil,Creil,FR,Europe/Paris,CSF
CSG,Columbus Airport,,US,America/New_York,CSG
CSH,Solovky,Rabocheostrovsk,RU,Europe/Moscow,CSH
CSI,Casino,Casino,AU,Australia/Sydney,CSI
CSJ,Cape St Jacques,Phu Quy,VN,Asia/Ho_Chi_Minh,CSJ
CSK,Cap Skirring,Oussouye,SN,Africa/Dakar,CSK
CSL,O Sullivan Army Air Field,,US,America/Los_Angeles,CSL
CSM,Sherman,Meeker,US,America/Chicago,CSM
CSN,Carson City,Carson City,US,America/Los_Angeles,CSN
CSO,Cochstedt,Cochstedt,DE,Europe/Berlin,CSO
CSP,Cape Spencer C G Heliport,,US,America/Juneau,CSP
CSQ,Municipal,Creston,US,America/Chicago,CSQ
CSR,Casuarito,,CO,America/Bogota,CSR
CSS,Cassilandia,Cassilandia,BR,America/Campo_Grande,CSS
CST,Castaway,Lautoka,FJ,Pacific/Fiji,CST
CSU,Santa Cruz Do Sul,Santa Cruz do Sul,BR,America/Sao_Paulo,CSU
CSV,Memorial,Crossville,US,America/Chicago,CSV
CSW,Colorado do Oeste,,BR,America/Porto_Velho,CSW
CSX,Changsha Huanghua Airport,,CN,Asia/Shanghai,CSX
CSY,Cheboksary Airport,Cheboksary,RU,Europe/Moscow,CSY
CSZ,Brigadier Hector Ruiz,Coronel Suarez,AR,America/Argentina/Buenos_Aires,CSZ
CTA,Catania-Fontanarossa Airport,Catania,IT,Europe/Rome,CTA
CTB,Cut Bank,Cut Bank,US,America/Denver,CTB
CTC,Catamarca Airport,San Fernando del Valle de Catamarca,AR,America/Argentina/Catamarca,CTC
CTD,Chitre,Chitre,PA,America/Panama,CTD
CTE,Carti,,PA,America/Panama,CTE
CTF,Coatepeque Airport,Nuevo Progreso,GT,America/Guatemala,CTF
CTG,Rafael Nunez International Airport,Cartagena,CO,America/Bogota,CTG
CTH,Chestercounty Carlson,Coatesville,US,America/New_York,CTH
CTI,Cuito Cuanavale,,AO,Africa/Luanda,CTI
CTK,Canton,Canton,US,America/Chicago,CTK
CTL,Charleville Airport,,AU,Australia/Brisbane,CTL
CTM,Chetumal Airport,Chetumal,MX,America/Cancun,CTM
CTN,Cooktown Airport,,AU,Australia/Brisbane,CTN
CTO,Peconic River,Bealeton,US,America/New_York,CTO
CTP,Carutapera,Carutapera,BR,America/Fortaleza,CTP
CTQ,Do Palmar,Santa Vitoria,BR,America/Sao_Paulo,CTQ
CTR,Cattle Creek,,AU,Australia/Darwin,CTR
CTS,New Chitose Airport,Chitose,JP,Asia/Tokyo,SPK
CTT,Le Castellet,Le Castellet,FR,Europe/Paris,CTT
CTU,Chengdu Shuangliu International Airport,Dongsheng,CN,Asia/Shanghai,CTU
CTV,Catoca Airport,Saurimo,AO,Africa/Luanda,CTV
CTW,Cottonwood,Cottonwood,US,America/Phoenix,CTW
CTX,Cortland,Cortland,US,America/New_York,CTX
CTY,Cross City,Cross City,US,America/New_York,CTY
CTZ,Sampson County,Clinton,US,America/New_York,CTZ
CUA,Ciudad Constitución Airport,,MX,America/Mazatlan,CUA
CUB,Owens Field,,US,America/New_York,CAE
CUC,Camilo Daza International Airport,Cucuta,CO,America/Bogota,CUC
CUD,Caloundra,Dicky Beach,AU,Australia/Brisbane,CUD
CUE,Mariscal Lamar International Airport,Cuenca,EC,America/Guayaquil,CUE
CUF,Levaldigi Airport,Centallo,IT,Europe/Rome,CUF
CUG,Cudal,,AU,Australia/Sydney,CUG
CUH,Municipal,Cushing,US,America/Chicago,CUH
CUI,Currillo,Mani,CO,America/Bogota,CUI
CUJ,Culion,Bulalacao,PH,Asia/Manila,CUJ
CUK,Caye Caulker,,BZ,America/Belize,CUK
CUL,Culiacan International Airport,El Diez,MX,America/Mazatlan,CUL
CUM,Cumana,Cumana,VE,America/Caracas,CUM
CUN,Cancun International Airport,Alfredo V. Bonfil,MX,America/Cancun,CUN
CUO,Caruru,,CO,America/Bogota,CUO
CUP,Carupano,Carupano,VE,America/Caracas,CUP
CUQ,Coen,,AU,Australia/Brisbane,CUQ
CUR,Curacao International Airport,Sint Michiel Liber,CW,America/Curacao,CUR
CUS,Municipal,Columbus,US,America/Denver,CUS
CUT,Cutral,Plaza Huincul,AR,America/Argentina/Salta,CUT
CUU,Gen Fierro Villalobos Airport,Ninguno [CERESO],MX,America/Chihuahua,CUU
CUV,Casigua,Dabajuro,VE,America/Caracas,CUV
CUW,Cube Cove,,US,America/Juneau,CUW
CUX,Cuddihy Field,,US,America/Chicago,CRP
CUY,Cue,,AU,Australia/Perth,CUY
CUZ,Alejandro Velasco Astete International Airport,Cusco,PE,America/Lima,CUZ
CVA,Civic Ar Heli,,US,America/New_York,PIT
CVB,Chungribu,,PG,Pacific/Port_Moresby,CVB
CVC,Cleve,Cleve,AU,Australia/Adelaide,CVC
CVE,Covenas,San Antero,CO,America/Bogota,CVE
CVF,Courchevel,Courchevel,FR,Europe/Paris,CVF
CVG,Cincinnati/Northern Kentucky Airport,Hebron,US,America/New_York,CVG
CVH,Caviahue,,AR,America/Argentina/Salta,CVH
CVI,Caleta Olivia,Caleta Olivia,AR,America/Argentina/Rio_Gallegos,CVI
CVJ,General Mariano Matamoros Airport,Cuernavaca,MX,America/Mexico_City,CVJ
CVL,Cape Vogel,,PG,Pacific/Port_Moresby,CVL
CVM,Ciudad Victoria Airport,Ciudad Victoria,MX,America/Monterrey,CVM
CVN,Clovis Municipal Airport,Texico,US,America/Denver,CVN
CVO,Albany,Albany,US,America/Los_Angeles,CVO
CVQ,Carnarvon Airport,,AU,Australia/Perth,CVQ
CVR,Hughes,Marina del Rey,US,America/Los_Angeles,CVR
CVS,Cannon AFB,Cannon Air Force Base,US,America/Denver,CVN
CVT,Coventry Airport,Ryton on Dunsmore,GB,Europe/London,CVT
CVU,Corvo Island (Azores) Airport,,PT,Atlantic/Azores,CVU
CWA,Central Wisconsin Airport,Mosinee,US,America/Chicago,AUW
CWB,Afonso Pena International Airport,Sao Jose dos Pinhais,BR,America/Sao_Paulo,CWB
CWC,Chernivtsi International Airport,Chernivtsi,UA,Europe/Kiev,CWC
CWF,Chennault International.,Moss Bluff,US,America/Chicago,LCH
CWG,Callaway Gardens,,US,America/New_York,CWG
CWI,Clinton,Camanche,US,America/Chicago,CWI
CWJ,Cangyuan Washan Airport,Mengdong,CN,Asia/Chongqing,CWJ
CWL,Cardiff Airport,Rhoose,GB,Europe/London,CWL
CWO,Ft Wolter AAF,,US,America/Chicago,MWL
CWP,Campbellpore,Sanjwal,PK,Asia/Karachi,CWP
CWR,Cowarie,,AU,Australia/Adelaide,CWR
CWS,Center Island,,US,America/Los_Angeles,CWS
CWT,Cowra,Cowra,AU,Australia/Sydney,CWT
CWW,Corowa,Corowa,AU,Australia/Sydney,CWW
CWX,Cochise County Airport,Willcox,US,America/Phoenix,CWX
CXA,Caicara Del Orinoco,Maripa,VE,America/Caracas,CXA
CXB,Coxs Bazar Airport,Cox's Bazar,BD,Asia/Dhaka,CXB
CXC,Chitina Airport,,US,America/Anchorage,CXC
CXF,Coldfoot,,US,America/Anchorage,CXF
CXH,Coal Harbour Sea Plane Base,,CA,America/Vancouver,YVR
CXI,Christmas Island Airport,London Village,KI,Pacific/Kiritimati,CXI
CXJ,Hugo Cantergiani Regional Airport,Caxias do Sul,BR,America/Sao_Paulo,CXJ
CXL,International,Calexico,US,America/Los_Angeles,CXL
CXN,Candala,Qandala,SO,Africa/Mogadishu,CXN
CXO,Montgomery Co,Conroe,US,America/Chicago,CXO
CXP,Tunggul Wulung,Karangbadar Kidul,ID,Asia/Jakarta,CXP
CXQ,Christmas Creek,,AU,Australia/Perth,CXQ
CXR,Cam Ranh International Airport,Cam Lam,VN,Asia/Ho_Chi_Minh,NHA
CXT,Charters Towers,,AU,Australia/Brisbane,CXT
CXY,Cat Cays,,BS,America/Nassau,CXY
CYA,Les Cayes,Les Cayes,HT,America/Port-au-Prince,CYA
CYB,Charles Kirkconnel International Airport,,KY,America/Cayman,CYB
CYC,Caye Chapel,Shipyard,BZ,America/Belize,CYC
CYD,San Ignacio Town Airstrip,Benque Viejo del Carmen,BZ,America/Belize,CYD
CYE,Crystal Lake,Georgetown,US,America/New_York,CYE
CYF,Chefornak Sea Plane Base,,US,America/Nome,CYF
CYG,Corryong,,AU,Australia/Melbourne,CYG
CYI,Chiayi Airport,Taibao,TW,Asia/Taipei,CYI
CYL,Coyoles,Manto,HN,America/Tegucigalpa,CYL
CYM,Chatham SPB,,US,America/Sitka,CYM
CYO,Cayo Largo Del Sur Airport,Jaguey Grande,CU,America/Havana,CYO
CYP,Calbayog Airport,Sabang,PH,Asia/Manila,CYP
CYR,Laguna De Los Patos,Tarariras,UY,America/Montevideo,CYR
CYS,Cheyenne,,US,America/Denver,CYS
CYT,Intermediate,,US,America/Anchorage,CYT
CYU,Cuyo,Cuyo,PH,Asia/Manila,CYU
CYW,Celaya,Colonia Fraccionamiento el Puente,MX,America/Mexico_City,CYW
CYX,Cherskiy Airport,Cherskiy,RU,Asia/Srednekolymsk,CYX
CYZ,Cauayan Airport,Cauayan,PH,Asia/Manila,CYZ
CZA,Chichen Itza,Chichen-Itza,MX,America/Merida,CZA
CZB,Carlos Ruhl,Cruz Alta,BR,America/Sao_Paulo,CZB
CZC,Copper Centre,,US,America/Anchorage,CZC
CZE,Coro,Coro,VE,America/Caracas,CZE
CZF,Cape Romanzof,,US,America/Nome,CZF
CZH,Corozal,,BZ,America/Belize,CZH
CZJ,Corazon De Jesus,Palenque,PA,America/Panama,CZJ
CZK,Cascade Locks/Stevens,Cascade Locks,US,America/Los_Angeles,CZK
CZL,Ain El Bey Airport,Constantine,DZ,Africa/Algiers,CZL
CZM,Cozumel Airport,San Miguel de Cozumel,MX,America/Cancun,CZM
CZN,Chisana Field,,US,America/Anchorage,CZN
CZO,Chistochina,,US,America/Anchorage,CZO
CZP,Cape Pole,,US,America/Sitka,CZP
CZS,Campo Internacional Airport,Cruzeiro do Sul,BR,America/Rio_Branco,CZS
CZT,Carrizo Springs,Carrizo Springs,US,America/Chicago,CZT
CZU,Corozal Airport,Morroa,CO,America/Bogota,CZU
CZW,Czestochowa,Czestochowa,PL,Europe/Warsaw,CZW
CZX,Changzhou Airport,Luoxi,CN,Asia/Shanghai,CZX
CZY,Cluny,,AU,Australia/Brisbane,CZY
CZZ,Campo,Springfield,US,America/Los_Angeles,CZZ
DAA,Davison AAF,Appomattox,US,America/New_York,DAA
DAB,Daytona Beach International Airport,Daytona Beach,US,America/New_York,DAB
DAC,Hazrat Shahjalal International Airport,Tungi,BD,Asia/Dhaka,DAC
DAD,Da Nang International Airport,Thanh Khe,VN,Asia/Ho_Chi_Minh,DAD
DAF,Daup,,PG,Pacific/Port_Moresby,DAF
DAG,Barstow-Daggett,Crestline,US,America/Los_Angeles,DAG
DAH,Dathina,Mudiyah,YE,Asia/Aden,DAH
DAJ,Dauan Island,,AU,Australia/Brisbane,DAJ
DAK,Dakhla,,EG,Africa/Cairo,DAK
DAL,Dallas Love Field,University Park,US,America/Chicago,DFW
DAM,Damascus International Airport,Harran al `Awamid,SY,Asia/Damascus,DAM
DAN,Municipal,Danville,US,America/New_York,DAN
DAO,Dabo,,PG,Pacific/Port_Moresby,DAO
DAP,Darchula,Darchula,NP,Asia/Kathmandu,DAP
DAR,Julius Nyerere International Airport,Dar es Salaam,TZ,Africa/Dar_es_Salaam,DAR
DAS,Great Bear Lake,,CA,America/Yellowknife,DAS
DAT,Datong Airport,Beijiazao,CN,Asia/Shanghai,DAT
DAU,Daru Airport,,PG,Pacific/Port_Moresby,DAU
DAV,Enrique Malek Airport,Pedregal,PA,America/Panama,DAV
DAX,Dazhou Heshi Airport,Xiwai,CN,Asia/Shanghai,DAX
DAY,James M. Cox Dayton International Airport,Vandalia,US,America/New_York,DAY
DAZ,Darwaz,Nusay,AF,Asia/Kabul,DAZ
DBA,Dalbandin,Dalbandin,PK,Asia/Karachi,DBA
DBB,Alalamain International,Al `Alamayn,EG,Africa/Cairo,DBB
DBC,Baicheng Chang'an,Deshun,CN,Asia/Harbin,DBC
DBD,Dhanbad,Dhanbad,IN,Asia/Kolkata,DBD
DBK,Dutch Bay SPB Seaplane Base,Puttalam,LK,Asia/Colombo,DBK
DBM,Debra Marcos,Debre Mark'os,ET,Africa/Addis_Ababa,DBM
DBN,Municipal,Dublin,US,America/New_York,DBN
DBO,Dubbo City Regional Airport,Dubbo,AU,Australia/Sydney,DBO
DBP,Debepare,,PG,Pacific/Port_Moresby,DBP
DBQ,Dubuque Municipal Airport,Dubuque,US,America/Chicago,DBQ
DBR,Darbhanga Airport,Darbhanga,IN,Asia/Kolkata,DBR
DBS,Dubois,Dubois,US,America/Boise,DBS
DBT,Debra Tabor,,ET,Africa/Addis_Ababa,DBT
DBU,Dambulu Oya Tank,Dambulla,LK,Asia/Colombo,DBU
DBV,Dubrovnik Airport,Jasenice,HR,Europe/Zagreb,DBV
DBY,Dalby,Dalby,AU,Australia/Brisbane,DBY
DCA,Ronald Reagan National Airport,,US,America/New_York,WAS
DCF,Canefield Airport,,DM,America/Dominica,DOM
DCG,Dubai Creek SPB,,AE,Asia/Dubai,DXB
DCI,Rafsu Decimomannu,Villasor,IT,Europe/Rome,DCI
DCK,Dahl Creek Airport,,US,America/Anchorage,DCK
DCM,Mazamet Airport,Lagarrigue,FR,Europe/Paris,DCM
DCN,RAAF Curtin,,AU,Australia/Perth,DRB
DCP,Cabin Plant Heliport,Fort Nelson,CA,America/Vancouver,DCP
DCR,Decatur Hi-Way,Decatur,US,America/Indiana/Indianapolis,DCR
DCT,Duncan Town,Duncan Town,BS,America/Nassau,DCT
DCU,Pyor,Decatur,US,America/Chicago,DCU
DCY,Daocheng Yading Airport,Sangpi,CN,Asia/Shanghai,DCY
DDC,Dodge City Municipal Airport,Dodge City,US,America/Chicago,DDC
DDD,Dhaalu Airport,Kudahuvadhoo,MV,Indian/Maldives,DDD
DDG,Langtou Airport,,CN,Asia/Shanghai,DDG
DDI,Daydream Island,,AU,Australia/Brisbane,DDI
DDM,Dodoima,,PG,Pacific/Port_Moresby,DDM
DDN,Delta Downs,,AU,Australia/Brisbane,DDN
DDP,Dorado Beach,Levittown,PR,America/Puerto_Rico,DDP
DDR,Shigatse Tingri Airport,Xigaze,CN,Asia/Shanghai,DDR
DDU,Dadu,Dadu,PK,Asia/Karachi,DDU
DEA,Dera Ghazi Khan Airport,,PK,Asia/Karachi,DEA
DEB,Debrecen Airport,Debrecen,HU,Europe/Budapest,DEB
DEC,Decatur Airport,Long Creek,US,America/Chicago,DEC
DED,Dehra Dun Airport,Dehradun,IN,Asia/Kolkata,DED
DEE,Mendeleyevo Airport,Yuzhno-Kurilsk,RU,Asia/Sakhalin,DEE
DEF,Dezful Airport,Andimeshk,IR,Asia/Tehran,DEF
DEH,Municipal,Decorah,US,America/Chicago,DEH
DEI,Denis Island,,SC,Indian/Mahe,DEI
DEL,Indira Gandhi International Airport,Gurgaon,IN,Asia/Kolkata,DEL
DEM,Dembidollo,Dembi Dolo,ET,Africa/Addis_Ababa,DEM
DEN,Denver International Airport,Lochbuie,US,America/Denver,DEN
DEO,Hyatt Regency Heliport,Melvindale,US,America/Detroit,DEO
DEP,Deparizo,,IN,Asia/Kolkata,DEP
DEQ,Deqing Moganshan Airport,Leidian,CN,Asia/Shanghai,DEQ
DER,Derim,,PG,Pacific/Port_Moresby,DER
DES,Desroches,Port Glaud,SC,Indian/Mahe,DES
DET,Detroit City,Hamtramck,US,America/Detroit,DTT
DEX,Nop Goliat Airport,,ID,Asia/Jakarta,DEX
DEZ,Al Jafrah,Deir ez-Zor,SY,Asia/Damascus,DEZ
DFA,Danfeng Airport,Yaoshi,CN,Asia/Shanghai,DFA
DFI,Memorial,Defiance,US,America/New_York,DFI
DFP,Drumduff,,AU,Australia/Brisbane,DFP
DFW,Dallas/Fort Worth International Airport,Grapevine,US,America/Chicago,DFW
DGA,Dangriga,,BZ,America/Belize,DGA
DGB,Danger Bay,,US,America/Anchorage,DGB
DGC,Degahbur,Baligubadle,ET,Africa/Addis_Ababa,DGC
DGD,Dalgaranga,,AU,Australia/Perth,DGD
DGE,Mudgee,Mudgee,AU,Australia/Sydney,DGE
DGF,Douglas Lake,,CA,America/Vancouver,DGF
DGG,Daugo,,PG,Pacific/Port_Moresby,DGG
DGH,Deoghar International Airport,Deoghar,IN,Asia/Kolkata,DGH
DGK,Dugong,,MZ,Africa/Maputo,DGK
DGL,Douglas Municipal,,US,America/Phoenix,DUG
DGM,Dongguan,Nancheng,LK,Asia/Colombo,DGM
DGN,NAF,Wayne City,US,America/New_York,DGN
DGO,Guadalupe Victoria Airport,Jose Refugio Salcido,MX,America/Monterrey,DGO
DGP,Daugavpils,Daugavpils,LV,Europe/Riga,DGP
DGR,Dargaville,,NZ,Pacific/Auckland,DGR
DGT,Dumaguete Airport,Dumaguete,PH,Asia/Manila,DGT
DGU,Dedougou,Dedougou,BF,Africa/Ouagadougou,DGU
DGW,Converse County,Douglas,US,America/Denver,DGW
DHA,King Abdulaziz AB,Dammam,SA,Asia/Riyadh,DHA
DHB,Deer Harbor,,US,America/Los_Angeles,DHB
DHD,Durham Downs,,AU,Australia/Brisbane,DHD
DHF,Al Dhafra Military Airport,,AE,Asia/Dubai,AUH
DHG,Dalnegorks,Dal'negorsk,RU,Asia/Vladivostok,DHG
DHI,Dhangarhi,Dhangarhi,NP,Asia/Kathmandu,DHI
DHL,Dhala,Dhalie,YE,Asia/Aden,DHL
DHM,Gaggal Airport,Dharmsala,IN,Asia/Kolkata,DHM
DHN,Dothan Regional Airport,Midland City,US,America/Chicago,DHN
DHO,Horn River,,CA,America/Vancouver,DHO
DHR,De Kooy/Den Helder Airport,Den Helder,NL,Europe/Amsterdam,DHR
DHT,Dalhart,Dalhart,US,America/Chicago,DHT
DIA,Doha International Airport,Doha,QA,Asia/Qatar,DIA
DIB,Dibrugarh Airport,Dibrugarh,IN,Asia/Kolkata,DIB
DIE,Antsiranana/Arrachart,Antsiranana,MG,Indian/Antananarivo,DIE
DIG,Diqing Shangri-La Airport,Shangri-La,CN,Asia/Shanghai,DIG
DIJ,Dijon,Ouges,FR,Europe/Paris,DIJ
DIK,Dickinson Regional Airport,Dickinson,US,America/Boise,DIK
DIL,Comoro Airport,Dili,TL,Asia/Dili,DIL
DIM,Dimbokro,Dimbokro,CI,Africa/Abidjan,DIM
DIN,Dien Bien Airport,Dien Bien Phu,VN,Asia/Ho_Chi_Minh,DIN
DIO,Diomede Island,,US,America/Nome,DIO
DIP,Diapaga,,BF,Africa/Ouagadougou,DIP
DIQ,Divinopolis,Divinopolis,BR,America/Sao_Paulo,DIQ
DIR,Aba Tenna D Yilma Airport,Dire Dawa,ET,Africa/Addis_Ababa,DIR
DIS,Loubomo,Dolisie,CG,Africa/Brazzaville,DIS
DIU,Diu Airport,Diu,IN,Asia/Kolkata,DIU
DIV,Divo,Divo,CI,Africa/Abidjan,DIV
DIW,Mawella Lagoon Airport,,LK,Asia/Colombo,DIW
DIY,Diyarbakir Airport,Baglar,TR,Europe/Istanbul,DIY
DJA,Djougou,Djougou,BJ,Africa/Porto-Novo,DJA
DJB,Sultan Thaha Airport,Jambi City,ID,Asia/Jakarta,DJB
DJE,Melita Airport,Houmt Souk,TN,Africa/Tunis,DJE
DJG,Inedbirenne Airport,,DZ,Africa/Algiers,DJG
DJH,Jebel Ali Seaplane Base,Jebel Ali,AE,Asia/Dubai,DJH
DJJ,Sentani Airport,Sentani,ID,Asia/Jayapura,DJJ
DJM,Djambala,,CG,Africa/Brazzaville,DJM
DJN,Delta Junction,,US,America/Anchorage,DJN
DJO,Daloa,Daloa,CI,Africa/Abidjan,DJO
DJU,Djupivogur,Reydarfjoerdur,IS,Atlantic/Reykjavik,DJU
DKA,Katsina,Katsina,NG,Africa/Lagos,DKA
DKI,Dunk Island,,AU,Australia/Brisbane,DKI
DKK,Dunkirk,Dunkirk,US,America/New_York,DKK
DKL,Kiwigana Lodge Heliport,,CA,America/Vancouver,DKL
DKR,Leopold Sedar Senghor International Airport,Mermoz Boabab,SN,Africa/Dakar,DKR
DKS,Dikson,Dikson,RU,Asia/Krasnoyarsk,DKS
DKV,Docker River,,AU,Australia/Darwin,DKV
DLA,Douala Airport,Douala,CM,Africa/Douala,DLA
DLB,Dalbertis,Olaine,PG,Pacific/Port_Moresby,DLB
DLC,Dalian Zhoushuizi International Airport,Dalian,CN,Asia/Shanghai,DLC
DLE,Dole-Jura Airport,Choisey,FR,Europe/Paris,DLE
DLF,Laughlin AFB,Del Rio,US,America/Chicago,DRT
DLG,Dillingham Airport,,US,America/Anchorage,DLG
DLH,Duluth International Airport,Hermantown,US,America/Chicago,DLH
DLI,Lien Khuong Airport,Duc Trong,VN,Asia/Ho_Chi_Minh,DLI
DLK,Dulkaninna,,AU,Australia/Adelaide,DLK
DLL,Dillon,Dillon,US,America/New_York,DLL
DLM,Dalaman Airport,Dalaman,TR,Europe/Istanbul,DLM
DLN,Dillon,Dillon,US,America/Denver,DLN
DLO,Dolomi,,US,America/Sitka,DLO
DLR,Dalnerechensk Airport,Dal'nerechensk,RU,Asia/Vladivostok,DLR
DLS,Columbia Gorge Regional/The Dalles Municipal Airport,The Dalles,US,America/Los_Angeles,DLS
DLU,Dali Airport,Dali,CN,Asia/Shanghai,DLU
DLV,Delissaville,Larrakeyah,AU,Australia/Darwin,DLV
DLY,Dillons Bay,,VU,Pacific/Efate,DLY
DLZ,Dalanzadgad,Ogoomor,MN,Asia/Ulaanbaatar,DLZ
DMA,Davis Monthan AFB,Tucson,US,America/Phoenix,TUS
DMB,Jambyl Airport,Taraz,KZ,Asia/Almaty,DMB
DMD,Doomadgee Airport,,AU,Australia/Brisbane,DMD
DME,Moscow Domodedovo Airport,Yakovlevskoye,RU,Europe/Moscow,MOW
DMK,Don Mueang International Airport,Don Mueang,TH,Asia/Bangkok,BKK
DMM,King Fahd International Airport,Al Awjam,SA,Asia/Riyadh,DMM
DMN,Deming,Deming,US,America/Denver,DMN
DMO,Sedalia,Sedalia,US,America/Chicago,DMO
DMR,Dhamar,Dhamar,YE,Asia/Aden,DMR
DMT,Diamantino,,BR,America/Cuiaba,DMT
DMU,Dimapur Airport,Dimapur,IN,Asia/Kolkata,DMU
DNA,Kadena AB,Okinawa,JP,Asia/Tokyo,OKA
DNB,Dunbar,,AU,Australia/Brisbane,DNB
DND,Dundee Airport,,GB,Europe/London,DND
DNE,Dallas North Airport,Westworth,US,America/Chicago,DFW
DNF,Martuba,Darnah,LY,Africa/Tripoli,DNF
DNG,Doongan,,AU,Australia/Perth,DNG
DNH,Dunhuang Airport,,CN,Asia/Shanghai,DNH
DNI,Wad Medani,Wad Medani,SD,Africa/Khartoum,DNI
DNK,Dnepropetrovsk International Airport,Aviatorskoe,UA,Europe/Kiev,DNK
DNL,Daniel Field,Augusta,US,America/New_York,AGS
DNM,Denham,,AU,Australia/Perth,DNM
DNN,Municipal,,US,America/New_York,DNN
DNO,Dianopolis,Taguatinga,BR,America/Araguaina,DNO
DNP,Dang,,NP,Asia/Kathmandu,DNP
DNQ,Deniliquin,Deniliquin,AU,Australia/Sydney,DNQ
DNR,Pleurtuit Airport,Pleurtuit,FR,Europe/Paris,DNR
DNS,Municipal,Denison,US,America/Chicago,DNS
DNT,Downtown Heliport,Santa Ana,US,America/Los_Angeles,SNA
DNU,Dinangat,,PG,Pacific/Port_Moresby,DNU
DNV,Vermilion County,Danville,US,America/Chicago,DNV
DNX,Galegu,Kinana,SD,Africa/Khartoum,DNX
DNZ,Cardak Airport,Cardak,TR,Europe/Istanbul,DNZ
DOA,Doany,,MG,Indian/Antananarivo,DOA
DOB,Dobo Airport,,ID,Asia/Jayapura,DOB
DOC,Dornoch,Dornoch,GB,Europe/London,DOC
DOD,Dodoma Airport,Dodoma,TZ,Africa/Dar_es_Salaam,DOD
DOE,Djoemoe,,SR,America/Paramaribo,DOE
DOF,Dora Bay,,US,America/Sitka,DOF
DOG,Dongola,Dongola,SD,Africa/Khartoum,DOG
DOH,Hamad International Airport,Doha,QA,Asia/Qatar,DOH
DOI,Doini,,PG,Pacific/Port_Moresby,DOI
DOK,Donetsk International Airport,Avdiyivka,UA,Europe/Kiev,DOK
DOL,Saint Gatien Airport,Saint-Gatien-des-Bois,FR,Europe/Paris,DOL
DOM,Melville Hall Airport,,DM,America/Dominica,DOM
DON,Dos Lagunas,,GT,America/Guatemala,DON
DOO,Dorobisoro,,PG,Pacific/Port_Moresby,DOO
DOP,Dolpa,,NP,Asia/Kathmandu,DOP
DOR,Dori,Dori,BF,Africa/Ouagadougou,DOR
DOS,Dios,,PG,Pacific/Port_Moresby,DOS
DOU,Dourados Airport,Dourados,BR,America/Campo_Grande,DOU
DOV,Dover AFB,Dover Base Housing,US,America/New_York,DOV
DOX,Dongara,,AU,Australia/Perth,DOX
DOY,Dongying Airport,Shengli,CN,Asia/Shanghai,DOY
DPA,DuPage Airport,Wayne,US,America/Chicago,CHI
DPB,Pampa Guanaco Airport,,CL,America/Santiago,DPB
DPE,Dieppe,Saint-Martin-en-Campagne,FR,Europe/Paris,DPE
DPG,Michael AAF,Grantsville,US,America/Denver,DPG
DPK,Deer Park,Old Greenwich,US,America/New_York,DPK
DPL,Dipolog Airport,Dipolog,PH,Asia/Manila,DPL
DPO,Devonport Airport,,AU,Australia/Hobart,DPO
DPS,Ngurah Rai International Airport,Kelanabian,ID,Asia/Makassar,DPS
DPT,Deputatsky,Deputatsky,RU,Asia/Yakutsk,DPT
DPU,Dumpu,,PG,Pacific/Port_Moresby,DPU
DQA,Daqing Shi Airport,Wolitun,CN,Asia/Shanghai,DQA
DQM,Duqm International Airport,,OM,Asia/Muscat,DQM
DRA,Desert Rock,,US,America/Los_Angeles,DRA
DRB,Derby,,AU,Australia/Perth,DRB
DRC,Dirico,,AO,Africa/Luanda,DRC
DRD,Dorunda Station,,AU,Australia/Brisbane,DRD
DRE,Drummond Island,,US,America/Detroit,DRE
DRF,Drift River,,US,America/Anchorage,DRF
DRG,Deering Airport,,US,America/Nome,DRG
DRH,Dabra,Dabra,ID,Asia/Jayapura,DRH
DRI,Beauregard Parish,DeRidder,US,America/Chicago,DRI
DRJ,Drietabbetje,,SR,America/Paramaribo,DRJ
DRK,Drake Bay,,CR,America/Costa_Rica,DRK
DRN,Dirranbandi,,AU,Australia/Brisbane,DRN
DRO,Durango-La Plata County Airport,Bayfield,US,America/Denver,DRO
DRR,Durrie,,AU,Australia/Brisbane,DRR
DRS,Dresden International Airport,,DE,Europe/Berlin,DRS
DRT,Del Rio International Airport,Ciudad Acuna,US,America/Chicago,DRT
DRU,Drummond,Philipsburg,US,America/Denver,DRU
DRV,Dharavandhoo AIrport,Open Stage,MV,Indian/Maldives,DRV
DRW,Darwin International Airport,Ludmilla,AU,Australia/Darwin,DRW
DRY,Drysdale River,,AU,Australia/Perth,DRY
DSA,Doncaster Sheffield Airport,Finningley,GB,Europe/London,DSA
DSC,Dschang,Bali,CM,Africa/Douala,DSC
DSD,La Desirade,Grande Anse,GP,America/Guadeloupe,DSD
DSE,Combolcha,Kombolcha,ET,Africa/Addis_Ababa,DSE
DSG,Dilasag,Cabra,PH,Asia/Manila,DSG
DSI,Destin-Fort Walton Beach Airport,Destin,US,America/Chicago,DSI
DSK,Dera Ismail Khan,Shorko,PK,Asia/Karachi,DSK
DSM,Des Moines International Airport,Norwalk,US,America/Chicago,DSM
DSN,Ordos Ejin Horo Airport,Tianjiao,CN,Asia/Shanghai,DSN
DSO,Sondok,Sinsang-ni,KP,Asia/Pyongyang,DSO
DSS,Blaise Diagne International Airport,Pout,SN,Africa/Dakar,DKR
DST,Dubai Seaplane Terminal,,AE,Asia/Dubai,DST
DSV,Dansville,Dansville,US,America/New_York,DSV
DSX,Dongsha Island,Hudong,TW,Asia/Taipei,DSX
DSY,Dara Sakor International Airport,Koh Kong,KH,Asia/Phnom_Penh,DSY
DTA,Delta,Delta,US,America/Denver,DTA
DTB,Sisingamangaraja XII International Airport,Siborong-borong,ID,Asia/Jakarta,DTB
DTD,Datadawai,,ID,Asia/Makassar,DTD
DTE,Naga,Daet,PH,Asia/Manila,DTE
DTH,Death Valley,,US,America/Los_Angeles,DTH
DTI,Diamantina,Diamantina,BR,America/Sao_Paulo,DTI
DTL,Municipal,Detroit Lakes,US,America/Chicago,DTL
DTM,Dortmund Airport,Holzwickede,DE,Europe/Berlin,DTM
DTN,Shreveport Downtown,,US,America/Chicago,SHV
DTR,Decatur Island,,US,America/Los_Angeles,DTR
DTU,Wudalianchi Dedu Airport,Baoquan,CN,Asia/Shanghai,DTU
DTW,Detroit Metropolitan Wayne County Airport,Romulus,US,America/Detroit,DTT
DUA,Eaker,Durant,US,America/Chicago,DUA
DUB,Dublin Airport,Beaumont,IE,Europe/Dublin,DUB
DUC,Halliburton Field,Duncan,US,America/Chicago,DUC
DUD,Dunedin International Airport,Milton,NZ,Pacific/Auckland,DUD
DUE,Dundo,,AO,Africa/Luanda,DUE
DUF,Pine Island Airport,Southern Shores,US,America/New_York,DUF
DUG,Bisbee-Douglas International,Pirtleville,US,America/Phoenix,DUG
DUJ,Du Bois-Jefferson County,Reynoldsville,US,America/New_York,DUJ
DUK,Dukuduk,Mtubatuba,ZA,Africa/Johannesburg,DUK
DUM,Pinang Kampai,Bagan Besar,ID,Asia/Jakarta,DUM
DUN,Dundas,,GL,America/Godthab,DUN
DUQ,Duncan/Quam,Duncan,CA,America/Vancouver,DUQ
DUR,King Shaka International Airport,Ballitoville,ZA,Africa/Johannesburg,DUR
DUS,Dusseldorf International Airport,,DE,Europe/Berlin,DUS
DUT,Unalaska Airport,,US,America/Nome,DUT
DVD,Andavadoaka,,MG,Indian/Antananarivo,DVD
DVK,Diavik,,CA,America/Yellowknife,DVK
DVL,Devils Lake Airport,Devils Lake,US,America/Chicago,DVL
DVN,Davenport,Eldridge,US,America/Chicago,DVN
DVO,Francisco Bangoy Intl Airport,Babak,PH,Asia/Manila,DVO
DVP,Davenport Downs,,AU,Australia/Brisbane,DVP
DVR,Daly River,,AU,Australia/Darwin,DVR
DVT,Phoenix Deer Valley Airport,Glendale,US,America/Phoenix,PHX
DWA,Dwangwa,Nkhotakota,MW,Africa/Blantyre,DWA
DWB,Soalala,Sitampiky,MG,Indian/Antananarivo,DWB
DWC,Dubai World Central - Al Maktoum International Airport,,AE,Asia/Dubai,DXB
DWD,Dawadmi Airport,Ad Dawadimi,SA,Asia/Riyadh,DWD
DWF,Wright AFB,Kettering,US,America/New_York,DAY
DWH,David Wayne Hooks,,US,America/Chicago,HOU
DWN,Downtown Airpark,,US,America/Chicago,OKC
DWO,Diyawanna Oya Seaplane Base,Battaramulla South,LK,Asia/Colombo,DWO
DWR,Dwyer Air Base,Markaz-e Hukumat-e Darweshan,AF,Asia/Kabul,DWR
DWS,Walt Disney World,Celebration,US,America/New_York,ORL
DXB,Dubai Airport,,AE,Asia/Dubai,DXB
DXD,Dixie,,AU,Australia/Brisbane,DXD
DXE,Bruce Campbell Field,Madison,US,America/Chicago,DXE
DXR,Danbury Municipal Airport,Danbury,US,America/New_York,DXR
DYA,Dysart,,AU,Australia/Brisbane,DYA
DYG,Zhangjiajie Hehua Airport,,CN,Asia/Shanghai,DYG
DYL,Doylestown,Doylestown,US,America/New_York,DYL
DYM,Diamantina Lakes,,AU,Australia/Brisbane,DYM
DYR,Anadyr Airport,Anadyr,RU,Asia/Anadyr,DYR
DYS,Dyess AFB,Abilene,US,America/Chicago,ABI
DYU,Dushanbe Airport,Dushanbe,TJ,Asia/Dushanbe,DYU
DYW,Daly Waters,,AU,Australia/Darwin,DYW
DZA,Dzaoudzi Airport,Pamandzi,YT,Indian/Mayotte,DZA
DZH,Dazhou Jinya Airport,Dazhou,CN,Asia/Shanghai,DZH
DZI,Codazzi,Agustin Codazzi,CO,America/Bogota,DZI
DZN,Zhezhazgan Airport,Zhezqazghan,KZ,Asia/Almaty,DZN
DZO,Santa Bernardina,Durazno,UY,America/Montevideo,DZO
DZU,Dazu,Longgang,CN,Asia/Shanghai,DZU
EAA,Eagle,,US,America/Anchorage,EAA
EAB,Abbse,Al Hadiyah,YE,Asia/Aden,EAB
EAE,Emae,,VU,Pacific/Efate,EAE
EAL,Elenak,,MH,Pacific/Kwajalein,EAL
EAM,Nejran,Najran,SA,Asia/Riyadh,EAM
EAN,Phifer Field,Wheatland,US,America/Denver,EAN
EAP,EuroAirport Basel-Mulhouse-Freiburg Airport,Basel,CH,Europe/Zurich,EAP
EAR,Kearney Regional Airport,Kearney,US,America/Chicago,EAR
EAS,San Sebastian Airport,Fuenterrabia,ES,Europe/Madrid,EAS
EAT,Pangborn Field,East Wenatchee Bench,US,America/Los_Angeles,EAT
EAU,Eau Claire Airport,Lake Hallie,US,America/Chicago,EAU
EBA,Marina Di Campo Airport,Campo nell'Elba,IT,Europe/Rome,EBA
EBB,Entebbe International Airport,Entebbe,UG,Africa/Kampala,EBB
EBD,El Obeid,El Obeid,SD,Africa/Khartoum,EBD
EBG,El Bagre,El Bagre,CO,America/Bogota,EBG
EBH,El Bayadh,El Bayadh,DZ,Africa/Algiers,EBH
EBJ,Esbjerg Airport,Tjaereborg,DK,Europe/Copenhagen,EBJ
EBL,Erbil International Airport,Erbil,IQ,Asia/Baghdad,EBL
EBM,El Borma,Remada,TN,Africa/Tunis,EBM
EBN,Ebadon,,MH,Pacific/Kwajalein,EBN
EBO,Ebon Airport,Ebon,MH,Pacific/Majuro,EBO
EBR,Downtown,Port Allen,US,America/Chicago,BTR
EBS,Municipal,Webster City,US,America/Chicago,EBS
EBU,Boutheon Airport,Veauche,FR,Europe/Paris,EBU
EBW,Ebolowa,Ebolowa,CM,Africa/Douala,EBW
ECA,Emmet County Airport,East Tawas,US,America/Detroit,ECA
ECG,Elizabeth City,Camden,US,America/New_York,ECG
ECH,Echuca,Echuca,AU,Australia/Melbourne,ECH
ECI,Costa Esmeralda Airport,Tola,NI,America/Managua,ECI
ECN,Ercan Airport,Geri,CY,Asia/Nicosia,ECN
ECO,El Encanto,,CO,America/Bogota,ECO
ECP,NW Florida Beaches Int,Laguna Beach,US,America/Chicago,PFN
ECR,El Charco,,CO,America/Bogota,ECR
ECS,Mondell,Newcastle,US,America/Denver,ECS
EDA,Edna Bay,,US,America/Nome,EDA
EDB,Eldebba,Ad Dabbah,SD,Africa/Khartoum,EDB
EDD,Erldunda,,AU,Australia/Darwin,EDD
EDE,Municipal,Edenton,US,America/New_York,EDE
EDF,Elmendorf AFB,,US,America/Anchorage,ANC
EDG,Weide AAF,Joppatowne,US,America/New_York,EDG
EDI,Edinburgh Airport,Ratho,GB,Europe/London,EDI
EDK,El Dorado,El Dorado,US,America/Chicago,EDK
EDL,Eldoret Airport,Eldoret,KE,Africa/Nairobi,EDL
EDM,Les Ajoncs,Dompierre-sur-Yon,FR,Europe/Paris,EDM
EDN,Enterprise Muni Airport,,US,America/Chicago,EDN
EDO,Balikesir Koca Seyit Airport,Edremit,TR,Europe/Istanbul,EDO
EDQ,Erandique,Erandique,HN,America/Tegucigalpa,EDQ
EDR,Edward River,,AU,Australia/Brisbane,EDR
EDW,Edwards AFB,North Edwards,US,America/Los_Angeles,EDW
EEA,Aeroporto Regional do Planalto Serrano,Correia Pinto,BR,America/Sao_Paulo,EEA
EED,Needles,Needles,US,America/Los_Angeles,EED
EEK,Eek Airport,,US,America/Nome,EEK
EEN,Dillant-Hopkins,Swanzey,US,America/New_York,EEN
EES,Berenice International Airport,Berenice City,EG,Africa/Cairo,IUP
EFB,Eight Fathom Bight,,US,America/Juneau,EFB
EFD,Ellington Field,Webster,US,America/Chicago,HOU
EFG,Efogi,,PG,Pacific/Port_Moresby,EFG
EFK,Newport,,US,America/New_York,EFK
EFL,Kefallinia Airport,Argostolion,GR,Europe/Athens,EFL
EFO,East Fork Airport,,US,America/Nome,EFO
EFW,Municipal,Jefferson,US,America/Chicago,EFW
EGA,Engati,,PG,Pacific/Port_Moresby,EGA
EGC,Roumanieres Airport,Bergerac,FR,Europe/Paris,EGC
EGE,Eagle County Airport,Gypsum,US,America/Denver,EGE
EGI,Duke Field,Valparaiso,US,America/Chicago,VPS
EGL,Neghelli,Shakiso,ET,Africa/Addis_Ababa,EGL
EGM,Sege Airport,,SB,Pacific/Guadalcanal,EGM
EGN,Geneina Airport,Geneina,SD,Africa/Khartoum,EGN
EGO,Belgorod Airport,Belgorod,RU,Europe/Moscow,EGO
EGP,Maverick Co,Las Quintas Fronterizas Colonia,US,America/Chicago,EGP
EGS,Egilsstadir Airport,,IS,Atlantic/Reykjavik,EGS
EGV,Eagle River,Eagle River,US,America/Chicago,EGV
EGX,Egegik Airport,,US,America/Anchorage,EGX
EHL,El Bolson,Lago Puelo,AR,America/Argentina/Salta,EHL
EHM,Cape Newenham,,US,America/Nome,EHM
EHT,Rentschler,,US,America/New_York,EHT
EHU,Ezhou Huahu Airport,Ezhou,CN,Asia/Shanghai,EHU
EIA,Popondetta,,PG,Pacific/Port_Moresby,EIA
EIB,Eisenach,Haina,DE,Europe/Berlin,EIB
EIE,Eniseysk,Yeniseysk,RU,Asia/Krasnoyarsk,EIE
EIH,Einasleigh,,AU,Australia/Brisbane,EIH
EIK,Yeysk,Yeysk,RU,Europe/Moscow,EIK
EIL,Eielson AFB,,US,America/Anchorage,FAI
EIN,Eindhoven Airport,Meerhoven,NL,Europe/Amsterdam,EIN
EIS,Terrance B. Lettsome International Airport,,VG,America/Tortola,EIS
EIY,Ein Yahav,,IL,Asia/Jerusalem,EIY
EJA,Variguies Airport,Barrancabermeja,CO,America/Bogota,EJA
EJH,Wedjh Airport,Al Wajh,SA,Asia/Riyadh,EJH
EJN,Ejin Banner Taolai Airport,Dalain Hob,CN,Asia/Chongqing,EJN
EJT,Enijet,,MH,Pacific/Majuro,EJT
EKA,Murray Field,Myrtletown,US,America/Los_Angeles,EKA
EKB,Ekibastuz,Ekibastuz,KZ,Asia/Almaty,EKB
EKD,Elkedra,,AU,Australia/Darwin,EKD
EKE,Ekereku,,GY,America/Guyana,EKE
EKI,Municipal,Simonton Lake,US,America/Indiana/Indianapolis,EKI
EKN,Elkins,Elkins,US,America/New_York,EKN
EKO,Elko Airport,Elko,US,America/Los_Angeles,EKO
EKS,Shakhtyorsk Airport,Shakhtersk,RU,Asia/Sakhalin,EKS
EKT,Eskilstuna,,SE,Europe/Stockholm,EKT
EKX,Elizabethtown,Elizabethtown,US,America/New_York,EKX
ELA,Eagle Lake,Eagle Lake,US,America/Chicago,ELA
ELB,San Bernado,El Banco,CO,America/Bogota,ELB
ELC,Elcho Island Airport,,AU,Australia/Darwin,ELC
ELD,South Arkansas Regional Airport,El Dorado,US,America/Chicago,ELD
ELE,El Real,,PA,America/Panama,ELE
ELF,El Fasher Airport,El Fasher,SD,Africa/Khartoum,ELF
ELG,El Golea Airport,Metlili Chaamba,DZ,Africa/Algiers,ELG
ELH,North Eleuthera International Airport,,BS,America/Nassau,ELH
ELI,Elim Airport,,US,America/Nome,ELI
ELJ,El Recreo,La Macarena,CO,America/Bogota,ELJ
ELK,Municipal,Elk City,US,America/Chicago,ELK
ELL,Ellisras,Lephalale,ZA,Africa/Johannesburg,ELL
ELM,Elmira Corning Regional Airport,Big Flats,US,America/New_York,ELM
ELN,Bowers Field,Ellensburg,US,America/Los_Angeles,ELN
ELO,Eldorado,Puerto Piray,AR,America/Argentina/Cordoba,ELO
ELP,El Paso International Airport,Fort Bliss,US,America/Denver,ELP
ELQ,Prince Nayef bin Abdulaziz Regional Airport,Al Bukayriyah,SA,Asia/Riyadh,ELQ
ELR,Elelim,,ID,Asia/Jayapura,ELR
ELS,East London Airport,East London,ZA,Africa/Johannesburg,ELS
ELT,Tour Sinai City,Tor,EG,Africa/Cairo,ELT
ELU,Guemar Airport,Reguiba,DZ,Africa/Algiers,ELU
ELV,Elfin Cove SPB,,US,America/Juneau,ELV
ELW,Ellamar,,US,America/Anchorage,ELW
ELX,El Tigre,El Tigre,VE,America/Caracas,ELX
ELY,Yelland,Ely,US,America/Los_Angeles,ELY
ELZ,Municipal,Wellsville,US,America/New_York,ELZ
EMA,East Midlands Airport,Castle Donington,GB,Europe/London,NQT
EMB,Embarkadero,,US,America/Los_Angeles,SFO
EMD,Emerald Airport,Emerald,AU,Australia/Brisbane,EMD
EME,Emden,Emden,DE,Europe/Berlin,EME
EMG,Empangeni,Empangeni,ZA,Africa/Johannesburg,EMG
EMI,Emirau,,PG,Pacific/Port_Moresby,EMI
EMK,Emmonak Airport,,US,America/Nome,EMK
EML,Emmen,Emmen,CH,Europe/Zurich,EML
EMM,Kemerer,Kemmerer,US,America/Denver,EMM
EMN,Nema,,MR,Africa/Nouakchott,EMN
EMO,Emo,,PG,Pacific/Port_Moresby,EMO
EMP,Emporia,Emporia,US,America/Chicago,EMP
EMS,Embessa,,PG,Pacific/Port_Moresby,EMS
EMT,El Monte,El Monte,US,America/Los_Angeles,EMT
EMX,El Maiten,El Maiten,AR,America/Argentina/Catamarca,EMX
EMY,El Minya,Al Minya,EG,Africa/Cairo,EMY
ENA,Kenai Municipal Airport,Kenai,US,America/Anchorage,ENA
ENB,Eneabba West,,AU,Australia/Perth,ENB
ENC,Essey,Essey-les-Nancy,FR,Europe/Paris,ETZ
END,Vance AFB,,US,America/Chicago,WDG
ENE,H. Hasan Aroeboesman Airport,Onekore,ID,Asia/Makassar,ENE
ENF,Enontekio,Enontekioe,FI,Europe/Helsinki,ENF
ENH,Enshi Airport,Enshi,CN,Asia/Shanghai,ENH
ENI,El Nido,El Nido,PH,Asia/Manila,ENI
ENJ,El Naranjo,,GT,America/Guatemala,ENJ
ENK,Enniskillen St. Angelo,Enniskillen,GB,Europe/London,ENK
ENL,Municipal,Centralia,US,America/Chicago,ENL
ENN,Municipal,,US,America/Anchorage,ENN
ENO,Teniente Prim Alarcon,Capitan Miranda,PY,America/Asuncion,ENO
ENQ,Coronel E Soto Cano AB,Yarumela,HN,America/Tegucigalpa,ENQ
ENS,Twente,,NL,Europe/Amsterdam,ENS
ENT,Enewetak Island,,MH,Pacific/Majuro,ENT
ENU,Enugu Airport,Enugu,NG,Africa/Lagos,ENU
ENV,Wendover,Wendover,US,America/Denver,ENV
ENW,Kenosha Regional Airport,Kenosha,US,America/Chicago,ENW
ENY,Ershilipu Airport,Bao'an,CN,Asia/Shanghai,ENY
EOH,Enrique Olaya Herrera Airport,Itagui,CO,America/Bogota,MDE
EOI,Eday Airport,,GB,Europe/London,EOI
EOK,Keokuk,Keokuk,US,America/Chicago,EOK
EOR,El Dorado,,VE,America/Caracas,EOR
EOS,Neosho,Neosho,US,America/Chicago,EOS
EOZ,Elorza,Elorza,VE,America/Caracas,EOZ
EPA,El Palomar,Hurlingham,AR,America/Argentina/Buenos_Aires,EPA
EPG,Browns,Weeping Water,US,America/Chicago,EPG
EPH,Ephrata,Ephrata,US,America/Los_Angeles,EPH
EPI,Epi,,VU,Pacific/Efate,EPI
EPL,Mirecourt,Mirecourt,FR,Europe/Paris,EPL
EPN,Epena,,CG,Africa/Brazzaville,EPN
EPR,Esperance Airport,Nulsen,AU,Australia/Perth,EPR
EPS,Arroyo Barril International,Las Terrenas,DO,America/Santo_Domingo,EPS
EPT,Eliptamin,,PG,Pacific/Port_Moresby,EPT
EPU,Parnu,Sauga,EE,Europe/Tallinn,EPU
EQS,Esquel Airport,Esquel,AR,America/Argentina/Catamarca,EQS
ERA,Erigavo,Ceerigaabo,SO,Africa/Mogadishu,ERA
ERB,Ernabella,,AU,Australia/Adelaide,ERB
ERC,Erzincan Airport,Erzincan,TR,Europe/Istanbul,ERC
ERD,Berdyansk,Berdyans'k,UA,Europe/Zaporozhye,ERD
ERE,Erave,,PG,Pacific/Port_Moresby,ERE
ERF,Erfurt Airport,Ingersleben,DE,Europe/Berlin,ERF
ERG,Erbogachen Airport,Yerbogachen,RU,Asia/Irkutsk,ERG
ERH,Moulay Ali Cherif Airport,Errachidia,MA,Africa/Casablanca,ERH
ERI,Erie International Airport,Fairview,US,America/New_York,ERI
ERL,Eren Hot Airport,Erenhot,CN,Asia/Shanghai,ERL
ERM,Comandante Kraemer,Erechim,BR,America/Sao_Paulo,ERM
ERN,Eirunepe,Eirunepe,BR,America/Eirunepe,ERN
ERQ,Elrose Mine,,AU,Australia/Brisbane,ERQ
ERR,Errol,Milan,US,America/New_York,ERR
ERS,Eros Airport,,NA,Africa/Windhoek,WDH
ERT,Erdenet,Erdenet,MN,Asia/Ulaanbaatar,ERT
ERU,Erume,,PG,Pacific/Port_Moresby,ERU
ERV,Kerrville,Kerrville,US,America/Chicago,ERV
ERZ,Erzurum Airport,Ilica,TR,Europe/Istanbul,ERZ
ESA,Esa'Ala,,PG,Pacific/Port_Moresby,ESA
ESB,Esenboga International Airport,Akyurt,TR,Europe/Istanbul,ANK
ESC,Delta County Airport,Escanaba,US,America/Detroit,ESC
ESD,Orcas Island Airport,,US,America/Los_Angeles,ESD
ESE,Ensenada,Ensenada,MX,America/Santa_Isabel,ESE
ESF,Esler Field,Ball,US,America/Chicago,AEX
ESG,Mariscal Estigarribia,,PY,America/Asuncion,ESG
ESH,Shoreham,Lancing,GB,Europe/London,ESH
ESI,Espinosa,Itacarambi,BR,America/Sao_Paulo,ESI
ESK,Eskisehir,Eskisehir,TR,Europe/Istanbul,ESK
ESL,Elista Airport,Troitskoye,RU,Europe/Moscow,ESL
ESM,Esmeraldas Airport,Esmeraldas,EC,America/Guayaquil,ESM
ESN,Easton,Easton,US,America/New_York,ESN
ESO,Espanola,Ohkay Owingeh,US,America/Denver,ESO
ESP,Birchwood-Pocono,Stroudsburg,US,America/New_York,ESP
ESR,El Salvador,Diego de Almagro,CL,America/Santiago,ESR
ESS,Essen,Muelheim (Ruhr),DE,Europe/Berlin,ESS
EST,Municipal,Estherville,US,America/Chicago,EST
ESU,Essaouira Airport,Essaouira,MA,Africa/Casablanca,ESU
ESW,State,Cle Elum,US,America/Los_Angeles,ESW
ETB,West Bend,West Bend,US,America/Chicago,ETB
ETD,Etadunna,,AU,Australia/Adelaide,ETD
ETE,Genda Wuha,Doka,ET,Africa/Addis_Ababa,ETE
ETH,Eilat Airport,,IL,Asia/Jerusalem,ETH
ETL,Svetlaya Airport,Svetlaya,RU,Asia/Vladivostok,ETL
ETM,Ramon Airport,,IL,Asia/Jerusalem,ETH
ETN,Municipal,Eastland,US,America/Chicago,ETN
ETR,Coronel Artilleria Victor Larrea Airport,Santa Rosa,EC,America/Guayaquil,ETR
ETS,Municipal,Enterprise,US,America/Chicago,ETS
ETZ,Metz-Nancy-Lorraine Airport,Verny,FR,Europe/Paris,ETZ
EUA,Kaufana,`Ohonua,TO,Pacific/Tongatapu,EUA
EUC,Eucla,,AU,Australia/Eucla,EUC
EUE,Eureka,Eureka,US,America/Los_Angeles,EUE
EUF,Weedon Field,Eufaula,US,America/Chicago,EUF
EUG,Eugene Airport,Junction City,US,America/Los_Angeles,EUG
EUM,Neumuenster,Neumunster,DE,Europe/Berlin,EUM
EUN,Hassan I Airport,Laayoune / El Aaiun,MA,Africa/Casablanca,EUN
EUO,Paratebueno,Paratebueno,CO,America/Bogota,EUO
EUQ,Evelio Javier,San Pedro,PH,Asia/Manila,EUQ
EUX,F D Roosevelt Airport,Oranjestad,NL,America/Kralendijk,EUX
EVA,Landing Strip,Evadale,US,America/Chicago,EVA
EVD,Eva Downs,,AU,Australia/Darwin,EVD
EVE,Harstad/Narvik Airport Evenes,Evenskjer,NO,Europe/Oslo,EVE
EVG,Sveg Airport,Sveg,SE,Europe/Stockholm,EVG
EVH,Evans Head,Evans Head,AU,Australia/Sydney,EVH
EVM,Eveleth,Eveleth,US,America/Chicago,EVM
EVN,Zvartnots International Airport,Arbat',AM,Asia/Yerevan,EVN
EVV,Evansville Regional Airport,Melody Hill,US,America/Chicago,EVV
EVW,Evanston,Evanston,US,America/Denver,EVW
EVX,Evreux,Evreux,FR,Europe/Paris,EVX
EWB,New Bedford Airport,New Bedford,US,America/New_York,EWB
EWD,Wildman Lake,,US,America/Anchorage,EWD
EWE,Ewer,,ID,Asia/Jayapura,EWE
EWI,Enarotali,Enarotali,ID,Asia/Jayapura,EWI
EWK,City-County,Newton,US,America/Chicago,EWK
EWN,Coastal Carolina Regional Airport,James City,US,America/New_York,EWN
EWO,Ewo,,CG,Africa/Brazzaville,EWO
EWR,Newark Liberty International Airport,Elizabeth,US,America/New_York,NYC
EXI,SPB,,US,America/Juneau,EXI
EXM,Exmouth Gulf,,AU,Australia/Perth,EXM
EXT,Exeter International Airport,Topsham,GB,Europe/London,EXT
EYK,Beloyarsky Airport,Beloyarskiy,RU,Asia/Yekaterinburg,EYK
EYL,Yelimane,Yelimane,ML,Africa/Bamako,EYL
EYP,El Yopal Airport,Yopal,CO,America/Bogota,EYP
EYR,Yerington,Yerington,US,America/Los_Angeles,EYR
EYS,Eliye Springs,,KE,Africa/Nairobi,EYS
EYW,Key West International Airport,Stock Island,US,America/New_York,EYW
EZE,Ministro Pistarini Airport,Ezeiza,AR,America/Argentina/Buenos_Aires,BUE
EZS,Elazig Airport,Mollakendi,TR,Europe/Istanbul,EZS
EZV,Berezovo,Berezovo,RU,Asia/Yekaterinburg,EZV
FAA,Faranah,Faranah,GN,Africa/Conakry,FAA
FAB,Farnborough,Farnborough,GB,Europe/London,FAB
FAC,Faaite,,PF,Pacific/Tahiti,FAC
FAE,Vagar Airport,Midvagur,FO,Atlantic/Faroe,FAE
FAF,Felker AAF,,US,America/New_York,FAF
FAG,Fagurholsmyri,,IS,Atlantic/Reykjavik,FAG
FAH,Farah,Farah,AF,Asia/Kabul,FAH
FAI,Fairbanks International Airport,,US,America/Anchorage,FAI
FAJ,Diego Jimenez Torres,Luis M. Cintron,PR,America/Puerto_Rico,FAJ
FAK,False Island,,US,America/Sitka,FAK
FAL,Falcon State,Nueva Ciudad Guerrero,US,America/Chicago,FAL
FAM,Regional,Farmington,US,America/Chicago,FAM
FAO,Faro Airport,,PT,Europe/Lisbon,FAO
FAQ,Freida River,,PG,Pacific/Port_Moresby,FAQ
FAR,Hector International Airport,Oakport,US,America/Chicago,FAR
FAS,Faskrudsfjordur,Eskifjoerdur,IS,Atlantic/Reykjavik,FAS
FAT,Fresno Yosemite International Airport,Sunnyside,US,America/Los_Angeles,FAT
FAU,Fahud,,OM,Asia/Muscat,FAU
FAV,Fakarava Airport,,PF,Pacific/Tahiti,FAV
FAY,Fayetteville Regional Airport,Hope Mills,US,America/New_York,FAY
FAZ,Fasa,Fasa,IR,Asia/Tehran,FAZ
FBA,Fonte Boa,,BR,America/Manaus,FBA
FBD,Faizabad Airport,Fayzabad,AF,Asia/Kabul,FBD
FBE,Francisco Beltrao,Francisco Beltrao,BR,America/Sao_Paulo,FBE
FBG,Simmons AAF,Fort Bragg,US,America/New_York,FBG
FBK,Ft Wainwright,,US,America/Anchorage,FAI
FBL,Municipal,Faribault,US,America/Chicago,FBL
FBM,Lubumbashi International Airport,Lubumbashi,CD,Africa/Lubumbashi,FBM
FBR,Fort Bridger,Mountain View,US,America/Denver,FBR
FBS,Friday Harbor SPB,,US,America/Los_Angeles,FBS
FBY,Municipal,Fairbury,US,America/Chicago,FBY
FCA,Glacier Park International Airport,Evergreen,US,America/Denver,FCA
FCB,Ficksburg Sentra Oes,Ficksburg,ZA,Africa/Johannesburg,FCB
FCH,Fresno-Chandler,Fresno,US,America/Los_Angeles,FAT
FCM,Flying Cloud Airport,,US,America/Chicago,MSP
FCN,Cuxhaven/Nordholz,Midlum,DE,Europe/Berlin,FCN
FCO,Leonardo da Vinci-Fiumicino Airport,Fiumicino-Isola Sacra,IT,Europe/Rome,ROM
FCS,Butts AAF,Colorado Springs,US,America/Denver,COS
FCT,Firing Center AAF,,US,America/Los_Angeles,YKM
FCY,Municipal,Forrest City,US,America/Chicago,FCY
FDE,Bringeland Airport,Sande,NO,Europe/Oslo,FDE
FDF,Martinique Aime Cesaire International Airport,Le Lamentin,MQ,America/Martinique,FDF
FDH,Friedrichshafen Airport,Friedrichshafen,DE,Europe/Berlin,FDH
FDK,Frederick Municipal,Frederick,US,America/New_York,FDK
FDR,Municipal,Frederick,US,America/Chicago,FDR
FDU,Bandundu,Bandundu,CD,Africa/Kinshasa,FDU
FDY,Findlay,Paulding,US,America/New_York,FDY
FEA,Fetlar,,GB,Europe/London,FEA
FEB,Sanfebagar,Achham,NP,Asia/Kathmandu,FEB
FEC,Feira De Santana,Feira de Santana,BR,America/Bahia,FEC
FEG,Fergana Airport,Fergana,UZ,Asia/Tashkent,FEG
FEJ,Feijo,Feijo,BR,America/Rio_Branco,FEJ
FEK,Ferkessedougou,Ferkessedougou,CI,Africa/Abidjan,FEK
FEL,Fuerstenfeldbruck,Maisach,DE,Europe/Berlin,FEL
FEN,Fernando De Noronha Airport,Fernando de Noronha (Distrito Estadual),BR,America/Noronha,FEN
FEP,Albertus,Freeport,US,America/Chicago,FEP
FES,San Fernando,San Fernando,ES,Europe/Madrid,FES
FET,Municipal,Fremont,US,America/Chicago,FET
FEW,Warren AFB,Cheyenne,US,America/Denver,CYS
FEZ,Fes-Saiss Airport,Oulad Tayeb,MA,Africa/Casablanca,FEZ
FFA,First Flight,Kill Devil Hills,US,America/New_York,FFA
FFD,Fairford RAF Station,Fairford,GB,Europe/London,FFD
FFL,Municipal,Fairfield,US,America/Chicago,FFL
FFM,Fergus Falls,Fergus Falls,US,America/Chicago,FFM
FFO,Patterson AFB,Dayton,US,America/New_York,DAY
FFT,Capital City,Frankfort,US,America/New_York,FFT
FFU,Futaleufu,Futaleufu,CL,America/Santiago,FFU
FGD,Fderik,,MR,Africa/Nouakchott,FGD
FGI,Fagali I Airport,Apia,WS,Pacific/Apia,APW
FGL,Fox Glacier,,NZ,Pacific/Auckland,FGL
FGR,Fuengirola,Fuengirola,ES,Europe/Madrid,FGR
FGU,Fangatau,,PF,Pacific/Tahiti,FGU
FHU,Municipal,Huachuca City,US,America/Phoenix,FHU
FHZ,Fakahina,,PF,Pacific/Tahiti,FHZ
FIC,Fire Cove,,US,America/Juneau,FIC
FID,Elizabeth Field,,US,America/New_York,FID
FIE,Fair Isle,,GB,Europe/London,FIE
FIG,Fria,Fria,GN,Africa/Conakry,FIG
FIH,N'djili Airport,Masina,CD,Africa/Kinshasa,FIH
FIK,Finke,,AU,Australia/Darwin,FIK
FIL,Municipal,Fillmore,US,America/Denver,FIL
FIN,Finschhafen,,PG,Pacific/Port_Moresby,FIN
FIV,Five Finger,,US,America/Juneau,FIV
FIZ,Fitzroy Crossing,,AU,Australia/Perth,FIZ
FJR,Al-Fujairah International,Al Fujayrah,AE,Asia/Dubai,FJR
FKB,Baden-Airpark,Hugelsheim,DE,Europe/Berlin,FKB
FKI,Bangoka International Airport,Kisangani,CD,Africa/Lubumbashi,FKI
FKJ,Fukui,Maruoka,JP,Asia/Tokyo,FKJ
FKL,Venango Regional Airport,Franklin,US,America/New_York,FKL
FKN,Municipal,Franklin,US,America/New_York,FKN
FKQ,Fak Fak Airport,Fakfak,ID,Asia/Jayapura,FKQ
FKS,Fukushima Airport,Sukagawa,JP,Asia/Tokyo,FKS
FLA,Capitolio Airport,Florencia,CO,America/Bogota,FLA
FLB,Cangapara,Floriano,BR,America/Fortaleza,FLB
FLC,Falls Creek,Maryborough,AU,Australia/Melbourne,FLC
FLD,Fond Du Lac,North Fond du Lac,US,America/Chicago,FLD
FLE,Fort Lee AAF,,US,America/New_York,PTB
FLF,Schaferhaus,Harrislee,DE,Europe/Berlin,FLF
FLG,Flagstaff Pulliam Airport,Kachina Village,US,America/Phoenix,GCN
FLH,Flotta,,GB,Europe/London,FLH
FLI,Flateyri,,IS,Atlantic/Reykjavik,FLI
FLJ,Falls Bay,,US,America/Anchorage,FLJ
FLL,Fort Lauderdale-Hollywood International Airport,,US,America/New_York,FLL
FLM,Filadelfia,Filadelfia,PY,America/Asuncion,FLM
FLN,Hercilio Luz International Airport,Carianos,BR,America/Sao_Paulo,FLN
FLO,Florence Airport,Florence,US,America/New_York,FLO
FLP,Flippin,Flippin,US,America/Chicago,FLP
FLR,Firenze-Peretola Airport,Sesto Fiorentino,IT,Europe/Rome,FLR
FLS,Flinders Island Airport,Bridport,AU,Australia/Hobart,FLS
FLT,Flat,,US,America/Anchorage,FLT
FLU,Flushing,,US,America/New_York,NYC
FLV,Sherman AAF,Weston,US,America/Chicago,FLV
FLW,Santa Cruz Airport,,PT,Atlantic/Azores,FLW
FLX,Municipal,,US,America/Los_Angeles,NFL
FLY,Finley,,AU,Australia/Sydney,FLY
FLZ,Ferdinand Lumban Tobing Airport,Batangtoru,ID,Asia/Jakarta,FLZ
FMA,El Pucu Airport,Formosa,AR,America/Argentina/Cordoba,FMA
FMC,Five Mile,,US,America/Anchorage,FMC
FME,Tipton AAF,Laurel,US,America/New_York,FME
FMG,Flamingo,Sardinal,CR,America/Costa_Rica,FMG
FMH,Otis AFB,Forestdale,US,America/New_York,FMH
FMI,Kalemie Airport,Kalemie,CD,Africa/Lubumbashi,FMI
FMM,Memmingen Allgau Airport,Memmingerberg,DE,Europe/Berlin,FMM
FMN,Four Corners Regional Airport,Farmington,US,America/Denver,FMN
FMO,Munster Osnabruck International Airport,Ladbergen,DE,Europe/Berlin,FMO
FMS,Municipal,Fort Madison,US,America/Chicago,FMS
FMU,Florence Municipal,Florence,US,America/Los_Angeles,FMU
FMY,Page Field,Pine Manor,US,America/New_York,FMY
FNA,Lungi International Airport,Masoyila,SL,Africa/Freetown,FNA
FNB,Neubrandenburg,Trollenhagen,DE,Europe/Berlin,FNB
FNC,Madeira Airport,Machico,PT,Atlantic/Madeira,FNC
FND,Funadhoo Airport,Funadhoo,MV,Indian/Maldives,FND
FNE,Fane,,PG,Pacific/Port_Moresby,FNE
FNG,Fada Ngourma,Fada N'gourma,BF,Africa/Ouagadougou,FNG
FNH,Fincha,Shambu,ET,Africa/Addis_Ababa,FNH
FNI,Garons Airport,Garons,FR,Europe/Paris,FNI
FNJ,Pyongyang Sunan International Airport,Sunan,KP,Asia/Pyongyang,FNJ
FNK,Fin Creek,,US,America/Anchorage,FNK
FNL,Municipalcipal Airport,,US,America/Denver,FNL
FNR,SPB,,US,America/Juneau,FNR
FNT,Bishop International Airport,Flint,US,America/Detroit,FNT
FNU,Fenosu,Palmas Arborea,IT,Europe/Rome,FNU
FOA,Foula,,GB,Europe/London,FOA
FOB,Fort Bragg,Fort Bragg,US,America/Los_Angeles,FOB
FOC,Changle International Airport,,CN,Asia/Shanghai,FOC
FOD,Fort Dodge Airport,Fort Dodge,US,America/Chicago,FOD
FOE,Forbes Field,,US,America/Chicago,TOP
FOG,Gino Lisa,,IT,Europe/Rome,FOG
FOK,Suffolk County,Westhampton,US,America/New_York,FOK
FOM,Foumban,Foumban,CM,Africa/Douala,FOM
FON,Fortuna Airport,Quesada,CR,America/Costa_Rica,FON
FOO,Numfoor,Kameri,ID,Asia/Jayapura,FOO
FOP,Morris AAF,Forest Park,US,America/New_York,FOP
FOR,Pinto Martins Airport,Fortaleza,BR,America/Fortaleza,FOR
FOS,Forrest,,AU,Australia/Perth,FOS
FOT,Forster,Dungog,AU,Australia/Sydney,FOT
FOU,Fougamou,,GA,Africa/Libreville,FOU
FOX,Fox,Salcha,US,America/Anchorage,FOX
FOY,Foya,Buedu,LR,Africa/Monrovia,FOY
FPO,Grand Bahama International Airport,Freeport,BS,America/Nassau,FPO
FPR,St Lucie County,Fort Pierce,US,America/New_York,FPR
FPY,Perry-Foley,Perry,US,America/New_York,FPY
FRA,Frankfurt Airport,Kelsterbach,DE,Europe/Berlin,FRA
FRB,Forbes,Forbes,AU,Australia/Sydney,FRB
FRC,Franca,Franca,BR,America/Sao_Paulo,FRC
FRD,Friday Harbor Airport,,US,America/Los_Angeles,FRD
FRE,Fera Island Airport,,SB,Pacific/Guadalcanal,FRE
FRG,Republic Field,East Farmingdale,US,America/New_York,FRG
FRH,Municipal,French Lick,US,America/Indiana/Indianapolis,FRH
FRI,Marshall AAF,Fort Riley North,US,America/Chicago,FRI
FRK,Fregate Island,,SC,Indian/Mahe,FRK
FRL,Luigi Ridolfi,Forli,IT,Europe/Rome,FRL
FRM,Fairmont,Fairmont,US,America/Chicago,FRM
FRN,Bryant AAF,Elmendorf Air Force Base,US,America/Anchorage,FRN
FRO,Flora Airport,Floro,NO,Europe/Oslo,FRO
FRP,Fresh Water Bay,,US,America/Juneau,FRP
FRQ,Feramin,,PG,Pacific/Port_Moresby,FRQ
FRR,Front Royal-Warren County,Front Royal,US,America/New_York,FRR
FRS,Santa Elena Airport,Flores,GT,America/Guatemala,FRS
FRT,Frutillar,Frutillar,CL,America/Santiago,FRT
FRU,Manas International Airport,Bishkek,KG,Asia/Bishkek,FRU
FRW,Francistown Airport,Francistown,BW,Africa/Gaborone,FRW
FRY,Fryeburg,Fryeburg,US,America/New_York,FRY
FRZ,Fritzlar Airbase,Fritzlar,DE,Europe/Berlin,FRZ
FSC,Sud Corse Airport,Bonifacio,FR,Europe/Paris,FSC
FSD,Sioux Falls Regional Airport (Joe Foss Field),Sioux Falls,US,America/Chicago,FSD
FSI,Henry Post AAF,,US,America/Chicago,FSI
FSK,Municipal,Fort Scott,US,America/Chicago,FSK
FSL,Fossil Downs,,AU,Australia/Perth,FSL
FSM,Fort Smith Regional Airport,Barling,US,America/Chicago,FSM
FSN,Haley AAF,Buffalo Grove,US,America/Chicago,FSN
FSP,Saint Pierre Airport,Saint-Pierre,PM,America/Miquelon,FSP
FSS,Kinloss,Kinloss,GB,Europe/London,FSS
FST,Pecos County,Fort Stockton,US,America/Chicago,FST
FSU,Fort Sumner,Fort Sumner,US,America/Denver,FSU
FSZ,Shizuoka Airport,Shimada,JP,Asia/Tokyo,FSZ
FTA,Futuna Airport,,VU,Pacific/Efate,FTA
FTE,El Calafate Airport,,AR,America/Argentina/Rio_Gallegos,FTE
FTI,Fitiuta,,AS,Pacific/Pago_Pago,FTI
FTK,Godman AAF,Fort Knox,US,America/Chicago,FTK
FTL,Fortuna Ledge,,US,America/Nome,FTL
FTU,Marillac Airport,Fort Dauphin,MG,Indian/Antananarivo,FTU
FTW,Meacham Field,,US,America/Chicago,FTW
FTX,Owando,Owando,CG,Africa/Brazzaville,FTX
FTY,Fulton County,Mableton,US,America/New_York,ATL
FUB,Fulleborn,,PG,Pacific/Port_Moresby,FUB
FUE,Fuerteventura Airport,Puerto del Rosario,ES,Atlantic/Canary,FUE
FUG,Fuyang Airport,Fuyang,CN,Asia/Shanghai,FUG
FUJ,Fukue Airport,Fukuecho,JP,Asia/Tokyo,FUJ
FUK,Fukuoka Airport,Fukuoka-shi,JP,Asia/Tokyo,FUK
FUL,Municipal,Buena Park,US,America/Los_Angeles,FUL
FUM,Fuma,,PG,Pacific/Port_Moresby,FUM
FUN,Funafuti Atol International Airport,Fakaifou Village,TV,Pacific/Funafuti,FUN
FUO,Fuoshan Airport,Guangzhou,CN,Asia/Shanghai,FUO
FUT,Futuna Island,Sigave,WF,Pacific/Wallis,FUT
FVL,Flora Valey,,AU,Australia/Perth,FVL
FVM,Fumawula,Fuvahmulah,MV,Indian/Maldives,FVM
FVR,Forrest River Airport,,AU,Australia/Perth,FVR
FWA,Fort Wayne International Airport,Ossian,US,America/Indiana/Indianapolis,FWA
FWH,Fort Worth NAS Jrb/Carswell Field,,US,America/Chicago,DFW
FWL,Farewell,,US,America/Anchorage,FWL
FWM,Heliport,Fort William,GB,Europe/London,FWM
FXE,Fort Lauderdale Executive Airport,Dania Beach,US,America/New_York,FLL
FXM,Flaxman Island,,US,America/Anchorage,FXM
FXO,Cuamba,Cuamba,MZ,Africa/Maputo,FXO
FXY,Municipal,Forest City,US,America/Chicago,FXY
FYJ,Fuyuan Dongji Airport,Fuyuan,CN,Asia/Shanghai,FYJ
FYM,Municipal,Fayetteville,US,America/Chicago,FYM
FYN,Fuyun Koktokay Airport,Kalatongke,CN,Asia/Shanghai,FYN
FYT,Faya,Faya-Largeau,TD,Africa/Ndjamena,FYT
FYU,Fort Yukon Airport,,US,America/Anchorage,FYU
FYV,Municipal (Drake Field),Greenland,US,America/Chicago,FYV
FZL,Fuzuli International Airport,Fuzuli,AZ,Asia/Baku,FZL
FZO,Filton,Almondsbury,GB,Europe/London,FZO
GAA,Guamal,Guamal,CO,America/Bogota,GAA
GAB,Gabbs,,US,America/Los_Angeles,GAB
GAC,Gracias,Gracias,HN,America/Tegucigalpa,GAC
GAD,Municipal,Attalla,US,America/Chicago,GAD
GAE,Gabès Matmata International Airport,Gabes,TN,Africa/Tunis,GAE
GAF,Gafsa,Gafsa,TN,Africa/Tunis,GAF
GAG,Gage,Shattuck,US,America/Chicago,GAG
GAH,Gayndah,Gayndah,AU,Australia/Brisbane,GAH
GAI,Montgomery County,Gaithersburg,US,America/New_York,GAI
GAJ,Junmachi Airport,Higashine,JP,Asia/Tokyo,GAJ
GAK,Gakona,,US,America/Anchorage,GAK
GAL,Edward G. Pitka Sr. Airport,,US,America/Anchorage,GAL
GAM,Gambell Airport,,US,America/Nome,GAM
GAN,Gan/Seenu Airport,Hithadhoo,MV,Indian/Maldives,GAN
GAO,Los Canos Airport,,CU,America/Havana,GAO
GAP,Gusap,,PG,Pacific/Port_Moresby,GAP
GAQ,Gao,Gao,ML,Africa/Bamako,GAQ
GAR,Garaina,,PG,Pacific/Port_Moresby,GAR
GAS,Garissa,,KE,Africa/Nairobi,GAS
GAT,Tallard,Gap,FR,Europe/Paris,GAT
GAU,Lokpriya Gopinath Bordoloi International Airport,Palasbari,IN,Asia/Kolkata,GAU
GAV,Gag Island,,ID,Asia/Jayapura,GAV
GAW,Gangaw,Hakha,MM,Asia/Rangoon,GAW
GAX,Gamba,,GA,Africa/Libreville,GAX
GAY,Gaya Airport,Bodh Gaya,IN,Asia/Kolkata,GAY
GAZ,Guasopa,,PG,Pacific/Port_Moresby,GAZ
GBA,Big Bay,,VU,Pacific/Efate,GBA
GBB,Gabala International Airport,Agdas,AZ,Asia/Baku,GBB
GBC,Gasuke,,PG,Pacific/Port_Moresby,GBC
GBD,Great Bend,Great Bend,US,America/Chicago,GBD
GBE,Sir Seretse Khama International Airport,Mmopone,BW,Africa/Gaborone,GBE
GBF,Negarbo,,PG,Pacific/Port_Moresby,GBF
GBG,Galesburg,Galesburg,US,America/Chicago,GBG
GBH,Galbraith Lake,,US,America/Anchorage,GBH
GBI,Auxiliary Airfield,Lucaya,BS,America/Nassau,GBI
GBJ,Les Bases,Grand-Bourg,GP,America/Guadeloupe,GBJ
GBK,Gbangbatok,Mogbwemo,SL,Africa/Freetown,GBK
GBL,Goulburn Island,,AU,Australia/Darwin,GBL
GBM,Garbaharey,Garbahaarrey,SO,Africa/Mogadishu,GBM
GBN,San Giovanni Rotondo,,IT,Europe/Rome,GBN
GBO,Baltimore Greenbelt T,Catonsville,US,America/New_York,BWI
GBP,Gamboola,,AU,Australia/Brisbane,GBP
GBR,Walter J. Koladza Airport,Great Barrington,US,America/New_York,GBR
GBS,Port Fitzroy,,NZ,Pacific/Auckland,GBS
GBT,Gorgon Airport,Gorgan,IR,Asia/Tehran,GBT
GBU,Khashm El Girba,,SD,Africa/Khartoum,GBU
GBV,Gibb River,,AU,Australia/Perth,GBV
GBW,Ginbata Airport,,AU,Australia/Perth,GBW
GBZ,Great Barrier Island,Coromandel,NZ,Pacific/Auckland,GBZ
GCA,Guacamaya,Gigante,CO,America/Bogota,GCA
GCC,Campbell County Airport,Gillette,US,America/Denver,GCC
GCD,Grand Coulee Dam,Coulee Dam,US,America/Los_Angeles,GCD
GCH,Gachsaran,Dogonbadan,IR,Asia/Tehran,GCH
GCI,Guernsey Airport,,GG,Europe/Guernsey,GCI
GCJ,Grand Central,Germiston,ZA,Africa/Johannesburg,JNB
GCK,Garden City Municipal Airport,Garden City,US,America/Chicago,GCK
GCM,Owen Roberts International Airport,George Town,KY,America/Cayman,GCM
GCN,National Park,,US,America/Phoenix,GCN
GCT,Grand Canyon Bar 10 Airport,,US,America/Phoenix,GCT
GCV,Gravatai,Gravatai,BR,America/Sao_Paulo,GCV
GCW,Grand Canyon West,Meadview,US,America/Phoenix,GCW
GCY,Municipal,Greeneville,US,America/New_York,GCY
GDA,Gounda,,CF,Africa/Bangui,GDA
GDB,Gondia Airport,Gondia,IN,Asia/Kolkata,GDB
GDC,Donaldson Center,Mauldin,US,America/New_York,GSP
GDD,Gordon Downs,,AU,Australia/Perth,GDD
GDE,Gode/Iddidole Airport,Yeed,ET,Africa/Addis_Ababa,GDE
GDG,Magdagachi,Magdagachi,RU,Asia/Yakutsk,GDG
GDH,Golden Horn Lodge SPB,,US,America/Anchorage,GDH
GDI,Gordil,,CF,Africa/Bangui,GDI
GDJ,Gandajika,,CD,Africa/Lubumbashi,GDJ
GDL,Don Miguel Hidal Y Costilla International Airport,El Quince,MX,America/Mexico_City,GDL
GDM,Municipal,Gardner,US,America/New_York,GDM
GDN,Gdansk Lech Walesa Airport,Banino,PL,Europe/Warsaw,GDN
GDO,Vare Maria,Guasdualito,VE,America/Caracas,GDO
GDP,Guadalupe,Sao Joao dos Patos,BR,America/Fortaleza,GDP
GDQ,Gondar Airport,Gondar,ET,Africa/Addis_Ababa,GDQ
GDR,Angra dos Reis Airport,Angra dos Reis,BR,America/Sao_Paulo,GDR
GDT,Grand Turk Island,,TC,America/Grand_Turk,GDT
GDV,Dawson Community Airport,West Glendive,US,America/Denver,GDV
GDW,Gladwin,Gladwin,US,America/Detroit,GDW
GDX,Magadan Airport,Sokol,RU,Asia/Magadan,GDX
GDZ,Gelendzik Airport,Gelendzhik,RU,Europe/Moscow,GDZ
GEA,Noumea Magenta Airport,Noumea,NC,Pacific/Noumea,NOU
GEB,Gebe,Petani,ID,Asia/Jayapura,GEB
GEC,Gecitkale,Lefkonoiko,CY,Asia/Nicosia,GEC
GED,Sussex County,Georgetown,US,America/New_York,GED
GEE,George Town,,AU,Australia/Hobart,GEE
GEF,Geva Airstrip,,SB,Pacific/Guadalcanal,GEF
GEG,Spokane International Airport,Airway Heights,US,America/Los_Angeles,GEG
GEI,Green Islands,,PG,Pacific/Port_Moresby,GEI
GEK,Ganes Creek,,US,America/Anchorage,GEK
GEL,Sepe Tiaraju,Santo Angelo,BR,America/Sao_Paulo,GEL
GEM,President Obiang Nguema International Airport,Mongomo,GQ,Africa/Malabo,GEM
GEN,Oslo Gardermoen Airport,Gardermoen,NO,Europe/Madrid,GEN
GEO,Cheddi Jagan International Airport,Vreed-en-Hoop,GY,America/Guyana,GEO
GER,Rafael Cabrera Airport,,CU,America/Havana,GER
GES,General Santos International Airport,Buayan,PH,Asia/Manila,GES
GET,Geraldton Airport,Geraldton,AU,Australia/Perth,GET
GEV,Gallivare Airport,Gaellivare,SE,Europe/Stockholm,GEV
GEW,Gewoia,,PG,Pacific/Port_Moresby,GEW
GEX,Geelong,Geelong West,AU,Australia/Melbourne,GEX
GEY,South Big Horn County,Greybull,US,America/Denver,GEY
GFA,Malmstrom AFB,,US,America/Denver,GTF
GFB,Togiak Fish,,US,America/Anchorage,GFB
GFD,Pope Field,Greenfield,US,America/Indiana/Indianapolis,GFD
GFE,Grenfell,Grenfell,AU,Australia/Sydney,GFE
GFF,Griffith Airport,Griffith,AU,Australia/Sydney,GFF
GFK,Grand Forks International Airport,Grand Forks,US,America/Chicago,GFK
GFL,Warren County,Queensbury,US,America/New_York,GFL
GFN,Grafton Airport,South Grafton,AU,Australia/Sydney,GFN
GFO,Bartica,,GY,America/Guyana,GFO
GFR,Granville,Donville-les-Bains,FR,Europe/Paris,GFR
GFY,Grootfontein,Grootfontein,NA,Africa/Windhoek,GFY
GGB,Água Boa,Mozarlandia,BR,America/Cuiaba,GGB
GGC,Lumbala,Zambezi,AO,Africa/Luanda,GGC
GGD,Gregory Downs,,AU,Australia/Brisbane,GGD
GGE,Georgetown,Georgetown,US,America/New_York,GGE
GGF,Almeirim,,BR,America/Santarem,GGF
GGG,Gregg County Airport,Longview,US,America/Chicago,GGG
GGH,Gastão Mesquita Airport,Cianorte,BR,America/Sao_Paulo,GGH
GGJ,Guaíra Airport,Salto del Guaira,BR,America/Sao_Paulo,GGJ
GGL,Gilgal,Acandi,CO,America/Bogota,GGL
GGM,Kakamega Airport,Kakamega,KE,Africa/Nairobi,GGM
GGN,Gagnoa,Gagnoa,CI,Africa/Abidjan,GGN
GGO,Guiglo,Guiglo,CI,Africa/Abidjan,GGO
GGR,Garoe,,SO,Africa/Mogadishu,GGR
GGS,Gobernador Gregores,Gobernador Gregores,AR,America/Argentina/Rio_Gallegos,GGS
GGT,Exuma International Airport,George Town,BS,America/Nassau,GGT
GGW,Glasgow International Airport,Glasgow,US,America/Denver,GGW
GHA,Noumerate Airport,Ghardaia,DZ,Africa/Algiers,GHA
GHB,Governor's Harbour Airport,,BS,America/Nassau,GHB
GHC,Great Harbour,,BS,America/Nassau,GHC
GHE,Garachine,,PA,America/Panama,GHE
GHF,Giebelstadt,Giebelstadt,DE,Europe/Berlin,GHF
GHK,Gahcho Kue Aerodrome,,CA,America/Yellowknife,GHK
GHM,Municipal,Centerville,US,America/Chicago,GHM
GHN,Guanghan,Guang'an,CN,Asia/Shanghai,GHN
GHS,Melak Airport,,ID,Asia/Makassar,GHS
GHT,Ghat,Ghat,LY,Africa/Tripoli,GHT
GHU,Gualeguaychu,Gualeguaychu,AR,America/Argentina/Cordoba,GHU
GIB,North Front Airport,Gibraltar,GI,Europe/Gibraltar,GIB
GIC,Boigu Island,,AU,Australia/Brisbane,GIC
GID,Gitega,Gitega,BI,Africa/Bujumbura,GID
GIF,Gilbert Field,Inwood,US,America/New_York,GIF
GIG,Galeao Antonio Carlos Jobim International Airport,Duque de Caxias,BR,America/Sao_Paulo,RIO
GII,Siguiri,Siguiri,GN,Africa/Conakry,GII
GIL,Gilgit Airport,Gilgit,PK,Asia/Karachi,GIL
GIM,Miele Mimbale,,GA,Africa/Libreville,GIM
GIR,Girardot,Girardot City,CO,America/Bogota,GIR
GIS,Gisborne Airport,Gisborne,NZ,Pacific/Auckland,GIS
GIT,Geita,Geita,TZ,Africa/Dar_es_Salaam,GIT
GIU,Sigiriya Slaf Base,Sigiriya,LK,Asia/Colombo,GIU
GIY,Giyani,Giyani,ZA,Africa/Johannesburg,GIY
GIZ,Jazan Regional Airport,Jizan,SA,Asia/Riyadh,GIZ
GJA,Guanaja,Guanaja,HN,America/Tegucigalpa,GJA
GJL,Jijel Ferhat Abbas Airport,Jijel,DZ,Africa/Algiers,GJL
GJM,Guajara-Mirim,Guajara Mirim,BR,America/Porto_Velho,GJM
GJR,Gjogur,,IS,Atlantic/Reykjavik,GJR
GJT,Grand Junction Regional Airport,Fruitvale,US,America/Denver,GJT
GKA,Goroka Airport,,PG,Pacific/Port_Moresby,GKA
GKD,Gokceada,Gokceada,TR,Europe/Istanbul,GKD
GKE,Geilenkirchen,Geilenkirchen,DE,Europe/Berlin,GKE
GKH,Gorkha,Lamjung,NP,Asia/Kathmandu,GKH
GKK,Kooddoo Airport,,MV,Indian/Maldives,GKK
GKL,Great Keppel Island,Yeppoon,AU,Australia/Brisbane,GKL
GKN,Gulkana,,US,America/Anchorage,GKN
GKO,Kongoboumba,Booue,GA,Africa/Libreville,GKO
GKT,Gatlinburg,Sevierville,US,America/New_York,GKT
GLA,Glasgow International Airport,Inchinnan,GB,Europe/London,GLA
GLB,San Calos Apache,,US,America/Phoenix,GLB
GLC,Geladi,,ET,Africa/Addis_Ababa,GLC
GLD,Renner Field,Goodland,US,America/Denver,GLD
GLE,Municipal,Gainesville,US,America/Chicago,GLE
GLF,Golfito Airport,,CR,America/Costa_Rica,GLF
GLG,Glengyle,,AU,Australia/Brisbane,GLG
GLH,Greenville Airport,Metcalfe,US,America/Chicago,GLH
GLI,Glen Innes,Glen Innes,AU,Australia/Sydney,GLI
GLK,Galcaio,Gaalkacyo,SO,Africa/Mogadishu,GLK
GLL,Klanten Airport,Gol,NO,Europe/Oslo,GLL
GLM,Glenormiston,,AU,Australia/Brisbane,GLM
GLN,Goulimime Airport,Guelmim,MA,Africa/Casablanca,GLN
GLO,Gloucestershire,Gloucester,GB,Europe/London,GLO
GLP,Gulgubip,,PG,Pacific/Port_Moresby,GLP
GLQ,Glennallen,,US,America/Anchorage,GLQ
GLR,Otsego County,Gaylord,US,America/Detroit,GLR
GLS,Scholes Field,Galveston,US,America/Chicago,GLS
GLT,Gladstone Airport,,AU,Australia/Brisbane,GLT
GLU,Gelephu Airport,Sarpang,BT,Asia/Thimphu,GLU
GLV,Golovin Airport,,US,America/Nome,GLV
GLW,Municipal,Glasgow,US,America/Chicago,GLW
GLX,Galela,,ID,Asia/Jayapura,GLX
GLY,Goldsworthy,,AU,Australia/Perth,GLY
GLZ,Gilze-Rijen,Breda,NL,Europe/Amsterdam,GLZ
GMA,Gemena,Gemena,CD,Africa/Kinshasa,GMA
GMB,Gambela Airport,Gambela,ET,Africa/Addis_Ababa,GMB
GMC,Guerima,Saint Peter Port,CO,America/Bogota,GMC
GMD,Ben Slimane,Bouznika,MA,Africa/Casablanca,GMD
GME,Gomel Airport,Gomel,BY,Europe/Minsk,GME
GMI,Gasmata Island,,PG,Pacific/Port_Moresby,GMI
GMM,Gamboma,Gamboma,CG,Africa/Brazzaville,GMM
GMN,Greymouth,Greymouth,NZ,Pacific/Auckland,GMN
GMO,Gombe Lawanti International Airport,Akko,NG,Africa/Lagos,GMO
GMP,Gimpo International Airport,Bucheon-si,KR,Asia/Seoul,SEL
GMQ,Golog Maqin Airport,Dawu,CN,Asia/Shanghai,GMQ
GMR,Gambier Island,,PF,Pacific/Gambier,GMR
GMS,Guimaraes,Bequimao,BR,America/Fortaleza,GMS
GMT,Granite Mountain,,US,America/Anchorage,GMT
GMU,Greenville Downtown,Greenville,US,America/New_York,GSP
GMV,Monument Valley,,US,America/Denver,GMV
GMZ,La Gomera Airport,Alajero,ES,Atlantic/Canary,GMZ
GNA,Grodno Airport,Hrodna,BY,Europe/Minsk,GNA
GNB,Grenoble-Isere Airport,Saint-Etienne-de-Saint-Geoirs,FR,Europe/Paris,LYS
GND,Maurice Bishop International Airport,Saint George's,GD,America/Grenada,GND
GNF,Gansner Field,Charleston,US,America/Los_Angeles,GNF
GNG,Gooding,Gooding,US,America/Boise,GNG
GNI,Green Island,Taitung,TW,Asia/Taipei,GNI
GNJ,Ganja International Airport,Ganja,AZ,Asia/Baku,GNJ
GNM,Guanambi,Guanambi,BR,America/Bahia,GNM
GNN,Ghinnir,Ginir,ET,Africa/Addis_Ababa,GNN
GNR,General Roca,Sierra Colorada,AR,America/Argentina/Salta,GNR
GNS,Gunungsitoli Airport,,ID,Asia/Jakarta,GNS
GNT,Milan,Grants,US,America/Denver,GNT
GNU,Goodnews Bay,,US,America/Anchorage,GNU
GNV,Gainesville Regional Airport,Gainesville,US,America/New_York,GNV
GNY,Sanliurfa GAP Airport,,TR,Europe/Istanbul,GNY
GNZ,Ghanzi,Ghanzi,BW,Africa/Gaborone,GNZ
GOA,Genoa Cristoforo Colombo Airport,San Teodoro,IT,Europe/Rome,GOA
GOB,Goba,,ET,Africa/Addis_Ababa,GOB
GOC,Gora,,PG,Pacific/Port_Moresby,GOC
GOE,Gonalia,,PG,Pacific/Port_Moresby,GOE
GOF,Goodfellow AFB,,US,America/Chicago,SJT
GOG,Gobabis,,NA,Africa/Windhoek,GOG
GOH,Nuuk Airport,Nuuk,GL,America/Godthab,GOH
GOI,Dabolim Airport,Chicalim,IN,Asia/Kolkata,GOI
GOJ,Nizhny Novgorod International Airport,Gorbatovka,RU,Europe/Moscow,GOJ
GOK,Guthrie,Guthrie,US,America/Chicago,GOK
GOL,State,Gold Beach,US,America/Los_Angeles,GOL
GOM,Goma Airport,Goma,CD,Africa/Lubumbashi,GOM
GON,New London,Long Hill,US,America/New_York,GON
GOO,Goondiwindi,Goondiwindi,AU,Australia/Brisbane,GOO
GOP,Gorakhpur Airport,Gorakhpur,IN,Asia/Kolkata,GOP
GOQ,Golmud Airport,Guolemude,CN,Asia/Shanghai,GOQ
GOR,Gore,Gore,ET,Africa/Addis_Ababa,GOR
GOS,Gosford,East Gosford,AU,Australia/Sydney,GOS
GOT,Goteborg Landvetter Airport,Landvetter,SE,Europe/Stockholm,GOT
GOU,Garoua Airport,Garoua,CM,Africa/Douala,GOU
GOV,Nhulunbuy Airport,,AU,Australia/Darwin,GOV
GOX,Mopa Airport,Mopa,IN,Asia/Kolkata,GOX
GOY,Amparai,Ampara,LK,Asia/Colombo,GOY
GOZ,Gorna Oriahovitsa,Gorna Oryakhovitsa,BG,Europe/Sofia,GOZ
GPA,Araxos Airport,Patra,GR,Europe/Athens,GPA
GPB,Tancredo Thomaz Faria,Guarapuava,BR,America/Sao_Paulo,GPB
GPD,Mount Gordon Mine,,AU,Australia/Brisbane,GPD
GPI,Guapi Airport,,CO,America/Bogota,GPI
GPL,Guapiles,Guapiles,CR,America/Costa_Rica,GPL
GPN,Garden Point,Nightcliff,AU,Australia/Darwin,GPN
GPO,General Pico,General Pico,AR,America/Argentina/Salta,GPO
GPS,Baltra Airport,Puerto Ayora,EC,Pacific/Galapagos,GPS
GPT,Gulfport-Biloxi International Airport,West Gulfport,US,America/Chicago,GPT
GPZ,Grand Rapids,Grand Rapids,US,America/Chicago,GPZ
GQQ,Galion,Galion,US,America/New_York,GQQ
GRA,Gamarra,Gamarra,CO,America/Bogota,GRA
GRB,Austin Straubel International Airport,Ashwaubenon,US,America/Chicago,GRB
GRC,Grand Cess,,LR,Africa/Monrovia,GRC
GRD,Greenwood,Greenwood,US,America/New_York,GRD
GRE,Municipal,Greenville,US,America/Chicago,GRE
GRF,Gray AAF,Fort Lewis,US,America/Los_Angeles,TIW
GRG,Gardez,Gardez,AF,Asia/Kabul,GRG
GRH,Garuahi,,PG,Pacific/Port_Moresby,GRH
GRI,Grand Island Airport,Grand Island,US,America/Chicago,GRI
GRJ,George Airport,George,ZA,Africa/Johannesburg,GRJ
GRK,Robert Gray Army Airfield,Fort Hood,US,America/Chicago,ILE
GRL,Garasa,,PG,Pacific/Port_Moresby,GRL
GRM,Devils Track,Newberry,US,America/Chicago,GRM
GRN,Gordon,Gordon,US,America/Denver,GRN
GRO,Girona-Costa Brava Airport,Vilobi d'Onyar,ES,Europe/Madrid,GRO
GRP,Gurupi,,BR,America/Araguaina,GRP
GRQ,Eelde Airport,Vries,NL,Europe/Amsterdam,GRQ
GRR,Gerald R. Ford International Airport,Forest Hills,US,America/Detroit,GRR
GRS,Baccarini,Grosseto,IT,Europe/Rome,GRS
GRT,Gujrat,Lala Musa,PK,Asia/Karachi,GRT
GRU,Sao Paulo-Guarulhos International Airport,Guarulhos,BR,America/Sao_Paulo,SAO
GRV,Groznyy Airport,Staraya Sunzha,RU,Europe/Moscow,GRV
GRW,Graciosa Island Airport,Lagoa,PT,Atlantic/Azores,GRW
GRX,Granada Airport,Chauchina,ES,Europe/Madrid,GRX
GRY,Grimsey,Dalvik,IS,Atlantic/Reykjavik,GRY
GRZ,Graz Airport,Feldkirchen bei Graz,AT,Europe/Vienna,GRZ
GSA,Long Pasia,Kayan Hulu,MY,Asia/Kuching,GSA
GSB,Seymour Johnson AFB,Goldsboro,US,America/New_York,GSB
GSC,Gascoyne Junction,,AU,Australia/Perth,GSC
GSE,Gothenburg City Airport,Majorna,SE,Europe/Stockholm,GOT
GSH,Goshen,Goshen,US,America/Indiana/Indianapolis,GSH
GSI,Guadalcanal,,SB,Pacific/Guadalcanal,GSI
GSJ,Puerto San Jose,Puerto San Jose,GT,America/Guatemala,GSJ
GSL,Taltheilei Narrows,,CA,America/Yellowknife,GSL
GSM,Dayrestan Airport,Bandar-e Khamir,IR,Asia/Tehran,GSM
GSN,Mount Gunson,,AU,Australia/Adelaide,GSN
GSO,Piedmont Triad International Airport,Oak Ridge,US,America/New_York,GSO
GSP,Greenville-Spartanburg International Airport,Greer,US,America/New_York,GSP
GSQ,Shark Elowainat,,EG,Africa/Cairo,GSQ
GSR,Gardo,,SO,Africa/Mogadishu,GSR
GSS,Sabi Sabi,Graksop,ZA,Africa/Johannesburg,GSS
GST,Gustavus Airport,,US,America/Juneau,GST
GSU,Gedaref,Al Qadarif,SD,Africa/Khartoum,GSU
GSV,Saratov Gagarin Airport,Shumeyka,RU,Europe/Saratov,RTW
GSY,Binbrook,Grimsby,GB,Europe/London,GSY
GTA,Gatokae Aerodrom,,SB,Pacific/Guadalcanal,GTA
GTB,Genting,,MY,Asia/Kuala_Lumpur,GTB
GTC,Green Turtle,Hard Bargain,BS,America/Nassau,GTC
GTE,Alyangula Airport,,AU,Australia/Darwin,GTE
GTF,Great Falls International Airport,Great Falls,US,America/Denver,GTF
GTG,Municipal,Grantsburg,US,America/Chicago,GTG
GTI,Guettin,Ostseebad Dierhagen,DE,Europe/Berlin,GTI
GTK,Sungei Tekai,Segamat,MY,Asia/Kuala_Lumpur,GTK
GTN,Glentanner,,NZ,Pacific/Auckland,MON
GTO,Tolotio Airport,Isimu,ID,Asia/Makassar,GTO
GTP,Grants Pass,Merlin,US,America/Los_Angeles,GTP
GTR,Golden Triangle Regional Airport,West Point,US,America/Chicago,UBS
GTS,Granites,,AU,Australia/Darwin,GTS
GTT,Georgetown Airport,Georgetown,AU,Australia/Brisbane,GTT
GTW,Holesov,Otrokovice,CZ,Europe/Prague,GTW
GTY,Gettysburg,Gettysburg,US,America/New_York,GTY
GTZ,Kirawira B,Issenye,TZ,Africa/Dar_es_Salaam,GTZ
GUA,La Aurora International Airport,Santa Catarina Pinula,GT,America/Guatemala,GUA
GUB,Guerrero Negro,San Luis,MX,America/Mazatlan,GUB
GUC,Gunnison Airport,Gunnison,US,America/Denver,GUC
GUD,Goundam,Goundam,ML,Africa/Bamako,GUD
GUE,Guriaso,,PG,Pacific/Port_Moresby,GUE
GUF,Edwards,Orange Beach,US,America/Chicago,GUF
GUG,Guari,,PG,Pacific/Port_Moresby,GUG
GUH,Gunnedah,Gunnedah,AU,Australia/Sydney,GUH
GUI,Guiria,Gueiria,VE,America/Caracas,GUI
GUJ,Guaratingueta,Guaratingueta,BR,America/Sao_Paulo,GUJ
GUL,Goulburn,Goulburn,AU,Australia/Sydney,GUL
GUM,A.B. Won Pat International Airport,Tamuning-Tumon-Harmon Village,GU,Pacific/Guam,GUM
GUN,Gunter AFB,,US,America/Chicago,MGM
GUO,Gualaco,Gualaco,HN,America/Tegucigalpa,GUO
GUP,Senator Clark,Gallup,US,America/Denver,GUP
GUQ,Guanare,Guanare,VE,America/Caracas,GUQ
GUR,Gurney Airport,,PG,Pacific/Port_Moresby,GUR
GUS,Grissom AFB,Peru,US,America/Indiana/Indianapolis,GUS
GUT,Guetersloh,,DE,Europe/Berlin,GUT
GUU,Grundarfjordur,,IS,Atlantic/Reykjavik,GUU
GUV,Mougulu,,PG,Pacific/Port_Moresby,GUV
GUW,Atyrau Airport,Atyrau,KZ,Asia/Aqtau,GUW
GUX,Guna,Guna,IN,Asia/Kolkata,GUX
GUY,Guymon,Guymon,US,America/Chicago,GUY
GUZ,Guarapari,Guarapari,BR,America/Sao_Paulo,QDL
GVA,Geneve Airport,Les Avanchets,CH,Europe/Zurich,GVA
GVE,Municipal,Gordonsville,US,America/New_York,GVE
GVI,Green River,,PG,Pacific/Port_Moresby,GVI
GVL,Lee Gilmer Memorial,Gainesville,US,America/New_York,GVL
GVN,May-Gatka,Mayskiy,RU,Asia/Vladivostok,GVN
GVP,Greenvale,,AU,Australia/Brisbane,GVP
GVR,Governador Valadares Airport,Governador Valadares,BR,America/Sao_Paulo,GVR
GVT,Majors Field,Greenville,US,America/Chicago,GVT
GVW,Richards-Gebaur,Grandview,US,America/Chicago,GVW
GVX,Sandviken,Valbo,SE,Europe/Stockholm,GVX
GWA,Gwa,,MM,Asia/Rangoon,GWA
GWD,Gwadar Airport,Gwadar,PK,Asia/Karachi,GWD
GWE,Gweru,Gweru,ZW,Africa/Harare,GWE
GWL,Gwalior Airport,Morar,IN,Asia/Kolkata,GWL
GWN,Gnarowein,,PG,Pacific/Port_Moresby,GWN
GWO,Leflore,Greenwood,US,America/Chicago,GWO
GWS,Glenwood Springs,,US,America/Denver,GWS
GWT,Westerland - Sylt Airport,Tinnum,DE,Europe/Berlin,GWT
GWV,Glendale,Glendale,US,America/New_York,GWV
GWY,Carnmore,Gaillimh,IE,Europe/Dublin,GWY
GXA,Beringin Airport,,ID,Asia/Pontianak,GXA
GXF,Seiyun,Al Hamdi,YE,Asia/Aden,GXF
GXG,Negage,Camabatela,AO,Africa/Luanda,GXG
GXH,Gannan Xiahe Airport,Nawu,CN,Asia/Shanghai,GXH
GXQ,Ten. Vidal,Coihaique,CL,America/Santiago,GXQ
GXX,Yagoua,Yagoua,CM,Africa/Douala,GXX
GXY,Weld County,Greeley,US,America/Denver,GXY
GYA,Guayaramerin Airport,Guayaramerin,BO,America/La_Paz,GYA
GYB,Wodgina Airport,Wodgina,AU,Australia/Perth,GYB
GYD,Heydar Aliyev International Airport,Yeni Suraxani,AZ,Asia/Baku,BAK
GYE,Jose Joaquin de Olmedo Airport,Eloy Alfaro,EC,America/Guayaquil,GYE
GYG,Magan Airport,Magan,RU,Asia/Yakutsk,GYG
GYI,Gisenyi,Gisenyi,RW,Africa/Kigali,GYI
GYL,Argyle,,AU,Australia/Perth,GYL
GYM,Gen Jose M Yanez,Heroica Guaymas,MX,America/Hermosillo,GYM
GYN,Santa Genoveva Airport,Goiania,BR,America/Sao_Paulo,GYN
GYO,Bandar Udara Senubung,Blangkejeren,ID,Asia/Jakarta,GYO
GYP,Gympie,Gympie,AU,Australia/Brisbane,GYP
GYR,Litchfield,Avondale,US,America/Phoenix,GYR
GYS,Guang Yuan Airport,Guangyuan,CN,Asia/Shanghai,GYS
GYU,Guyuan Liupanshan Airport,Shirak,CN,Asia/Shanghai,GYU
GYY,Gary/Chicago International,East Chicago,US,America/Chicago,GYY
GYZ,Gruyere Mine Airport,,AU,Australia/Perth,GYZ
GZA,Gaza - Yaser Arafat International Airport,Shukat as Sufi,PS,Asia/Gaza,GZA
GZG,Garze Gesar Airport,Ganzi,CN,Asia/Shanghai,GZG
GZI,Ghazni,Khayr Kot,AF,Asia/Kabul,GZI
GZM,Gozo Heliport,Saint Lucia,MT,Europe/Malta,GZM
GZO,Gizo Airport,,SB,Pacific/Guadalcanal,GZO
GZP,Gazipasa Airport,Gazipasa,TR,Europe/Istanbul,GZP
GZT,Gaziantep Airport,Oguzeli,TR,Europe/Istanbul,GZT
GZW,Ghazvin,Qazvin,IR,Asia/Tehran,GZW
HAA,Hasvik Airport,Breivikbotn,NO,Europe/Oslo,HAA
HAB,Marion County,Hamilton,US,America/Chicago,HAB
HAC,Hachijo Jima Airport,,JP,Asia/Tokyo,HAC
HAD,Halmstad Airport,Halmstad,SE,Europe/Stockholm,HAD
HAE,Havasupai,,US,America/Phoenix,HAE
HAF,Half Moon,Half Moon Bay,US,America/Los_Angeles,HAF
HAH,Prince Said Ibrahim Internatonal Airport,,KM,Indian/Comoro,YVA
HAI,Dr Haines,Three Rivers,US,America/Detroit,HAI
HAJ,Hannover Airport,Langenhagen,DE,Europe/Berlin,HAJ
HAK,Haikou Airport,,CN,Asia/Shanghai,HAK
HAL,Halali,,NA,Africa/Windhoek,HAL
HAM,Hamburg Airport,Fuhlsbuettel,DE,Europe/Berlin,HAM
HAN,Noi Bai International Airport,Soc Son,VN,Asia/Ho_Chi_Minh,HAN
HAO,Hamilton,Hamilton,US,America/New_York,HAO
HAP,Long Island,,AU,Australia/Brisbane,HAP
HAQ,Hanimaadhoo Airport,Dhidhdhoo,MV,Indian/Maldives,HAQ
HAR,Capital City,Steelton,US,America/New_York,HAR
HAS,Hail Airport,Hayil,SA,Asia/Riyadh,HAS
HAT,Heathlands,,AU,Australia/Brisbane,HAT
HAU,Haugesund Airport,Vedavagen,NO,Europe/Oslo,HAU
HAV,Jose Marti International Airport,Boyeros,CU,America/Havana,HAV
HAW,Haverfordwest,Haverfordwest,GB,Europe/London,HAW
HAX,Hatbox Field,,US,America/Chicago,MKO
HAY,Haycock,,US,America/Anchorage,HAY
HAZ,Hatzfeldthaven,,PG,Pacific/Port_Moresby,HAZ
HBA,Hobart International Airport,Seven Mile Beach,AU,Australia/Hobart,HBA
HBB,Industrial Airpark,,US,America/Denver,HOB
HBC,Hanus Bay,,US,America/Sitka,HBC
HBD,Habi,,PG,Pacific/Port_Moresby,HBD
HBE,Borg El Arab Airport,Alexandria,EG,Africa/Cairo,ALY
HBG,The Hattiesburg-Bobby L. Chain Mun.,Hattiesburg,US,America/Chicago,HBG
HBH,Hobart Bay,,US,America/Juneau,HBH
HBI,Harbour Island,Dunmore Town,BS,America/Nassau,HBI
HBK,Holbrook Municipal,Holbrook,US,America/Phoenix,HBK
HBN,Flamingo,Tan Bien,VN,Asia/Ho_Chi_Minh,HBN
HBO,Municipal,Pawnee City,US,America/Chicago,HBO
HBQ,Qilian Airport,Hongtu,CN,Asia/Shanghai,HBQ
HBR,Hobart,Hobart,US,America/Chicago,HBR
HBT,Hafr Albatin,,LK,Asia/Colombo,HRI
HBU,Bulgan Hovd,Burenhayrhan,MN,Asia/Hovd,HBU
HBX,Hubli Airport,Hubli,IN,Asia/Kolkata,HBX
HCA,Howard County,Big Spring,US,America/Chicago,HCA
HCB,Shoal Cove,,US,America/Anchorage,HCB
HCC,Columbia County,Stottville,US,America/New_York,HCC
HCJ,Hechi Jinchengjiang Airport,Nandan Chengguanzhen,CN,Asia/Shanghai,HCJ
HCM,Eil,Eyl,SO,Africa/Mogadishu,HCM
HCN,Hengchun,,TW,Asia/Taipei,HCN
HCQ,Halls Creek,,AU,Australia/Perth,HCQ
HCR,Holy Cross Airport,,US,America/Anchorage,HCR
HCW,Cheraw,Cheraw,US,America/New_York,HCW
HCZ,Chenzhou Beihu Airport,Chenzhou,CN,Asia/Shanghai,HCZ
HDA,Hidden Falls,,US,America/Sitka,HDA
HDB,Airfield Heidelberg,Heidelberg,DE,Europe/Berlin,HDB
HDD,Hyderabad,Kotri,PK,Asia/Karachi,HDD
HDE,Brewster Field,Holdrege,US,America/Chicago,HDE
HDF,Heringsdorf Airport,Seebad Heringsdorf,DE,Europe/Berlin,HDF
HDG,Handan Airport,Handan,CN,Asia/Shanghai,HDG
HDH,Dillingham Airfield,Mililani Town,US,Pacific/Honolulu,HDH
HDK,Kulhudhuffushi Airport,Kulhudhuffushi,MV,Indian/Maldives,HDK
HDM,Hamadan Airport,Hamadan,IR,Asia/Tehran,HDM
HDN,Yampa Valley Airport,Hayden,US,America/Denver,HDN
HDR,Havadarya,Qeshm,IR,Asia/Tehran,HDR
HDS,Hoedspruit Airport,Hoedspruit,ZA,Africa/Johannesburg,HDS
HDY,Hat Yai International Airport,Khlong Hoi Khong,TH,Asia/Bangkok,HDY
HEA,Herat International Airport,Guzarah,AF,Asia/Kabul,HEA
HEB,Henzada,Hinthada,MM,Asia/Rangoon,HEB
HED,Herendeen,,US,America/Anchorage,HED
HEE,Thompson-Robbins,Helena,US,America/Chicago,HEE
HEH,Heho Airport,,MM,Asia/Rangoon,HEH
HEI,Heide-Buesum,Oesterdeichstrich,DE,Europe/Berlin,HEI
HEK,Heihe Airport,Xinfu,CN,Asia/Shanghai,HEK
HEL,Helsinki-Vantaa Airport,,FI,Europe/Helsinki,HEL
HEM,Helsinki-malmi,,FI,Europe/Helsinki,HEL
HEN,Hendon,Hendon,FI,Europe/Helsinki,HEL
HEO,Haelogo,,PG,Pacific/Port_Moresby,HEO
HER,Heraklion Airport,Nea Alikarnassos,GR,Europe/Athens,HER
HES,State,Hermiston,US,America/Los_Angeles,HES
HET,Hohhot Baita International Airport,Haoxinying,CN,Asia/Shanghai,HET
HEV,Huelva,Huelva,ES,Europe/Madrid,HEV
HEW,Hengdian Airport,Nanshi,CN,Asia/Shanghai,HEW
HEX,Santo Domingo Herrera,,DO,America/Santo_Domingo,SDQ
HEY,Hanchey Army Heliport,Morgan,US,America/Chicago,OZR
HEZ,Hardy-Anders,Morgantown,US,America/Chicago,HEZ
HFA,Haifa Airport,Qiryat Mozqin,IL,Asia/Jerusalem,HFA
HFD,Brainard,Wethersfield,US,America/New_York,HFD
HFE,Hefei Xinqiao Airport,,CN,Asia/Shanghai,HFE
HFF,Mackall AAF,Pinebluff,US,America/New_York,HFF
HFN,Hornafjordur,Hoefn,IS,Atlantic/Reykjavik,HFN
HFS,Hagfors Airport,Hagfors,SE,Europe/Stockholm,HFS
HFT,Hammerfest Airport,Hammerfest,NO,Europe/Oslo,HFT
HGA,Hargeisa Airport,Hargeysa,SO,Africa/Mogadishu,HGA
HGD,Hughenden,,AU,Australia/Brisbane,HGD
HGE,Higuerote Airport,Higuerote,VE,America/Caracas,HGE
HGH,Hangzhou Xiaoshan International Airport,,CN,Asia/Shanghai,HGH
HGI,Higlieg,Abu Jibeha,SD,Africa/Khartoum,HGI
HGL,Helgoland,Helgoland,DE,Europe/Berlin,HGL
HGN,Mae Hong Son Airport,Mae Hong Son,TH,Asia/Bangkok,HGN
HGO,Korhogo Airport,Korhogo,CI,Africa/Abidjan,HGO
HGR,Wash. County Regional Airport,State Line,US,America/New_York,HGR
HGS,Hastings,Hastings,SL,Africa/Freetown,FNA
HGT,Hunter AAF,,US,America/Los_Angeles,HGT
HGU,Mount Hagen Airport,Mount Hagen,PG,Pacific/Port_Moresby,HGU
HGZ,Hogatza,,US,America/Anchorage,HGZ
HHE,Hachinohe,Uchimaru,JP,Asia/Tokyo,HHE
HHH,Hilton Head Airport,Hilton Head Island,US,America/New_York,HHH
HHI,Wheeler AFB,Wahiawa,US,Pacific/Honolulu,HHI
HHN,Frankfurt - Hahn Airport,Lautzenhausen,DE,Europe/Berlin,FRA
HHP,H K Heliport,,HK,Asia/Hong_Kong,HKG
HHQ,Hua Hin Airport,Hua Hin,TH,Asia/Bangkok,HHQ
HHR,Hawthorne,Hawthorne,US,America/Los_Angeles,HHR
HHZ,Hikueru,,PF,Pacific/Tahiti,HHZ
HIA,Huai'an Lianshui Airport,Huai'an,CN,Asia/Shanghai,HIA
HIB,Chisholm Airport,Hibbing,US,America/Chicago,HIB
HID,Horn Island Airport,,AU,Australia/Brisbane,HID
HIE,Regional,Whitefield,US,America/New_York,HIE
HIF,Hill AFB,Ogden,US,America/Denver,OGD
HIG,Highbury,,AU,Australia/Brisbane,HIG
HIH,Hook Island,,AU,Australia/Brisbane,HIH
HII,Municipal,Desert Hills,US,America/Phoenix,HII
HIJ,Hiroshima Airport,Takehara,JP,Asia/Tokyo,HIJ
HIK,Hickam AFB,Honolulu,US,Pacific/Honolulu,HNL
HIL,Shillavo,,ET,Africa/Addis_Ababa,HIL
HIM,Hingurakgoda,Polonnaruwa,LK,Asia/Colombo,HIM
HIN,Sacheon Airport,Chinju,KR,Asia/Seoul,HIN
HIO,Portland,Hillsboro,US,America/Los_Angeles,HIO
HIP,Headingly,,AU,Australia/Brisbane,HIP
HIR,Honiara International Airport,,SB,Pacific/Guadalcanal,HIR
HIS,Hayman Island,,AU,Australia/Lindeman,HIS
HIT,Haivaro,,PG,Pacific/Port_Moresby,HIT
HIW,Hiroshima West,Hiroshima-shi,JP,Asia/Tokyo,HIJ
HJJ,Zhijiang Airport,Zhijiang,CN,Asia/Shanghai,HJJ
HJR,Khajuraho Airport,Khajuraho,IN,Asia/Kolkata,HJR
HJT,Khujirt,,MN,Asia/Ulaanbaatar,HJT
HKA,Municipal,Blytheville,US,America/Chicago,BYH
HKB,Healy Lake,,US,America/Anchorage,HKB
HKD,Hakodate Airport,Hakodate,JP,Asia/Tokyo,HKD
HKG,Hong Kong International Airport,Tuen Mun,HK,Asia/Hong_Kong,HKG
HKK,Hokitika Airport,,NZ,Pacific/Auckland,HKK
HKN,Hoskins Airport,,PG,Pacific/Port_Moresby,HKN
HKR,Mara North Airstrip,Keroka,KE,Africa/Nairobi,HKR
HKS,Hawkins Field,Jackson,US,America/Chicago,JAN
HKT,Phuket International Airport,,TH,Asia/Bangkok,HKT
HKV,Haskovo,Haskovo,BG,Europe/Sofia,HKV
HKY,Hickory,Longview,US,America/New_York,HKY
HLA,Lanseria International Airport,Diepsloot,ZA,Africa/Johannesburg,JNB
HLB,Hillenbrand,Batesville,US,America/Indiana/Indianapolis,HLB
HLC,Hill City,Hill City,US,America/Chicago,HLC
HLD,Hulunbuir Hailar Airport,Fendou,CN,Asia/Shanghai,HLD
HLE,Saint Helena Airport,Jamestown,SH,Atlantic/St_Helena,HLE
HLF,Hultsfred - Vimmerby,Hultsfred,SE,Europe/Stockholm,HLF
HLG,Ohio County,Tiltonsville,US,America/New_York,HLG
HLH,Ulanhot Airport,Heping,CN,Asia/Shanghai,HLH
HLI,Hollister,Hollister,US,America/Los_Angeles,HLI
HLJ,Beidahuang General Airport,Zhaodong,CN,Asia/Shanghai,HLJ
HLL,Hillside,,AU,Australia/Perth,HLL
HLM,Park Township,Holland,US,America/Detroit,HLM
HLN,Helena Regional Airport,Helena,US,America/Denver,HLN
HLP,Halim Perdanakusuma Airport,Jakarta,ID,Asia/Jakarta,JKT
HLR,Fort Hood AAF,Killeen,US,America/Chicago,ILE
HLS,St Helens,St Helens,AU,Australia/Hobart,HLS
HLT,Hamilton,Hamilton,AU,Australia/Melbourne,HLT
HLU,Houailou,Canala,NC,Pacific/Noumea,HLU
HLV,Helenvale,,AU,Australia/Brisbane,HLV
HLW,Hluhluwe,,ZA,Africa/Johannesburg,HLW
HLY,Anglesey Airport,Holyhead,GB,Europe/London,HLY
HLZ,Hamilton International Airport,Hamilton,NZ,Pacific/Auckland,HLZ
HMA,Khanty-Mansiysk Airport,Khanty-Mansiysk,RU,Asia/Yekaterinburg,HMA
HMB,Mubarak International Airport,Al Manshah,EG,Africa/Cairo,HMB
HME,Oued Irara Airport,Hassi Messaoud,DZ,Africa/Algiers,HME
HMG,Hermannsburg,,AU,Australia/Darwin,HMG
HMI,Hami Airport,Hami,CN,Asia/Shanghai,HMI
HMJ,Khmelnitskiy,Khmel'nyts'kyy,UA,Europe/Kiev,HMJ
HMN,Holloman AFB,Alamogordo,US,America/Denver,ALM
HMO,Gen Pesqueira Garcia Airport,Hermosillo,MX,America/Hermosillo,HMO
HMR,Hamar Airport,Hamar,NO,Europe/Oslo,HMR
HMS,Homeshore,,US,America/Juneau,HMS
HMT,Ryan Field,Green Acres,US,America/Los_Angeles,HMT
HMV,Hemavan Airport,,SE,Europe/Stockholm,HMV
HMY,Seosan Airport,Suisan,KR,Asia/Seoul,HMY
HNA,Hanamaki Airport,Hanamaki,JP,Asia/Tokyo,HNA
HNB,Municipal,Huntingburg,US,America/Indiana/Vincennes,HNB
HNC,Hatteras,Buxton,US,America/New_York,HNC
HND,Haneda Airport,Kawasaki,JP,Asia/Tokyo,TYO
HNE,Tahneta Pass,,US,America/Anchorage,HNE
HNG,Hienghene,Hienghene,NC,Pacific/Noumea,HNG
HNH,Hoonah Airport,,US,America/Juneau,HNH
HNI,Heiweni,Enewetak,PG,Pacific/Port_Moresby,HNI
HNL,Honolulu International Airport,Hickam Field,US,Pacific/Honolulu,HNL
HNM,Hana Airport,Hana,US,Pacific/Honolulu,HNM
HNN,Honinabi,,PG,Pacific/Port_Moresby,HNN
HNS,Haines Municipal Airport,,US,America/Juneau,HNS
HNX,Hanna,,US,America/Denver,HNX
HNY,Hengyang Nanyue Airport,Hengyang,CN,Asia/Shanghai,HNY
HOA,Hola,Hola,KE,Africa/Nairobi,HOA
HOB,Lea County Airport,Hobbs,US,America/Denver,HOB
HOC,Komako,,PG,Pacific/Port_Moresby,HOC
HOD,Hodeidah Airport,Al Hudaydah,YE,Asia/Aden,HOD
HOE,Houeisay,,LA,Asia/Vientiane,HOE
HOF,Al-Ahsa Airport,Al Hufuf,SA,Asia/Riyadh,HOF
HOG,Frank Pais Airport,Cacocum,CU,America/Havana,HOG
HOH,Hohenems-Dornbirn,,AT,Europe/Vienna,HOH
HOI,Hao Island,,PF,Pacific/Tahiti,HOI
HOK,Hooker Creek,,AU,Australia/Darwin,HOK
HOL,Holikachu,,US,America/Anchorage,HOL
HOM,Homer Airport,,US,America/Anchorage,HOM
HON,Howes,Huron,US,America/Chicago,HON
HOO,Nhon Co,Gia Nghia,VN,Asia/Ho_Chi_Minh,HOO
HOP,Campbell AAF,Hopkinsville,US,America/Chicago,HOP
HOQ,Hof,Konradsreuth,DE,Europe/Berlin,HOQ
HOR,Horta Airport,Ribeira Grande,PT,Atlantic/Azores,HOR
HOS,Oscar Reguera,Chos Malal,AR,America/Argentina/Salta,HOS
HOT,Memorial Field,Piney,US,America/Chicago,HOT
HOU,William P. Hobby Airport,,US,America/Chicago,HOU
HOV,Hovden Airport,Volda,NO,Europe/Oslo,HOV
HOW,Howard AFB,,PA,America/Panama,HOW
HOX,Homalin Airport,Yairipok,MM,Asia/Rangoon,HOX
HOY,Hoy Island,Stromness,GB,Europe/London,HOY
HPA,Salote Pilolevu,Pangai,TO,Pacific/Tongatapu,HPA
HPB,Hooper Bay Airport,,US,America/Nome,HPB
HPE,Hope Vale,,AU,Australia/Brisbane,HPE
HPG,Shennongjia Hongping Airport,Hongping,CN,Asia/Shanghai,HPG
HPH,Cat Bi International Airport,Haiphong,VN,Asia/Ho_Chi_Minh,HPH
HPN,Westchester County Airport,Purchase,US,America/New_York,HPN
HPT,Municipal,Hampton,US,America/Chicago,HPT
HPV,Princeville,Princeville,US,Pacific/Honolulu,LIH
HPY,Baytown Airport,Baytown,US,America/Chicago,HPY
HQL,Tashkurgan Airport,Taxkorgan Tajik,CN,Asia/Urumqi,HQL
HQM,Bowerman,Hoquiam,US,America/Los_Angeles,HQM
HRA,Mansehra,Mansehra,PK,Asia/Karachi,HRA
HRB,Harbin Taiping International Airport,,CN,Asia/Shanghai,HRB
HRC,Zhairem,Qarazhal,KZ,Asia/Almaty,HRC
HRE,Harare International Airport,Epworth,ZW,Africa/Harare,HRE
HRF,Hoarafushi Airport,Hoarafushi,MV,Indian/Maldives,HRF
HRG,Hurghada International Airport,Hurghada,EG,Africa/Cairo,HRG
HRI,Mattala Rajapaksa International Airport,,LK,Asia/Colombo,HRI
HRJ,Chaurjhari,Tulsipur,NP,Asia/Kathmandu,HRJ
HRK,Kharkov Airport,Bezlyudivka,UA,Europe/Kiev,HRK
HRL,Valley International Airport,Harlingen,US,America/Chicago,HRL
HRM,Tilrempt,Berriane,DZ,Africa/Algiers,HRM
HRN,Heliport,Gladstone,AU,Australia/Brisbane,HRN
HRO,Boone County Airport,Harrison,US,America/Chicago,HRO
HRR,Herrera,,CO,America/Bogota,HRR
HRS,Harrismith Airport,Kriel,ZA,Africa/Johannesburg,HRS
HRT,Linton-On-Ouse,Harrogate,GB,Europe/London,HRT
HRY,Henbury,,AU,Australia/Darwin,HRY
HRZ,Horizontina,Horizontina,BR,America/Sao_Paulo,HRZ
HSA,Hazret Sultan International Airport,Kentau,KZ,Asia/Almaty,HSA
HSB,Raleigh,Harrisburg,US,America/Chicago,HSB
HSC,Shaoguan,Xinshao,CN,Asia/Shanghai,HSC
HSF,Suifenhe Dongning Airport,Suifenhe,CN,Asia/Shanghai,HSF
HSG,Saga Airport,Okawa,JP,Asia/Tokyo,HSG
HSH,Henderson Executive,Whitney,US,America/Los_Angeles,LAS
HSI,Hastings,Hastings,US,America/Chicago,HSI
HSJ,Shangjie Airport,Gongyi,CN,Asia/Shanghai,HSJ
HSK,Huesca-Pirineos,Alcala del Obispo,ES,Europe/Madrid,HSK
HSL,Huslia Airport,,US,America/Anchorage,HSL
HSM,Horsham,,AU,Australia/Melbourne,HSM
HSN,Putuoshan Airport,Dadong'ao,CN,Asia/Shanghai,HSN
HSP,Ingalls Field,Warm Springs,US,America/New_York,HSP
HSS,Hissar,Hisar,IN,Asia/Kolkata,HSS
HST,AFB,Homestead,US,America/New_York,HST
HSV,Huntsville International Airport,Madison,US,America/Chicago,HSV
HSZ,Hsinchu,Hsinchu,TW,Asia/Taipei,HSZ
HTA,Chita Airport,Domna,RU,Asia/Chita,HTA
HTB,Terre-de-Bas,,GP,America/Guadeloupe,HTB
HTG,Hatanga Airport,Khatanga,RU,Asia/Krasnoyarsk,HTG
HTH,Hawthorne,Hawthorne,US,America/Los_Angeles,HTH
HTI,Hamilton Island Airport,,AU,Australia/Lindeman,HTI
HTL,Roscommon County,Roscommon,US,America/Detroit,HTL
HTM,Khatgal,Manhan,MN,Asia/Ulaanbaatar,HTM
HTN,Hotan Airport,Nu'erbage,CN,Asia/Shanghai,HTN
HTO,East Hampton,Bridgehampton,US,America/New_York,HTO
HTR,Hateruma,,JP,Asia/Tokyo,HTR
HTS,Tri-State/Milton Airport,Ceredo,US,America/New_York,HTS
HTT,Huatugou Airport,Gasi,CN,Asia/Shanghai,HTT
HTU,Hopetoun,,AU,Australia/Melbourne,HTU
HTV,Huntsville,Huntsville,US,America/Chicago,HTV
HTW,Lawrence County Airpark,,US,America/New_York,HTW
HTY,Hatay Airport,Serinyol,TR,Europe/Istanbul,HTY
HTZ,Hato Corozal,Socota,CO,America/Bogota,HTZ
HUA,Redstone AAF,Huntsville,US,America/Chicago,HSV
HUB,Humbert River,,AU,Australia/Darwin,HUB
HUC,Humacao Airport,Bajandas,PR,America/Puerto_Rico,HUC
HUD,Humboldt,Humboldt,US,America/Chicago,HUD
HUE,Humera Airport,,ET,Africa/Addis_Ababa,HUE
HUF,Hulman Field,Seelyville,US,America/Indiana/Indianapolis,HUF
HUG,Huehuetenango,Huehuetenango,GT,America/Guatemala,HUG
HUH,Huahine Airport,Fare,PF,Pacific/Tahiti,HUH
HUI,Phu Bai International Airport,Phu Vang,VN,Asia/Ho_Chi_Minh,HUI
HUJ,Hugo,Hugo,US,America/Chicago,HUJ
HUK,Hukuntsi,Hukuntsi,BW,Africa/Gaborone,HUK
HUL,International,Houlton,US,America/New_York,HUL
HUM,Terrebonne,Presquille,US,America/Chicago,HUM
HUN,Hualien Airport,Hualien City,TW,Asia/Taipei,HUN
HUO,Holingol Huolinhe Airport,Mositai,CN,Asia/Shanghai,HUO
HUQ,Houn,Hun,LY,Africa/Tripoli,HUQ
HUS,Hughes Municipal Airport,,US,America/Anchorage,HUS
HUT,Hutchinson,Hutchinson,US,America/Chicago,HUT
HUU,Huanuco Airport,Huanuco,PE,America/Lima,HUU
HUV,Hudiksvall,Hudiksvall,SE,Europe/Stockholm,HUV
HUW,Humaita,,BR,America/Manaus,HUW
HUX,Huatulco Airport,Sector H Tres,MX,America/Mexico_City,HUX
HUY,Humberside Airport,Croxton,GB,Europe/London,HUY
HUZ,Huizhou Airport,Longfeng,CN,Asia/Shanghai,HUZ
HVA,Analalava,,MG,Indian/Antananarivo,HVA
HVB,Hervey Bay Airport,,AU,Australia/Brisbane,HVB
HVD,Khovd Airport,Khovd,MN,Asia/Hovd,HVD
HVE,Intermediate,Ferron,US,America/Denver,HVE
HVG,Valan Airport,Honningsvag,NO,Europe/Oslo,HVG
HVK,Holmavik,,IS,Atlantic/Reykjavik,HVK
HVN,New Haven Airport,East Haven,US,America/New_York,HVN
HVR,Havre City County Airport,Havre,US,America/Denver,HVR
HVS,Municipal,North Hartsville,US,America/New_York,HVS
HWA,Hawabango,,PG,Pacific/Port_Moresby,HWA
HWD,Hayward Executive Airport,Hayward,US,America/Los_Angeles,HWD
HWI,SPB,,US,America/Juneau,HWI
HWK,Wilpena Pound,,AU,Australia/Adelaide,HWK
HWN,Hwange Nat Park,Sua,ZW,Africa/Harare,HWN
HWO,North Perry,Hollywood,US,America/New_York,HWO
HXD,Delingha Airport,Keluke,CN,Asia/Urumqi,HXD
HXX,Hay,Hay,AU,Australia/Sydney,HXX
HYA,Barnstable Municipal Airport,Hyannis,US,America/New_York,HYA
HYC,High Wycombe,High Wycombe,GB,Europe/London,HYC
HYD,Rajiv Gandhi International Airport,Balapur,IN,Asia/Kolkata,HYD
HYF,Hayfields,,PG,Pacific/Port_Moresby,HYF
HYG,Hydaburg Sea Plane Base,,US,America/Sitka,HYG
HYL,SPB,,US,America/Sitka,HYL
HYN,Luqiao Airport,Hengjie,CN,Asia/Shanghai,HYN
HYR,Municipal,Hayward,US,America/Chicago,HYR
HYS,Hays Municipal Airport,Hays,US,America/Chicago,HYS
HYV,Hyvinkaa,Hyvinge,FI,Europe/Helsinki,HYV
HZA,Establecimiento El Araza Airport,General Guido,AR,America/Argentina/Buenos_Aires,HZA
HZB,Merville/Calonne,Merville,FR,Europe/Paris,HZB
HZG,Hanzhong Airport,Xiangshui,CN,Asia/Shanghai,HZG
HZH,Liping Airport,Longlisuo,CN,Asia/Shanghai,HZH
HZK,Husavik,,IS,Atlantic/Reykjavik,HZK
HZL,Hazleton,Harleigh,US,America/New_York,HZL
HZP,Horizon,,CA,America/Edmonton,HZP
HZU,Chengdu Huaizhou Airport,Majialin Village,CN,Asia/Shanghai,HZU
HZV,Hazyview,,ZA,Africa/Johannesburg,HZV
IAA,Igarka Airport,Igarka,RU,Asia/Krasnoyarsk,IAA
IAB,Mcconnell AFB,,US,America/Chicago,ICT
IAD,Washington Dulles International Airport,Floris,US,America/New_York,WAS
IAG,Niagara Falls International Airport,Sanborn,US,America/New_York,IAG
IAH,George Bush Intercontinental Airport,,US,America/Chicago,HOU
IAM,In Amenas Airport,,DZ,Africa/Algiers,IAM
IAN,Bob Baker Memorial Airport,,US,America/Anchorage,IAN
IAO,Sayak (Siargao),Libas,PH,Asia/Manila,IAO
IAQ,Bahregan,Bandar-e Bushehr,IR,Asia/Tehran,IAQ
IAR,Tunoshna Airport,Yaroslavl,RU,Europe/Moscow,IAR
IAS,Iasi Airport,Iasi,RO,Europe/Bucharest,IAS
IAU,Iaura,,PG,Pacific/Port_Moresby,IAU
IBA,Ibadan Airport,Ibadan,NG,Africa/Lagos,IBA
IBB,General Villamil,Puerto Villamil,EC,Pacific/Galapagos,IBB
IBE,Ibague Airport,Ibague,CO,America/Bogota,IBE
IBI,Iboki,,PG,Pacific/Port_Moresby,IBI
IBL,Indigo Bay Lodge,Beira,MZ,Africa/Maputo,IBL
IBM,Iron Bridge Mine Airport,Marble Bar,AU,Australia/Perth,IBM
IBO,Ibo,,MZ,Africa/Maputo,IBO
IBP,Iberia,Iberia,PE,America/Lima,IBP
IBR,Ibaraki Airport,Okunoya,JP,Asia/Tokyo,IBR
IBZ,Ibiza Airport,Ibiza,ES,Europe/Madrid,IBZ
ICA,Icabaru,,VE,America/Caracas,ICA
ICC,Andrés Miguel Salazar Marcano Airport,Punta de Piedras,VE,America/Caracas,ICC
ICI,Cicia,,FJ,Pacific/Fiji,ICI
ICK,Nieuw Nickerie,Nieuw Nickerie,SR,America/Paramaribo,ICK
ICL,Municipal,Clarinda,US,America/Chicago,ICL
ICN,Incheon International Airport,,KR,Asia/Seoul,SEL
ICO,Sicogon Island,San Fernando,PH,Asia/Manila,ICO
ICR,Nicaro,Gibara,CU,America/Havana,ICR
ICS,Cascade,Cascade,US,America/Boise,ICS
ICT,Wichita Dwight D. Eisenhower National Airport,Wichita,US,America/Chicago,ICT
ICY,Icy Bay,,US,America/Anchorage,ICY
IDA,Idaho Falls Regional Airport,Idaho Falls,US,America/Boise,IDA
IDB,Idre,,SE,Europe/Stockholm,IDB
IDC,Ila Da Chilonzuene,Villasila de Valdavia,MZ,Africa/Maputo,IDC
IDF,Idiofa,,CD,Africa/Kinshasa,IDF
IDG,Municipal,Ida Grove,US,America/Chicago,IDG
IDH,Idaho County,Grangeville,US,America/Los_Angeles,IDH
IDI,ndiana County Airport (Jimmy Stewart Field),Indiana,US,America/New_York,IDI
IDK,Indulkana,,AU,Australia/Adelaide,IDK
IDN,Indagen,,PG,Pacific/Port_Moresby,IDN
IDO,Rio,,BR,America/Araguaina,IDO
IDP,Independence,Independence,US,America/Chicago,IDP
IDR,Devi Ahilya Bai Holkar Airport,Indore,IN,Asia/Kolkata,IDR
IDY,Ile d'Yeu,Notre-Dame-de-Monts,FR,Europe/Paris,IDY
IEG,Zielona Gora-Babimost Airport,Zielona Gora,PL,Europe/Warsaw,IEG
IEJ,Iejima,,JP,Asia/Tokyo,IEJ
IES,Riesa,,DE,Europe/Berlin,IES
IEV,Kyiv International Airport,Chabany,UA,Europe/Kiev,IEV
IFA,Iowa Falls,Iowa Falls,US,America/Chicago,IFA
IFF,Iffley,,AU,Australia/Brisbane,IFF
IFH,Hesa,Shahin Shahr,IR,Asia/Tehran,IFH
IFJ,Isafjordur Airport,,IS,Atlantic/Reykjavik,IFJ
IFL,Innisfail,Innisfail,AU,Australia/Brisbane,IFL
IFN,Isfahan International Airport,Dowlatabad,IR,Asia/Tehran,IFN
IFO,Ivano-Frankovsk Airport,Cherniyiv,UA,Europe/Kiev,IFO
IFP,Laughlin Bullhead International Airport,Laughlin,US,America/Phoenix,IFP
IFU,Ifuru Airport,Ugoofaaru,MV,Indian/Maldives,IFU
IGA,Inagua Airport,Matthew Town,BS,America/Nassau,IGA
IGB,Ingeniero Jacobacci,Ingeniero Jacobacci,AR,America/Argentina/Salta,IGB
IGD,Igdir,Getashen,TR,Europe/Istanbul,IGD
IGE,Iguela,,GA,Africa/Libreville,IGE
IGG,Igiugig Airport,,US,America/Anchorage,IGG
IGH,Ingham,,AU,Australia/Brisbane,IGH
IGL,Cigli AB,Gaziemir,TR,Europe/Istanbul,IZM
IGM,Kingman,New Kingman-Butler,US,America/Phoenix,IGM
IGN,Maria Cristina,Mamungan,PH,Asia/Manila,IGN
IGO,Chigorodo,Chigorodo,CO,America/Bogota,IGO
IGR,Cataratas del Iguazu International Airport,,AR,America/Argentina/Cordoba,IGR
IGS,Ingolstadt-manching,Manching,DE,Europe/Berlin,IGS
IGT,Magas Airport,Troitskaya,RU,Europe/Moscow,IGT
IGU,Cataratas International Airport,Puerto Iguazu,BR,America/Sao_Paulo,IGU
IHA,Niihama,Niihama,JP,Asia/Tokyo,IHA
IHC,Inhaca,,MZ,Africa/Maputo,IHC
IHN,Qishn,Ad Dis ash Sharqiyah,YE,Asia/Aden,IHN
IHO,Ihosy,Ihosy,MG,Indian/Antananarivo,IHO
IHR,Iran Shahr,Iranshahr,IR,Asia/Tehran,IHR
IHU,Ihu,,PG,Pacific/Port_Moresby,IHU
IIA,Inishmaan,,IE,Europe/Dublin,IIA
IIL,Ilaam Airport,Ilam,IR,Asia/Tehran,IIL
IIN,Nishinoomote,,JP,Asia/Tokyo,IIN
IIS,Nissan Island,,PG,Pacific/Port_Moresby,IIS
IJK,Izhevsk Airport,Khokhryaki,RU,Europe/Samara,IJK
IJU,J. Batista Bos Filho Airport,Ijui,BR,America/Sao_Paulo,IJU
IJX,Municipal,Jacksonville,US,America/Chicago,IJX
IKA,Imam Khomeini International Airport,Robat Karim,IR,Asia/Tehran,THR
IKB,Wilkes County,North Wilkesboro,US,America/New_York,IKB
IKI,Iki Airport,Karatsu,JP,Asia/Tokyo,IKI
IKK,Greater Kankakee,Channahon,US,America/Chicago,IKK
IKL,Ikela,,CD,Africa/Kinshasa,IKL
IKO,Nikolski AFS,,US,America/Anchorage,IKO
IKP,Inkerman,,AU,Australia/Brisbane,IKP
IKS,Tiksi Airport,Tiksi,RU,Asia/Yakutsk,IKS
IKT,Irkutsk International Airport,Dzerzhinsk,RU,Asia/Irkutsk,IKT
IKU,Issyk-Kul International Airport,Cholpon-Ata,KG,Asia/Bishkek,IKU
ILA,Illaga,,ID,Asia/Jayapura,ILA
ILB,Ilha Solteira,Ilha Solteira,BR,America/Campo_Grande,ILB
ILD,Lleida-Alguaire Airport,Alguaire,ES,Europe/Madrid,ILD
ILE,Municipal,Harker Heights,US,America/Chicago,ILE
ILF,Ilford,,CA,America/Winnipeg,ILF
ILG,Greater Wilmington,Wilmington Manor,US,America/New_York,ILG
ILH,Illis Airbase,Illesheim,DE,Europe/Berlin,ILH
ILI,Iliamna Airport,,US,America/Anchorage,ILI
ILK,Ilaka,Ambositra,MG,Indian/Antananarivo,ILK
ILL,Willmar,Willmar,US,America/Chicago,ILL
ILM,Wilmington International Airport,Wrightsboro,US,America/New_York,ILM
ILN,Clinton Field,Wilmington,US,America/New_York,ILN
ILO,Mandurriao Airport,Pakiad,PH,Asia/Manila,ILO
ILP,Ile Des Pins Airport,Vao,NC,Pacific/Noumea,ILP
ILQ,Ilo,Ilo,PE,America/Lima,ILQ
ILR,Ilorin International Airport,Ilorin,NG,Africa/Lagos,ILR
ILS,Ilopango International Airport,Ilopango,SV,America/El_Salvador,ILS
ILU,Kilaguni,Mtito Andei,KE,Africa/Nairobi,ILU
ILX,Ileg,,PG,Pacific/Port_Moresby,ILX
ILY,Glenegedale Airport,Isle of Islay,GB,Europe/London,ILY
ILZ,Zilina,Zilina,SK,Europe/Bratislava,ILZ
IMA,Iamalele,,PG,Pacific/Port_Moresby,IMA
IMB,Imbaimadai,,GY,America/Guyana,IMB
IMD,Imonda,,PG,Pacific/Port_Moresby,IMD
IMF,Imphal Municipal Airport,Imphal,IN,Asia/Kolkata,IMF
IMG,Inhaminga,Dondo,MZ,Africa/Maputo,IMG
IMI,Ine Island,,MH,Pacific/Majuro,IMI
IMK,Simikot,Burang,NP,Asia/Kathmandu,IMK
IML,Imperial,Imperial,US,America/Denver,IML
IMM,Immokalee,Immokalee,US,America/New_York,IMM
IMN,Imane,,PG,Pacific/Port_Moresby,IMN
IMO,Zemio,Zemio,CF,Africa/Bangui,IMO
IMP,Imperatriz Airport,Imperatriz,BR,America/Fortaleza,IMP
IMQ,Maku International Airport,Showt,IR,Asia/Tehran,IMQ
IMT,Ford Airport,Kingsford,US,America/Menominee,IMT
INA,Inta Airport,Inta,RU,Europe/Moscow,INA
INB,Independence,,BZ,America/Belize,INB
INC,Yinchuan Hedong International Airport,Yanghe,CN,Asia/Shanghai,INC
IND,Indianapolis International Airport,Speedway,US,America/Indiana/Indianapolis,IND
INE,Chinde,,MZ,Africa/Maputo,INE
INF,Newark Liberty International,,DZ,Africa/Algiers,INF
ING,Lago Argentino,El Calafate,AR,America/Argentina/Rio_Gallegos,ING
INH,Inhambane Airport,Inhambane,MZ,Africa/Maputo,INH
INI,Nis Constantine the Great Airport,Nis,RS,Europe/Belgrade,INI
INJ,Injune,,AU,Australia/Brisbane,INJ
INK,Wink,Kermit,US,America/Chicago,INK
INL,Falls International Airport,Fort Frances,US,America/Chicago,INL
INM,Innamincka,,AU,Australia/Adelaide,INM
INN,Innsbruck Airport,Vols,AT,Europe/Vienna,INN
INO,Inongo,,CD,Africa/Kinshasa,INO
INQ,Inisheer,Bearna,IE,Europe/Dublin,INQ
INR,Kincheloe AFB,,US,America/Detroit,SSM
INS,Af Aux,,US,America/Los_Angeles,INS
INT,Smith-Reynolds Airport,Winston-Salem,US,America/New_York,INT
INU,Nauru International,Arijejen,NR,Pacific/Nauru,INU
INV,Inverness Airport,Fortrose,GB,Europe/London,INV
INW,Winslow-Lindbergh,Winslow,US,America/Phoenix,INW
INX,Inanwatan,Inanwatan,ID,Asia/Jayapura,INX
INY,Inyati,,ZA,Africa/Johannesburg,INY
INZ,In Salah Airport,I-n-Salah,DZ,Africa/Algiers,INZ
IOA,Ioannina Airport,Eksochi,GR,Europe/Athens,IOA
IOK,Iokea,,PG,Pacific/Port_Moresby,IOK
IOM,Isle of Man Airport,Castletown,IM,Europe/Isle_of_Man,IOM
ION,Impfondo,Impfondo,CG,Africa/Brazzaville,ION
IOP,Ioma,,PG,Pacific/Port_Moresby,IOP
IOR,Kilronan,Clifden,IE,Europe/Dublin,IOR
IOS,Ilheus/Bahia-Jorge Amado Airport,Ilheus,BR,America/Bahia,IOS
IOU,Ile Ouen,Mont-Dore,NC,Pacific/Noumea,IOU
IOW,Iowa City,Iowa City,US,America/Chicago,IOW
IPA,Ipota,,VU,Pacific/Efate,IPA
IPC,Mataveri International Airport,Ostrov Paskhi,CL,Pacific/Easter,IPC
IPE,Ipil,Ipil,PH,Asia/Manila,IPE
IPG,Ipiranga,Fonte Boa,BR,America/Manaus,IPG
IPH,Ipoh Airport,Ipoh,MY,Asia/Kuala_Lumpur,IPH
IPI,San Luis Airport,Carlosama,CO,America/Bogota,IPI
IPL,Imperial County Airport,,US,America/Los_Angeles,IPL
IPN,Usiminas Airport,Ipatinga,BR,America/Sao_Paulo,IPN
IPT,Lycoming County Airport,Montoursville,US,America/New_York,IPT
IPU,Ipiau,Ipiau,BR,America/Bahia,IPU
IPW,Ipswich,Ipswich,GB,Europe/London,IPW
IPZ,San Isidro de El General Airport,San Isidro,CR,America/Costa_Rica,IPZ
IQA,Al Asad Air Base,,IQ,Asia/Baghdad,IQA
IQM,Qiemo Airport,,CN,Asia/Shanghai,IQM
IQN,Qingyang Airport,Nanjie,CN,Asia/Shanghai,IQN
IQQ,Diego Aracena International Airport,Iquique,CL,America/Santiago,IQQ
IQT,C.F. Secada Vignetta International Airport,Iquitos,PE,America/Lima,IQT
IRA,Kirakira Airport,,SB,Pacific/Guadalcanal,IRA
IRB,Municipal,Iraan,US,America/Chicago,IRB
IRC,Circle City,Deltana,US,America/Anchorage,IRC
IRD,Ishurdi,Ishurdi,BD,Asia/Dhaka,IRD
IRE,Irece,Irece,BR,America/Bahia,IRE
IRG,Lockhart River,,AU,Australia/Brisbane,IRG
IRI,Nduli Airport,Iringa,TZ,Africa/Dar_es_Salaam,IRI
IRJ,La Rioja Airport,La Rioja,AR,America/Argentina/La_Rioja,IRJ
IRK,Kirksville Municipal Airport,La Plata,US,America/Chicago,IRK
IRM,Igrim,Igrim,RU,Asia/Yekaterinburg,IRM
IRN,Iriona,Punta Piedra,HN,America/Tegucigalpa,IRN
IRO,Birao,Birao,CF,Africa/Bangui,IRO
IRP,Matari,Isiro,CD,Africa/Lubumbashi,IRP
IRS,Kirsch Municipal,Sturgis,US,America/Detroit,IRS
IRU,Iranamadu SPB,Kawagoe,LK,Asia/Colombo,IRU
IRZ,Tapuruquara,Santa Isabel do Rio Negro,BR,America/Manaus,IRZ
ISA,Mount Isa Airport,,AU,Australia/Brisbane,ISA
ISB,Islamabad International Airport,Rawalpindi,PK,Asia/Karachi,ISB
ISC,St Marys,St Mary's,GB,Europe/London,ISC
ISD,Iscuande,Iscuande,CO,America/Bogota,ISD
ISE,Isparta Suleyman Demirel Airport,Keciborlu,TR,Europe/Istanbul,ISE
ISG,Painushima Ishigaki Airport,Ishigaki,JP,Asia/Tokyo,ISG
ISH,Ischia Airport,Ischia,IT,Europe/Rome,ISH
ISI,Isisford,,AU,Australia/Brisbane,ISI
ISJ,Isla Mujeres,Isla Mujeres,MX,America/Cancun,ISJ
ISK,Gandhinagar Airport,Deolali,IN,Asia/Kolkata,ISK
ISL,Istanbul Ataturk Airport,,TR,Europe/Istanbul,IST
ISM,Kissimmee Gateway,Belle Isle,US,America/New_York,ISM
ISN,Sloulin Field International Airport,,US,America/Chicago,ISN
ISO,Stallings Field,Kinston,US,America/New_York,ISO
ISP,Long Island MacArthur Airport,Bohemia,US,America/New_York,ISP
ISQ,Schoolcraft County,Manistique,US,America/Detroit,ISQ
ISS,Wiscasset,Wiscasset,US,America/New_York,ISS
IST,Istanbul New Airport,Bahcelievler,TR,Europe/Istanbul,IST
ISU,Sulaimaniyah International Airport,As Sulaymaniyah,IQ,Asia/Baghdad,ISU
ISW,Alexander Field,Port Edwards,US,America/Chicago,ISW
ITA,Itacoatiara,Itacoatiara,BR,America/Manaus,ITA
ITB,Itaituba,Itaituba,BR,America/Santarem,ITB
ITE,Itubera,Itubera,BR,America/Bahia,ITE
ITH,Ithaca Tompkins Regional Airport,Lansing,US,America/New_York,ITH
ITI,Itambacuri,,BR,America/Sao_Paulo,ITI
ITK,Itokama,,PG,Pacific/Port_Moresby,ITK
ITM,Itami Airport,Toyonaka,JP,Asia/Tokyo,OSA
ITN,Itabuna,Itabuna,BR,America/Bahia,ITN
ITO,Hilo International Airport,Hilo,US,Pacific/Honolulu,ITO
ITP,Itaperuna,Itaperuna,BR,America/Sao_Paulo,ITP
ITQ,Itaqui,Itaqui,BR,America/Sao_Paulo,ITQ
ITR,Hidroeletrica,Itumbiara,BR,America/Sao_Paulo,ITR
ITU,Iturup,Kuril'sk,RU,Asia/Srednekolymsk,ITU
IUE,Hanan Airport,Alofi,NU,Pacific/Niue,IUE
IUL,Ilu,,ID,Asia/Jayapura,IUL
IUM,Summit Lake,,CA,America/Vancouver,IUM
IUP,Lorenzo Airport,Apui,BR,America/Manaus,IUP
IUS,Inus,,PG,Pacific/Port_Moresby,IUS
IVA,Ambanja,Ambanja,MG,Indian/Antananarivo,IVA
IVC,Invercargill Airport,Invercargill,NZ,Pacific/Auckland,IVC
IVG,Ivangrad,Berane,ME,Europe/Podgorica,IVG
IVH,Ivishak,,US,America/Anchorage,IVH
IVI,Isla Viveros,,PA,America/Panama,IVI
IVL,Ivalo Airport,Ivalo,FI,Europe/Helsinki,IVL
IVO,Chivolo,Santa Ana,CO,America/Bogota,IVO
IVR,Inverell,Gilgai,AU,Australia/Sydney,IVR
IVW,Inverway,,AU,Australia/Darwin,IVW
IWA,Ivanovo Yuzhny Airport,Ivanovo,RU,Europe/Moscow,IWA
IWD,Gogebic County Airport,Ironwood,US,America/Menominee,IWD
IWJ,Hagi-Iwami Airport,Masuda,JP,Asia/Tokyo,IWJ
IWK,Iwakuni Kintaikyo Airport,Iwakuni,JP,Asia/Tokyo,IWK
IWO,Iwo Jima Airbase,,JP,Asia/Tokyo,IWO
IWS,West Houston,Oak Cliff Place,US,America/Chicago,HOU
IXA,Agartala Airport,Agartala,IN,Asia/Kolkata,IXA
IXB,Bagdogra Airport,Baghdogra,IN,Asia/Kolkata,IXB
IXC,Chandigarh Airport,Chandigarh,IN,Asia/Kolkata,IXC
IXD,Bamrauli Airport,Allahabad,IN,Asia/Kolkata,IXD
IXE,Mangalore Airport,Mangalore,IN,Asia/Kolkata,IXE
IXG,Belgaum Airport,Belgaum,IN,Asia/Kolkata,IXG
IXH,Kailashahar,,IN,Asia/Kolkata,IXH
IXI,Lilabari Airport,North Lakhimpur,IN,Asia/Kolkata,IXI
IXJ,Satwari Airport,Jammu,IN,Asia/Kolkata,IXJ
IXK,Keshod,Keshod,IN,Asia/Kolkata,IXK
IXL,Leh Airport,Leh,IN,Asia/Kolkata,IXL
IXM,Madurai Airport,Tirupparangunram,IN,Asia/Kolkata,IXM
IXN,Khowai,Khowai,IN,Asia/Kolkata,IXN
IXP,Pathankot,Pathankot,IN,Asia/Kolkata,IXP
IXQ,Kamalpur,Kamalpur,IN,Asia/Kolkata,IXQ
IXR,Birsa Munda Airport,Ranchi,IN,Asia/Kolkata,IXR
IXS,Kumbhirgram Airport,Lakhipur,IN,Asia/Kolkata,IXS
IXT,Pasighat,Pasighat,IN,Asia/Kolkata,IXT
IXU,Chikkalthana Airport,Aurangabad,IN,Asia/Kolkata,IXU
IXV,Along,Along,IN,Asia/Kolkata,IXV
IXW,Sonari,Jamshedpur,IN,Asia/Kolkata,IXW
IXX,Bidar Air Force Station,Bidar,IN,Asia/Kolkata,IXX
IXY,Kandla,Gandhidham,IN,Asia/Kolkata,IXY
IXZ,Port Blair Airport,Port Blair,IN,Asia/Kolkata,IXZ
IYK,Kern County,Inyokern,US,America/Los_Angeles,IYK
IZA,Zona da Mata Regional Airport,Rio Novo,BR,America/Sao_Paulo,JDF
IZE,Itzehoe/Hungriger Wolf Airport,Peissen,DE,Europe/Berlin,IZE
IZO,Izumo Airport,Hiratacho,JP,Asia/Tokyo,IZO
IZT,Ixtepec,San Jeronimo Ixtepec,MX,America/Mexico_City,IZT
JAA,Jalalabad,Jalalabad,AF,Asia/Kabul,JAA
JAB,Jabiru,,AU,Australia/Darwin,JAB
JAC,Jackson Hole Airport,Jackson,US,America/Denver,JAC
JAD,Jandakot,Willetton,AU,Australia/Perth,PER
JAE,Shumba Airport,,PE,America/New_York,CIX
JAF,Kankesanturai,Valvedditturai,LK,Asia/Colombo,JAF
JAG,Jacobabad,Jacobabad,PK,Asia/Karachi,JAG
JAI,Jaipur Airport,Jaipur,IN,Asia/Kolkata,JAI
JAJ,Perimeter Mall,Hapeville,US,America/New_York,ATL
JAK,Jacmel Regional Airport,Jacmel,HT,America/Port-au-Prince,JAK
JAL,Jalapa,Dos Rios,MX,America/Mexico_City,JAL
JAM,Jambol,Yambol,BG,Europe/Sofia,JAM
JAN,Jackson-Evers International Airport,Flowood,US,America/Chicago,JAN
JAO,Beaver Ruin,College Park,US,America/New_York,ATL
JAP,Punta Renes,Puntarenas,CR,America/Costa_Rica,JAP
JAQ,Jacquinot Bay,,PG,Pacific/Port_Moresby,JAQ
JAR,Jahrom,Jahrom,IR,Asia/Tehran,JAR
JAS,County,Jasper,US,America/Chicago,JAS
JAT,Jabot,,MH,Pacific/Majuro,JAT
JAU,Jauja Airport,Masma Chicche,PE,America/Lima,JAU
JAV,Ilulissat Airport,,GL,America/Godthab,JAV
JAW,Aeroporto de Araripina,,BR,America/Recife,JAW
JAX,Jacksonville International Airport,Nassau Village-Ratliff,US,America/New_York,JAX
JBB,Notohadinegoro Airport,Renes,ID,Asia/Jakarta,JBB
JBC,Boston City Heliport,South Boston,US,America/New_York,BOS
JBK,Berkeley,Albany,US,America/Los_Angeles,JBK
JBQ,La Isabela International Airport,Santo Domingo,DO,America/Santo_Domingo,SDQ
JBR,Jonesboro Airport,Jonesboro,US,America/Chicago,JBR
JBS,Hacienda Bus.Park Heliport,Dublin,US,America/Los_Angeles,JBS
JBT,City Landing,,US,America/Anchorage,BET
JCA,Croisette Heliport,,FR,Europe/Paris,CEQ
JCB,Joacaba,Joacaba,BR,America/Sao_Paulo,JCB
JCC,China Basin Heliport,San Francisco,US,America/Los_Angeles,SFO
JCD,Downtown Heliport,,VI,America/St_Thomas,STX
JCE,Convention Center Heliport,Oakland,US,America/Los_Angeles,OAK
JCH,Qasigiannguit,,GL,America/Godthab,JCH
JCI,New Century Aircenter Airport,Gardner,US,America/Chicago,MKC
JCJ,Chuja Heliport,,KR,Asia/Seoul,CJU
JCK,Julia Creek,,AU,Australia/Brisbane,JCK
JCM,Jacobina,Jacobina,BR,America/Bahia,JCM
JCN,Incheon Heliport,Incheon,KR,Asia/Seoul,JCN
JCO,Heliport,Qala,MT,Europe/Malta,JCO
JCR,Jacareacanga,,BR,America/Santarem,JCR
JCS,Aeroporto De Crateus Airport,Crateus,BR,America/Fortaleza,JCS
JCT,Kimble County,Junction,US,America/Chicago,JCT
JCU,Ceuta Heliport,Ceuta,ES,Africa/Ceuta,JCU
JCX,Citicorp Plaza Heliport,,US,America/Los_Angeles,LAX
JCY,Johnson,Johnson City,US,America/Chicago,JCY
JDA,John Day,John Day,US,America/Los_Angeles,JDA
JDB,Downtown Heliport,Fort Worth,US,America/Chicago,DFW
JDE,Jiande Qiandaohu Airport,Jiande,CN,Asia/Shanghai,JDE
JDF,Francisco De Assis,Juiz de Fora,BR,America/Sao_Paulo,JDF
JDG,Jeongseok,Seogwipo,KR,Asia/Seoul,JDG
JDH,Jodhpur Airport,Jodhpur,IN,Asia/Kolkata,JDH
JDM,Miami Downtown Heliport,Coral Gables,US,America/New_York,MIA
JDN,Jordan,Jordan,US,America/Denver,JDN
JDO,Orlando Bezerra de Menezes Airport,Juazeiro do Norte,BR,America/Fortaleza,JDO
JDP,Heliport De Paris,Issy-les-Moulineaux,FR,Europe/Paris,PAR
JDR,Sao Joao Del Rei,Tiradentes,BR,America/Sao_Paulo,JDR
JDT,Downtown Heliport,Minneapolis,US,America/Chicago,MSP
JDY,Heliport,Downey,US,America/Los_Angeles,JDY
JDZ,Jingdezhen Airport,Hongyuan,CN,Asia/Shanghai,JDZ
JED,King Abdulaziz International Airport,Jeddah,SA,Asia/Riyadh,JED
JEE,Jeremie,Jeremie,HT,America/Port-au-Prince,JEE
JEF,Memorial,Jefferson City,US,America/Chicago,JEF
JEG,Aasiaat Airport,,GL,America/Godthab,JEG
JEJ,Jeh,,MH,Pacific/Majuro,JEJ
JEK,Jeki Airport,Luangwa,ZM,Africa/Lusaka,JEK
JEM,Heliport,Emeryville,US,America/Los_Angeles,JEM
JEQ,Jequie,Jequie,BR,America/Bahia,JEQ
JER,Jersey Airport,Saint Helier,JE,Europe/Jersey,JER
JFK,John F. Kennedy International Airport,Inwood,US,America/New_York,NYC
JFM,Heliport,North Fremantle,AU,Australia/Perth,JFM
JFN,Ashtabula,Jefferson,US,America/New_York,JFN
JFR,Paamiut Airport,,GL,America/Godthab,JFR
JGA,Govardhanpur Airport,Bedi,IN,Asia/Kolkata,JGA
JGB,Jagdalpur,Jagdalpur,IN,Asia/Kolkata,JGB
JGC,Heliport,,US,America/Phoenix,GCN
JGD,Jiagedaqi Airport,Jagdaqi,CN,Asia/Shanghai,JGD
JGE,Heliport,Sinhyeon,KR,Asia/Seoul,JGE
JGL,Galleria Heliport,Vinings,US,America/New_York,ATL
JGN,Jiayuguan Airport,Jiayuguan,CN,Asia/Shanghai,JGN
JGO,Qeqertarsuaq,,GL,America/Godthab,JGO
JGP,Greenway Plaza Heliport,South Houston,US,America/Chicago,HOU
JGQ,Transco Twr Galleria,Hunters Creek Village,US,America/Chicago,HOU
JGR,Heliport,,GL,America/Godthab,JGR
JGS,Ji'An/Jing Gang Shan Airport,Denglong,CN,Asia/Shanghai,JGS
JGX,Heliport,North Glendale,US,America/Los_Angeles,JGX
JHB,Senai Airport,Taman Senai,MY,Asia/Kuala_Lumpur,JHB
JHC,Island Heliport,North Arlington,US,America/New_York,JHC
JHE,Heliport,,SE,Europe/Stockholm,AGH
JHF,São Paulo Catarina Executive Airport,São Roque,BR,America/Sao_Paulo,JHF
JHG,Xishuangbanna Gasa Airport,Jinghong,CN,Asia/Shanghai,JHG
JHL,Albian,,CA,America/Edmonton,HZP
JHM,Kapalua Airport,Napili-Honokowai,US,Pacific/Honolulu,JHM
JHS,Sisimiut Airport,,GL,America/Godthab,JHS
JHW,Jamestown Airport,Celoron,US,America/New_York,JHW
JHY,Hyatt Regency Heliport,Cambridge,US,America/New_York,JHY
JIA,Juina,,BR,America/Cuiaba,JIA
JIB,Djibouti-Ambouli International Airport,Djibouti,DJ,Africa/Djibouti,JIB
JIC,Jinchuan Airport,Jinchang,CN,Asia/Shanghai,JIC
JID,City Of Industry Heliport,Hacienda Heights,US,America/Los_Angeles,LAX
JIJ,Jigiga Airport,Jijiga,ET,Africa/Addis_Ababa,JIJ
JIK,Ikaria Airport,Agios Kirykos,GR,Europe/Athens,JIK
JIL,Jilin,Jilin,CN,Asia/Shanghai,JIL
JIM,Jimma Airport,Jima,ET,Africa/Addis_Ababa,JIM
JIN,Jinja,Jinja,UG,Africa/Kampala,JIN
JIO,International Heliport,Ontario,US,America/Los_Angeles,ONT
JIP,Jipijapa,Montecristi,EC,America/Guayaquil,JIP
JIQ,Qianjiang Wulingshan Airport,Zhoubai,CN,Asia/Shanghai,JIQ
JIR,Jiri,,NP,Asia/Kathmandu,JIR
JIU,Jiujiang,,CN,Asia/Shanghai,JIU
JIW,Jiwani,Jiwani,PK,Asia/Karachi,JIW
JJA,Jajao,,SB,Pacific/Guadalcanal,JJA
JJD,Jericoacoara,Cruz,BR,Brazil/East,JJD
JJG,Jaguaruna Regional Airport,Jaguaruna,BR,America/Sao_Paulo,JJG
JJI,Juanjui,Juanjui,PE,America/Lima,JJI
JJM,Mulika Lodge Airport,Maua,KE,Africa/Nairobi,JJM
JJN,Quanzhou Jinjiang International Airport,Jinjiang,CN,Asia/Shanghai,JJN
JJU,Heliport,Qaqortoq,GL,America/Godthab,JJU
JKG,Axamo Airport,Taberg,SE,Europe/Stockholm,JKG
JKH,Chios Airport,Chios,GR,Europe/Athens,JKH
JKL,Kalymnos Island National Airport,Kalymnos,GR,Europe/Athens,JKL
JKR,Janakpur Airport,Janakpur,NP,Asia/Kathmandu,JKR
JKV,Cherokee County,Jacksonville,US,America/Chicago,JKV
JLA,Quartz Creek,,US,America/Anchorage,JLA
JLB,Long Beach Heliport,Long Beach,US,America/Los_Angeles,LGB
JLD,Heliport,Helsingborg,SE,Europe/Stockholm,JLD
JLH,US Army Heliport,Arlington Heights,US,America/Chicago,JLH
JLN,Joplin Airport,Webb City,US,America/Chicago,JLN
JLR,Jabalpur Airport,Ghansor,IN,Asia/Kolkata,JLR
JLS,Jales,Jales,BR,America/Sao_Paulo,JLS
JLX,Union Station Heliport,Burbank,US,America/Los_Angeles,LAX
JMA,Marriot Astrodome,Aldine,US,America/Chicago,HOU
JMB,Jamba,Caconda,AO,Africa/Luanda,JMB
JMC,Marin County,Marin City,US,America/Los_Angeles,JMC
JMD,Market Centre Heliport,,US,America/Chicago,DFW
JMH,Marriott Heliport,Schaumburg,US,America/Chicago,JMH
JMJ,Lancang Jingmai Airport,Menglang,CN,Asia/Shanghai,JMJ
JMK,Mikonos Airport,Mykonos,GR,Europe/Athens,JMK
JMM,Malmo Harbour Heliport,,SE,Europe/Stockholm,MMA
JMN,Municipal Heliport,Mankato,US,America/Chicago,MKT
JMO,Jomsom,Jomsom,NP,Asia/Kathmandu,JMO
JMS,Jamestown Airport,Jamestown,US,America/Chicago,JMS
JMU,Jiamusi Airport,Songjiang,CN,Asia/Shanghai,JMU
JMY,Mammy Yoko Heliport,Freetown,SL,Africa/Freetown,FNA
JNA,Januaria,Januaria,BR,America/Sao_Paulo,JNA
JNB,O.R. Tambo International Airport,Modderfontein,ZA,Africa/Johannesburg,JNB
JNG,Jining Airport,Jining,CN,Asia/Shanghai,JNG
JNH,North Park Inn Heliport,Blue Mound,US,America/Chicago,DFW
JNI,Junin,Junin,AR,America/Argentina/Buenos_Aires,JNI
JNJ,Jaaluni,,OM,Asia/Muscat,JNJ
JNN,Nanortalik,,GL,America/Godthab,JNN
JNP,Heliport,Newport Beach,US,America/Los_Angeles,JNP
JNS,Heliport,,GL,America/Godthab,JNS
JNU,Juneau International Airport,Juneau,US,America/Juneau,JNU
JNX,Naxos Airport,Naxos,GR,Europe/Athens,JNX
JNZ,Liaoning Province Airport,Wanghu,CN,Asia/Shanghai,JNZ
JOC,Centerport Heliport,,US,America/Los_Angeles,SNA
JOE,Joensuu Airport,Joensuu,FI,Europe/Helsinki,JOE
JOG,Adisutjipto International Airport,Depok,ID,Asia/Jakarta,JOG
JOH,Port Saint Johns,Port Saint John's,ZA,Africa/Johannesburg,JOH
JOI,Joinville-Lauro Carneiro de Loyola Airport,Joinville,BR,America/Sao_Paulo,JOI
JOJ,Doris Lake Aerodrome,Doris Lake,CA,America/Cambridge_Bay,UZM
JOK,Yoshkar-Ola Airport,Yoshkar-Ola,RU,Europe/Moscow,JOK
JOL,Jolo,Jolo,PH,Asia/Manila,JOL
JOM,Njombe,Njombe,TZ,Africa/Dar_es_Salaam,JOM
JON,Johnston Island,,UM,Pacific/Johnston,JON
JOP,Josephstaal,,PG,Pacific/Port_Moresby,JOP
JOR,The City Heliport,Orange,US,America/Los_Angeles,JOR
JOS,Jos Airport,Jos,NG,Africa/Lagos,JOS
JOT,Municipal,Joliet,US,America/Chicago,JOT
JPA,Presidente Castro Pinto International Airport,Bayeux,BR,America/Fortaleza,JPA
JPD,Heliport,Pasadena,US,America/Los_Angeles,JPD
JPE,Nagib Demachki Airport,Paragominas,BR,America/Sao_Paulo,JPE
JPN,Pentagon Army,Groveton,US,America/New_York,WAS
JPO,Brigadeiro Firmino Ayres Airport,Patos,BR,America/Recife,NVM
JPR,Ji-Parana Airport,Ji Parana,BR,America/Porto_Velho,JPR
JPT,Park Ten Heliport,Katy,US,America/Chicago,HOU
JPU,La Defense Heliport,,FR,Europe/Paris,PAR
JPY,Paraty Airport,Paraty,BR,America/Sao_Paulo,JPY
JQA,Qaarsut Airport,,GL,America/Godthab,JQA
JQE,Jaque Airport,Jaque,PA,America/Panama,JQE
JRA,West 30th St Heliport,,US,America/New_York,NYC
JRB,Downtown Manhattan Heliport,,US,America/New_York,NYC
JRC,Municipalcipal Heliport,Rochester,US,America/Chicago,RST
JRD,Heliport,,US,America/Los_Angeles,RAL
JRE,East 60th Street Heliport,,US,America/New_York,NYC
JRF,Kalaeloa,,US,Pacific/Honolulu,JRF
JRG,Jharsuguda Airport,Jharsuguda,IN,Asia/Kolkata,JRG
JRH,Rowriah Airport,Jorhat,IN,Asia/Kolkata,JRH
JRK,Arsuk,Paamiut,GL,America/Godthab,JRK
JRN,Juruena,,BR,America/Cuiaba,JRN
JRO,Kilimanjaro International Airport,Merelani,TZ,Africa/Dar_es_Salaam,JRO
JRS,Atarot,Qalandiya,IL,Asia/Jerusalem,JRS
JRT,Juruti Airport,Juruti,BR,America/Manaus,JRT
JSA,Jaisalmer,Jaisalmer,IN,Asia/Kolkata,JSA
JSB,Walfrido Salmito de Almeida Airport,São Benedito,BR,America/Fortaleza,JSB
JSD,Sikorsky Heliport,Stratford,US,America/New_York,JSD
JSG,San Rafael Heliport,San Rafael,US,America/Los_Angeles,SRF
JSH,Sitia Airport,Siteia,GR,Europe/Athens,JSH
JSI,Skiathos Airport,Skiathos,GR,Europe/Athens,JSI
JSJ,Jiansanjiang Shidi Airport,Fujin,CN,Asia/Shanghai,JSJ
JSK,Municipalcipal Heliport,,US,America/Chicago,STC
JSL,Steel Pier Heliport,Ventnor City,US,America/New_York,AIY
JSM,Jose De San Martin,Jose de San Martin,AR,America/Argentina/Catamarca,JSM
JSN,Sherman Oaks Heliport,,US,America/Los_Angeles,LAX
JSO,Sodertalje Heliport,,SE,Europe/Stockholm,JSO
JSP,Seogwipo Heliport,Jeju-si,KR,Asia/Seoul,CJU
JSR,Jessore Airport,Jessore,BD,Asia/Dhaka,JSR
JST,Cambria County Airport,Geistown,US,America/New_York,JST
JSU,Heliport,Maniitsoq,GL,America/Godthab,JSU
JSY,Syros Island Airport,Ermoupolis,GR,Europe/Athens,JSY
JTA,Pedro Teixeira Castelo Airport,Tauá,BR,America/Fortaleza,JTA
JTC,Bauru-Arealva Airport,Bauru,BR,America/Sao_Paulo,JTC
JTI,Jatai,Jatai,BR,America/Sao_Paulo,JTI
JTN,Antônio Ribeiro Nogueira Jr. State Airport,Itanhaém,BR,America/Sao_Paulo,JTN
JTO,Heliport,Thousand Oaks,US,America/Los_Angeles,JTO
JTR,Santorini International Airport,Mesaria,GR,Europe/Athens,JTR
JTY,Astypalaia Airport,Astypalaia,GR,Europe/Athens,JTY
JUA,Juara,,BR,America/Cuiaba,JUA
JUB,Juba International Airport,Juba,SS,Africa/Juba,JUB
JUC,Universal City Heliport,Silver Lake,US,America/Los_Angeles,LAX
JUH,Chizhou Jiuhuashan Airport,Borivli,CN,Asia/Shanghai,JUH
JUI,Juist,Juist,DE,Europe/Berlin,JUI
JUJ,El Cadillal Airport,La Mendieta,AR,America/Argentina/Jujuy,JUJ
JUL,Juliaca Airport,Juliaca,PE,America/Lima,JUL
JUM,Jumla,Jumla,NP,Asia/Kathmandu,JUM
JUN,Jundah,,AU,Australia/Brisbane,JUN
JUO,Jurado,Jurado,CO,America/Bogota,JUO
JUP,Cable Heliport,Upland,US,America/Los_Angeles,CCB
JUR,Jurien Bay,Jurien Bay,AU,Australia/Perth,JUR
JUT,Juticalpa,La Concepcion,HN,America/Tegucigalpa,JUT
JUV,Heliport,,GL,America/Godthab,JUV
JUZ,Quzhou Airport,Quzhou,CN,Asia/Shanghai,JUZ
JVA,Ankavandra,,MG,Indian/Antananarivo,JVA
JVI,Central Jersey Regional Airport,,US,America/New_York,JVI
JVL,Rock County,Janesville,US,America/Chicago,JVL
JWA,Jwaneng,Letlhakeng,BW,Africa/Gaborone,JWA
JWH,Westchase Hilton Heliport,,US,America/Chicago,HOU
JWL,Woodlawns,The Woodlands,US,America/Chicago,HOU
JWN,Zanjan,Zanjan,IR,Asia/Tehran,JWN
JWO,Jungwon Air Base,Koesan,KR,Asia/Seoul,JWO
JXA,Jixi Airport,Hongjunlu,CN,Asia/Shanghai,JXA
JXN,Reynolds Municipal,Jackson,US,America/Detroit,JXN
JYR,Jiroft,Jiroft,IR,Asia/Tehran,JYR
JYV,Jyvaskyla Airport,Jyvaeskylae,FI,Europe/Helsinki,JYV
JZH,Jiuzhai Huanglong Airport,Jin'an,CN,Asia/Shanghai,JZH
KAA,Kasama Airport,Kasama,ZM,Africa/Lusaka,KAA
KAB,Kariba,Kariba,ZW,Africa/Harare,KAB
KAC,Kameshly Airport,Al Qamishli,SY,Asia/Damascus,KAC
KAD,Kaduna Airport,Kaduna,NG,Africa/Lagos,KAD
KAE,SPB,,US,America/Sitka,KAE
KAF,Karato,,PG,Pacific/Port_Moresby,KAF
KAG,Gangneung,,KR,Asia/Seoul,KAG
KAH,City Heliport,,AU,Australia/Melbourne,MEL
KAI,Kaieteur,,GY,America/Guyana,KAI
KAJ,Kajaani Airport,Kajaani,FI,Europe/Helsinki,KAJ
KAK,Kar,,PG,Pacific/Port_Moresby,KAK
KAL,Kaltag Airport,,US,America/Anchorage,KAL
KAM,Kamaran Island,As Salif,YE,Asia/Aden,KAM
KAN,Mallam Aminu Kano International Airport,Kano,NG,Africa/Lagos,KAN
KAO,Kuusamo Airport,Kuusamo,FI,Europe/Helsinki,KAO
KAP,Kapanga,,CD,Africa/Lubumbashi,KAP
KAQ,Kamulai,,PG,Pacific/Port_Moresby,KAQ
KAR,Kamarang,,GY,America/Guyana,KAR
KAS,Karasburg,Karasburg,NA,Africa/Windhoek,KAS
KAT,Kaitaia,Kaitaia,NZ,Pacific/Auckland,KAT
KAU,Kauhava,Kauhava,FI,Europe/Helsinki,KAU
KAV,Kavanayen,,VE,America/Caracas,KAV
KAW,Kawthaung Airport,,MM,Asia/Rangoon,KAW
KAX,Kalbarri,Kalbarri,AU,Australia/Perth,KAX
KAY,Wakaya Island,,FJ,Pacific/Fiji,KAY
KAZ,Kau,Subaim,ID,Asia/Jayapura,KAZ
KBA,Kabala,Kamakwie,SL,Africa/Freetown,KBA
KBB,Kirkimbie,,AU,Australia/Darwin,KBB
KBC,Birch Creek,,US,America/Anchorage,KBC
KBD,Kimberley Downs,,AU,Australia/Perth,KBD
KBE,Hot Springs SPB,,US,America/Sitka,KBE
KBF,Karubaga,,ID,Asia/Jayapura,KBF
KBG,Kabalega Falls,,UG,Africa/Kampala,KBG
KBH,Kalat,Kalat,PK,Asia/Karachi,KBH
KBI,Kribi,Kribi,CM,Africa/Douala,KBI
KBJ,Kings Canyon,,AU,Australia/Darwin,KBJ
KBK,Klag Bay,,US,America/Sitka,KBK
KBL,Kabul International Airport,Kabul,AF,Asia/Kabul,KBL
KBM,Kabwum,,PG,Pacific/Port_Moresby,KBM
KBN,Kabinda,Kabinda,CD,Africa/Lubumbashi,KBN
KBO,Kabalo,,CD,Africa/Lubumbashi,KBO
KBP,Boryspil International Airport,Boryspil',UA,Europe/Kiev,IEV
KBQ,Kasungu,,MW,Africa/Blantyre,KBQ
KBR,Sultan Ismail Petra Airport,Kota Bharu,MY,Asia/Kuala_Lumpur,KBR
KBS,Bo,Bo,SL,Africa/Freetown,KBS
KBT,Kaben,,MH,Pacific/Majuro,KBT
KBU,Gusti Syamsir Alam Airport,Sungaibali,ID,Asia/Makassar,KBU
KBV,Krabi Airport,Nuea Khlong,TH,Asia/Bangkok,KBV
KBW,Chignik Bay,,US,America/Anchorage,KCL
KBX,Kambuaya,Ayamaru,ID,Asia/Jayapura,KBX
KBY,Streaky Bay,,AU,Australia/Adelaide,KBY
KBZ,Kaikoura,Kaikoura,NZ,Pacific/Auckland,KBZ
KCA,Kuqa Airport,Luntai,CN,Asia/Shanghai,KCA
KCB,Tepoe Airstrip,,SR,America/Paramaribo,KCB
KCC,Coffman Cove SPB,,US,America/Sitka,KCC
KCD,Kamur,,ID,Asia/Jayapura,KCD
KCE,Collinsville,,AU,Australia/Brisbane,KCE
KCF,Kadanwari,Kot Diji,PK,Asia/Karachi,KCF
KCG,Fisheries,,US,America/Anchorage,KCL
KCH,Kuching International Airport,Kuching,MY,Asia/Kuching,KCH
KCI,Kon,Lospalos,ID,Asia/Jayapura,KCI
KCJ,Komaio,,PG,Pacific/Port_Moresby,KCJ
KCK,Kirensk Airport,Kirensk,RU,Asia/Irkutsk,KCK
KCL,Lagoon,,US,America/Anchorage,KCL
KCM,Kahramanmaras Airport,Kahramanmaras,TR,Europe/Istanbul,KCM
KCN,SPB,,US,America/Nome,KCN
KCO,Cengiz Topel Airport,Derince,TR,Europe/Istanbul,KCO
KCP,Kamenets-podolskiy,Kamieniec Podolski,UA,Europe/Kiev,KCP
KCQ,Chignik,,US,America/Anchorage,KCL
KCR,Colorado Creek,,US,America/Anchorage,KCR
KCS,Kings Creek Station,,AU,Australia/Darwin,KCS
KCT,Koggala Airport,,LK,Asia/Colombo,KCT
KCU,Masindi,Masindi,UG,Africa/Kampala,KCU
KCZ,Kochi Ryoma Airport,Kochi-shi,JP,Asia/Tokyo,KCZ
KDA,Kolda,Kolda,SN,Africa/Dakar,KDA
KDB,Kambalda,,AU,Australia/Perth,KDB
KDC,Kandi,Kandi,BJ,Africa/Porto-Novo,KDC
KDD,Khuzdar,Khuzdar,PK,Asia/Karachi,KDD
KDE,Koroba,,PG,Pacific/Port_Moresby,KDE
KDH,Kandahar Airport,Kandahar,AF,Asia/Kabul,KDH
KDI,Haluoleo Airport,,ID,Asia/Makassar,KDI
KDJ,Ndjole-Ville,,GA,Africa/Libreville,KDJ
KDK,Municipal,,US,America/Anchorage,ADQ
KDL,Kardla Airport,Kardla,EE,Europe/Tallinn,KDL
KDM,Kaadedhdhoo,Thinadhoo,MV,Indian/Maldives,KDM
KDN,Ndende,Ndende,GA,Africa/Libreville,KDN
KDO,Kadhdhoo,Fonadhoo,MV,Indian/Maldives,KDO
KDP,Kandep,,PG,Pacific/Port_Moresby,KDP
KDQ,Kamberatoro,,PG,Pacific/Port_Moresby,KDQ
KDR,Kandrian,Kurdzhali,PG,Pacific/Port_Moresby,KDR
KDS,Kamaran Downs,,AU,Australia/Brisbane,KDS
KDT,Kamphangsaen,Kamphaeng Saen,TH,Asia/Bangkok,KDT
KDU,Skardu Airport,Skardu,PK,Asia/Karachi,KDU
KDV,Kandavu Airport,,FJ,Pacific/Fiji,KDV
KDW,Vic. Resevour Kandy,,LK,Asia/Colombo,KDW
KDX,Kadugli,Kadugli,SD,Africa/Khartoum,KDX
KDY,Mahaweli,Kurunegala,LK,Asia/Colombo,KDY
KDZ,Polgolla Reservoir Airport,Kandy,LK,Asia/Colombo,KDZ
KEA,Keisah Airport,,ID,Asia/Jayapura,KEA
KEB,Nanwalek,,US,America/Anchorage,KEB
KEC,Kasenga,Mwense,CD,Africa/Lubumbashi,KEC
KED,Kaedi,Kaedi,MR,Africa/Nouakchott,KED
KEE,Kelle,,CG,Africa/Brazzaville,KEE
KEF,Keflavik International Airport,Reykjanesbaer,IS,Atlantic/Reykjavik,REK
KEG,Keglsugl,,PG,Pacific/Port_Moresby,KEG
KEH,Kenmore Air Harbor,Kenmore,US,America/Los_Angeles,KEH
KEI,Kepi,,ID,Asia/Jayapura,KEI
KEJ,Kemerovo Airport,Kemerovo,RU,Asia/Novokuznetsk,KEJ
KEK,Ekwok,,US,America/Anchorage,KEK
KEL,Kiel-Holtenau,Altenholz,DE,Europe/Berlin,KEL
KEM,Kemi/Tornio Airport,Keminmaa,FI,Europe/Helsinki,KEM
KEN,Kenema,Kenema,SL,Africa/Freetown,KEN
KEO,Odienne,Odienne,CI,Africa/Abidjan,KEO
KEP,Nepalganj Airport,Nepalgunj,NP,Asia/Kathmandu,KEP
KEQ,Kebar,Dobo,ID,Asia/Jayapura,KEQ
KER,Kerman Airport,Kerman,IR,Asia/Tehran,KER
KES,Kelsey,,CA,America/Winnipeg,KES
KET,Keng Tung Airport,,MM,Asia/Rangoon,KET
KEU,Kelly Bar,,US,America/Nome,KEU
KEV,Halli,Kuhmalahti,FI,Europe/Helsinki,KEV
KEW,Keewaywin,,CA,America/Winnipeg,KEW
KEX,Kanabea,,PG,Pacific/Port_Moresby,KEX
KEY,Kericho,Kericho,KE,Africa/Nairobi,KEY
KEZ,Kelaniya River,Wattala,LK,Asia/Colombo,KEZ
KFA,Kiffa,,MR,Africa/Nouakchott,KFA
KFE,Fortescue Dave Forrest,,AU,Australia/Perth,KFE
KFG,Kalkurung,,AU,Australia/Darwin,KFG
KFM,Kirby Lake Aerodrome,,CA,America/Edmonton,KFM
KFP,False Pass,,US,America/Nome,KFP
KFS,Kastamonu Airport,Kastamonu,TR,Europe/Istanbul,KFS
KFZ,Kukës International Airport,Kukës,AL,Europe/Tirane,KFZ
KGA,Kananga,Kananga,CD,Africa/Lubumbashi,KGA
KGB,Konge,,PG,Pacific/Port_Moresby,KGB
KGC,Kingscote Airport,,AU,Australia/Adelaide,KGC
KGD,Khrabrovo Airport,Gur'yevsk,RU,Europe/Kaliningrad,KGD
KGE,Kagau,,SB,Pacific/Guadalcanal,KGE
KGF,Karaganda Airport,Koktal,KZ,Asia/Almaty,KGF
KGG,Kedougou,Kedougou,SN,Africa/Dakar,KGG
KGH,Yongai,,PG,Pacific/Port_Moresby,KGH
KGI,Kalgoorlie Airport,Boulder,AU,Australia/Perth,KGI
KGJ,Karonga,Karonga,MW,Africa/Blantyre,KGJ
KGK,New Koliganek,,US,America/Anchorage,KGK
KGL,Kigali International Airport,Kigali,RW,Africa/Kigali,KGL
KGM,Kungum,,PG,Pacific/Port_Moresby,KGM
KGN,Kasongo Lunda,Kasongo-Lunda,CD,Africa/Kinshasa,KGN
KGO,Kirovograd,Kirovohrad,UA,Europe/Kiev,KGO
KGP,Kogalym International Airport,Kogalym,RU,Asia/Yekaterinburg,KGP
KGR,Kulgera,,AU,Australia/Darwin,KGR
KGS,Kos Airport,Antimacheia,GR,Europe/Athens,KGS
KGT,Kangding Airport,,CN,Asia/Shanghai,KGT
KGU,Keningau,,MY,Asia/Kuching,KGU
KGW,Kagi,,PG,Pacific/Port_Moresby,KGW
KGX,Grayling Airport,,US,America/Anchorage,KGX
KGY,Kingaroy,Kingaroy,AU,Australia/Brisbane,KGY
KGZ,Glacier Creek,,US,America/Anchorage,KGZ
KHA,Khaneh,Piranshahr,IR,Asia/Tehran,KHA
KHC,Kerch,Voykove,UA,Europe/Simferopol,KHC
KHD,Khorramabad,Khorramabad,IR,Asia/Tehran,KHD
KHE,Kherson International Airport,Kherson,UA,Europe/Kiev,KHE
KHG,Kashi Airport,Kashi,CN,Asia/Shanghai,KHG
KHH,Kaohsiung International Airport,Kaohsiung,TW,Asia/Taipei,KHH
KHI,Jinnah International Airport,Malir Cantonment,PK,Asia/Karachi,KHI
KHJ,Kauhajoki,Kurikka,FI,Europe/Helsinki,KHJ
KHK,Khark Island,Khark,IR,Asia/Tehran,KHK
KHM,Khamti,Tuensang,MM,Asia/Rangoon,KHM
KHN,Nanchang Changbei International Airport,Lehua,CN,Asia/Shanghai,KHN
KHO,Khoka Moya,,ZA,Africa/Johannesburg,KHO
KHR,Kharkhorin,Khujirt,MN,Asia/Ulaanbaatar,KHR
KHS,Khasab Airport,Khasab,OM,Asia/Muscat,KHS
KHT,Khost,Kakad Wari Dir Upper,AF,Asia/Kabul,KHT
KHU,Kremenchug,Kremenchuk,UA,Europe/Kiev,KHU
KHV,Khabarovsk Airport,Topolevo,RU,Asia/Vladivostok,KHV
KHW,Khwai River Lodge,,BW,Africa/Gaborone,KHW
KHX,Savannah Airstrip,Beni,UG,Africa/Kampala,KHX
KHY,Khoy,Khvoy,IR,Asia/Tehran,KHY
KHZ,Kauehi Airport,,PF,Pacific/Tahiti,KHZ
KIA,Kaiapit,,PG,Pacific/Port_Moresby,KIA
KIB,SPB,,US,America/Anchorage,KIB
KIC,Mesa Del Rey,King City,US,America/Los_Angeles,KIC
KID,Kristianstad Airport,Degeberga,SE,Europe/Stockholm,KID
KIE,Aropa,Kieta,PG,Pacific/Port_Moresby,KIE
KIF,Kingfisher Lake,,CA,America/Winnipeg,KIF
KIG,Koinghaas,Garies,ZA,Africa/Johannesburg,KIG
KIH,Kish International Airport,Kish,IR,Asia/Tehran,KIH
KII,Kibuli,,PG,Pacific/Port_Moresby,KII
KIJ,Niigata Airport,Kameda-honcho,JP,Asia/Tokyo,KIJ
KIK,Kirkuk,Kirkuk,IQ,Asia/Baghdad,KIK
KIL,Kilwa,Nchelenge,CD,Africa/Lubumbashi,KIL
KIM,Kimberley Airport,Kimberley,ZA,Africa/Johannesburg,KIM
KIN,Norman Manley International Airport,,JM,America/Jamaica,KIN
KIO,Kili Island,Kili,MH,Pacific/Majuro,KIO
KIP,Kickapoo,,US,America/Chicago,SPS
KIQ,Kira,,PG,Pacific/Port_Moresby,KIQ
KIR,Kerry County Airport,Castleisland,IE,Europe/Dublin,KIR
KIS,Kisumu Airport,Kisumu,KE,Africa/Nairobi,KIS
KIT,Kithira Airport,Kythira,GR,Europe/Athens,KIT
KIU,Kiunga,Buur Gaabo,KE,Africa/Nairobi,KIU
KIV,Chisinau International Airport,Singera,MD,Europe/Chisinau,KIV
KIW,Southdowns,Kitwe,ZM,Africa/Lusaka,KIW
KIX,Kansai International Airport,Kaizuka,JP,Asia/Tokyo,OSA
KIY,Kilwa Masoko Airport,,TZ,Africa/Dar_es_Salaam,KIY
KIZ,Kikinonda,,PG,Pacific/Port_Moresby,KIZ
KJA,Yemelyanovo Airport,Yemel'yanovo,RU,Asia/Krasnoyarsk,KJA
KJB,Uyyalawada Narasimha Reddy Airport,Orvakal,IN,Asia/Kolkata,KJB
KJH,Kaili Huangping Airport,Shiqian,CN,Asia/Shanghai,KJH
KJI,Kanasi Airport,Oymak,CN,Asia/Shanghai,KJI
KJK,Kortrijk,Wevelgem,BE,Europe/Brussels,KJK
KJP,Kerama,Itoman,JP,Asia/Tokyo,KJP
KJT,Kertajati International Airport,Jatiwangi,ID,Asia/Jakarta,KJT
KJU,Kamiraba,,PG,Pacific/Port_Moresby,KJU
KJX,Blangpidie Airport,Susoh,ID,Asia/Jakarta,KJX
KKA,Koyuk Airport,,US,America/Anchorage,KKA
KKB,SPB,,US,America/Anchorage,KKB
KKC,Khon Kaen Airport,Khon Kaen,TH,Asia/Bangkok,KKC
KKD,Kokoda,,PG,Pacific/Port_Moresby,KKD
KKE,Kerikeri Airport,Kerikeri,NZ,Pacific/Auckland,KKE
KKF,Kagvik Creek,,US,America/Nome,KKF
KKG,Konawaruk,,GY,America/Guyana,KKG
KKH,Kongiganak Airport,,US,America/Nome,KKH
KKI,Spb,,US,America/Anchorage,KKI
KKJ,Kitakyushu Airport,Kanda,JP,Asia/Tokyo,KKJ
KKK,Kalakaket AFS,,US,America/Anchorage,KKK
KKL,Karluk Lake SPB,,US,America/Anchorage,KKL
KKM,Lop Buri,Lop Buri,TH,Asia/Bangkok,KKM
KKN,Kirkenes Airport Hoeybuktmoen,Bjornevatn,NO,Europe/Oslo,KKN
KKO,Kaikohe,Waimate North,NZ,Pacific/Auckland,KKO
KKP,Koolburra,,AU,Australia/Brisbane,KKP
KKQ,Krasnoselkup,,RU,Asia/Yekaterinburg,KKQ
KKR,Kaukura Atoll Airport,,PF,Pacific/Tahiti,KKR
KKS,Kashan Airport,Kashan,IR,Asia/Tehran,KKS
KKT,Kentland,Kentland,US,America/Chicago,KKT
KKU,Ekuk,,US,America/Anchorage,KKU
KKW,Kikwit,,CD,Africa/Kinshasa,KKW
KKX,Kikaiga Shima,,JP,Asia/Tokyo,KKX
KKY,Kilkenny,Kilkenny,IE,Europe/Dublin,KKY
KKZ,Koh Kong,Koh Kong,KH,Asia/Phnom_Penh,KKZ
KLB,Kalabo Airport,Kalabo,ZM,Africa/Lusaka,KLB
KLC,Kaolack,Foundiougne,SN,Africa/Dakar,KLC
KLD,Migalovo,Tver,RU,Europe/Moscow,KLD
KLE,Kaele,Kaele,CM,Africa/Douala,KLE
KLF,Grabtsevo Airport,Kaluga,RU,Europe/Moscow,KLF
KLG,Kalskag Municipal Airport,,US,America/Anchorage,KLG
KLH,Kolhapur,Kagal,IN,Asia/Kolkata,KLH
KLI,Kota Koli,,CD,Africa/Kinshasa,KLI
KLJ,Klaipeda,Neringa,LT,Europe/Vilnius,PLQ
KLK,Kalokol,,KE,Africa/Nairobi,KLK
KLL,Levelock,,US,America/Anchorage,KLL
KLM,Kalaleh,Kalaleh,IR,Asia/Tehran,KLM
KLN,Larsen SPB,,US,America/Anchorage,KLN
KLO,Kalibo International Airport,"Brgy. Nalook, kalibo",PH,Asia/Manila,KLO
KLP,Kelp Bay,,US,America/Sitka,KLP
KLQ,Keluang,Sekayu,ID,Asia/Jakarta,KLQ
KLR,Kalmar Oland Airport,Rinkabyholm,SE,Europe/Stockholm,KLR
KLS,Longview,,US,America/Los_Angeles,KLS
KLT,Kaiserslautern,Kaiserslautern,DE,Europe/Berlin,KLT
KLU,Klagenfurt Airport,Klagenfurt am Woerthersee,AT,Europe/Vienna,KLU
KLV,Karlovy Vary Airport,Dalovice,CZ,Europe/Prague,KLV
KLW,Klawock Airport,,US,America/Sitka,KLW
KLX,Kalamata Airport,Thouria,GR,Europe/Athens,KLX
KLY,Kalima,,CD,Africa/Lubumbashi,KLY
KLZ,Kleinzee,Port Nolloth,ZA,Africa/Johannesburg,KLZ
KMA,Kerema,,PG,Pacific/Port_Moresby,KMA
KMB,Koinambe,,PG,Pacific/Port_Moresby,KMB
KMC,King Khalid Military,Hajrat al Khinbish,SA,Asia/Riyadh,KMC
KME,Kamembe,Cyangugu,RW,Africa/Kigali,KME
KMF,Kamina,,PG,Pacific/Port_Moresby,KMF
KMG,Kunming Changshui International Airport,Qidian,CN,Asia/Shanghai,KMG
KMH,Kuruman,Kuruman,ZA,Africa/Johannesburg,KMH
KMI,Miyazaki Airport,Miyazaki-shi,JP,Asia/Tokyo,KMI
KMJ,Kumamoto Airport,Ozu,JP,Asia/Tokyo,KMJ
KMK,Makabana,,CG,Africa/Brazzaville,KMK
KML,Kamileroi,,AU,Australia/Brisbane,KML
KMM,Kimam,,ID,Asia/Jayapura,KMM
KMN,Kamina,Kamina,CD,Africa/Lubumbashi,KMN
KMO,Manokotak SPB,,US,America/Anchorage,KMO
KMP,J.G.H. Van Der Wath,Keetmanshoop,NA,Africa/Windhoek,KMP
KMQ,Komatsu Airport,Komatsu,JP,Asia/Tokyo,KMQ
KMR,Karimui,,PG,Pacific/Port_Moresby,KMR
KMS,Kumasi Airport,Tafo,GH,Africa/Accra,KMS
KMT,Kampot,Kampot,KH,Asia/Phnom_Penh,KMT
KMU,Kismayu,Kismayo,SO,Africa/Mogadishu,KMU
KMV,Kalemyo Airport,Falam,MM,Asia/Rangoon,KMV
KMW,Sokerkino,Kostroma,RU,Europe/Moscow,KMW
KMX,Khamis Mushait,Khamis Mushait,SA,Asia/Riyadh,KMX
KMY,Moser Bay,,US,America/Anchorage,KMY
KMZ,Kaoma,Kaoma,ZM,Africa/Lusaka,KMZ
KNA,Vina del Mar,Vina del Mar,CL,America/Santiago,KNA
KNB,Kanab,Kanab,US,America/Denver,KNB
KND,Kindu,,CD,Africa/Lubumbashi,KND
KNE,Kanainj,,PG,Pacific/Port_Moresby,KNE
KNF,Marham RAF,King's Lynn,GB,Europe/London,KNF
KNG,Kaimana Airport,Kaimana,ID,Asia/Jayapura,KNG
KNH,Kinmen Airport,Jincheng,TW,Asia/Taipei,KNH
KNI,Katanning,Katanning,AU,Australia/Perth,KNI
KNJ,Kindamba,Kinkala,CG,Africa/Brazzaville,KNJ
KNK,Kokhanok Airport,,US,America/Anchorage,KNK
KNL,Kelanoa,,PG,Pacific/Port_Moresby,KNL
KNM,Kaniama,Gandajika,CD,Africa/Lubumbashi,KNM
KNN,Kankan,Kankan,GN,Africa/Conakry,KNN
KNO,Kuala Namu International Airport,Percut,ID,Asia/Jakarta,MES
KNP,Capanda,,AO,Africa/Luanda,KNP
KNQ,Kone,Kone,NC,Pacific/Noumea,KNQ
KNR,Jam,Jam,IR,Asia/Tehran,KNR
KNS,King Island Airport,Currie,AU,Australia/Currie,KNS
KNT,Municipal,Kennett,US,America/Chicago,KNT
KNU,Kanpur Airport,Kanpur,IN,Asia/Kolkata,KNU
KNV,Knights Inlet,,CA,America/Vancouver,KNV
KNW,New Stuyahok,,US,America/Anchorage,KNW
KNX,Kununurra Airport,,AU,Australia/Perth,KNX
KNY,Kinoosao,,CA,America/Regina,KNY
KNZ,Kenieba,Dire,ML,Africa/Bamako,KNZ
KOA,Kona International Airport at Keahole,,US,Pacific/Honolulu,KOA
KOC,Koumac,Koumac,NC,Pacific/Noumea,KOC
KOD,Kotabangun,Sebulu,ID,Asia/Makassar,KOD
KOE,El Tari Airport,Penfui,ID,Asia/Dili,KOE
KOF,Komatipoort,,ZA,Africa/Johannesburg,KOF
KOG,Khong,Khong Chiam,LA,Asia/Vientiane,KOG
KOH,Koolatah,,AU,Australia/Brisbane,KOH
KOI,Kirkwall Airport,,GB,Europe/London,KOI
KOJ,Kagoshima Airport,Kajiki,JP,Asia/Tokyo,KOJ
KOK,Kruunupyy Airport,Kronoby,FI,Europe/Helsinki,KOK
KOL,Koumala,,CF,Africa/Bangui,KOL
KOM,Komo-Manda,,PG,Pacific/Port_Moresby,KOM
KON,Kontum,Kon Tum,VN,Asia/Ho_Chi_Minh,KON
KOO,Kongolo,Kongolo,CD,Africa/Lubumbashi,KOO
KOP,Nakhon Phanom Airport,,TH,Asia/Bangkok,KOP
KOQ,Koethen,Edderitz,DE,Europe/Berlin,KOQ
KOR,Kokoro,,PG,Pacific/Port_Moresby,KOR
KOS,Sihanouk International Airport,Sihanoukville,KH,Asia/Phnom_Penh,KOS
KOT,Kotlik Airport,,US,America/Nome,KOT
KOU,Koulamoutou,Koulamoutou,GA,Africa/Libreville,KOU
KOV,Kokshetau Airport,Kokshetau,KZ,Asia/Almaty,KOV
KOW,Ganzhou Airport,Ganzhou,CN,Asia/Shanghai,KOW
KOX,Kokonao,,ID,Asia/Jayapura,KOX
KOY,Olga Bay SPB,,US,America/Anchorage,KOY
KOZ,Ouzinkie SPB,,US,America/Anchorage,KOZ
KPA,Kopiago,,PG,Pacific/Port_Moresby,KPA
KPB,Point Baker SPB,,US,America/Anchorage,KPB
KPC,Port Clarence,,US,America/Anchorage,KPC
KPD,King Of Prussia,King of Prussia,US,America/New_York,KPD
KPE,Yapsiei,,PG,Pacific/Port_Moresby,KPE
KPF,Kondubol,,PG,Pacific/Port_Moresby,KPF
KPG,Kurupung,,GY,America/Guyana,KPG
KPH,Pauloff Harbor SPB,,US,America/Anchorage,KPH
KPI,Kapit,,MY,Asia/Kuching,KPI
KPK,Parks SPB,,US,America/Anchorage,KPK
KPL,Kapal,,PG,Pacific/Port_Moresby,KPL
KPM,Kompiam,,PG,Pacific/Port_Moresby,KPM
KPN,Kipnuk SPB,,US,America/Nome,KPN
KPO,Pohang Airport,Pohang,KR,Asia/Seoul,KPO
KPP,Kalpowar,,AU,Australia/Brisbane,KPP
KPR,Port Williams SPB,,US,America/Anchorage,KPR
KPS,Kempsey,Kempsey,AU,Australia/Sydney,KPS
KPT,Jackpot,Jackpot,US,America/Los_Angeles,KPT
KPV,Perryville SPB,,US,America/Anchorage,KPV
KPW,Keperveyem Airport,Bilibino,RU,Asia/Kamchatka,KPW
KPY,Port Bailey SPB,,US,America/Anchorage,KPY
KQA,Akutan,,US,America/Nome,KQA
KQH,Kishangarh Airport,Kishangarh,IN,Asia/Kolkata,KQH
KQL,Kol,,PG,Pacific/Port_Moresby,KQL
KQR,Karara Airport,,AU,Australia/Perth,KQR
KQT,Qurghonteppa International Airport,Bustonqal'a,TJ,Asia/Dushanbe,KQT
KRA,Kerang,,AU,Australia/Melbourne,KRA
KRB,Karumba Airport,,AU,Australia/Brisbane,KRB
KRC,Kerinci,Siulakderasmudik,ID,Asia/Jakarta,KRC
KRD,Kurundi,,AU,Australia/Darwin,KRD
KRE,Kirundo,Uvira,BI,Africa/Bujumbura,KRE
KRF,Kramfors Airport,Bollstabruk,SE,Europe/Stockholm,KRF
KRG,Karasabai,,GY,America/Guyana,KRG
KRI,Kikori,,PG,Pacific/Port_Moresby,KRI
KRJ,Karawari,,PG,Pacific/Port_Moresby,KRJ
KRK,J. Paul II International Airport Krakow-Balice,Balice,PL,Europe/Warsaw,KRK
KRL,Korla Airport,Sayibage,CN,Asia/Shanghai,KRL
KRM,Karanambo,,GY,America/Guyana,KRM
KRN,Kiruna Airport,Kiruna,SE,Europe/Stockholm,KRN
KRO,Kurgan Airport,Kurgan,RU,Asia/Yekaterinburg,KRO
KRP,Karup Airport,Karup,DK,Europe/Copenhagen,KRP
KRQ,Kramatorsk,Kramators'k,UA,Europe/Kiev,KRQ
KRR,Krasnodar International Airport,Pashkovskiy,RU,Europe/Moscow,KRR
KRS,Kristiansand Airport,Justvik,NO,Europe/Oslo,KSU
KRT,Khartoum International Airport,Khartoum,SD,Africa/Khartoum,KRT
KRU,Kerau,,PG,Pacific/Port_Moresby,KRU
KRV,Kerio Valley,,KE,Africa/Nairobi,KRV
KRW,Turkmanbashi Airport,Turkmenbasy,TM,Asia/Ashgabat,KRW
KRX,Kar Kar,,PG,Pacific/Port_Moresby,KRX
KRY,Karamay Airport,,CN,Asia/Shanghai,KRY
KRZ,Kiri,Inongo,CD,Africa/Kinshasa,KRZ
KSA,Kosrae Airport,Tafunsak,FM,Pacific/Kosrae,KSA
KSB,Kasanombe,,PG,Pacific/Port_Moresby,KSB
KSC,Barca Airport,Kosice,SK,Europe/Bratislava,KSC
KSD,Karlstad Airport,Karlstad,SE,Europe/Stockholm,KSD
KSE,Kasese Airport,Kasese,UG,Africa/Kampala,KSE
KSF,Kassel-Calden Airport,Calden,DE,Europe/Berlin,KSF
KSG,Kisengan,,PG,Pacific/Port_Moresby,KSG
KSH,Kermanshah Airport,Kermanshah,IR,Asia/Tehran,KSH
KSI,Kissidougou,Kissidougou,GN,Africa/Conakry,KSI
KSJ,Kasos Island Airport,Fry,GR,Europe/Athens,KSJ
KSK,Karlskoga,Karlskoga,SE,Europe/Stockholm,KSK
KSL,Kassala Airport,Kassala,SD,Africa/Khartoum,KSL
KSM,Saint Mary's Airport,,US,America/Anchorage,KSM
KSN,Kostanay Airport,Kostanay,KZ,Asia/Almaty,KSN
KSO,Aristoteles Airport,Argos Orestiko,GR,Europe/Athens,KSO
KSP,Kosipe,,PG,Pacific/Port_Moresby,KSP
KSQ,Karshi Airport,Qarshi,UZ,Asia/Samarkand,KSQ
KSR,Federal No 1,,US,America/Anchorage,KSR
KSS,Sikasso,Sikasso,ML,Africa/Bamako,KSS
KST,Kosti,Rabak,SD,Africa/Khartoum,KST
KSU,Kristiansund Airport Kvernberget,Rensvik,NO,Europe/Oslo,KSU
KSV,Springvale,,AU,Australia/Brisbane,KSV
KSW,Kiryat Shmona,Qiryat Shemona,IL,Asia/Jerusalem,KSW
KSX,Yasuru,,PG,Pacific/Port_Moresby,KSX
KSY,Kars Airport,Kars,TR,Europe/Istanbul,KSY
KSZ,Kotlas Airport,Kotlas,RU,Europe/Moscow,KSZ
KTA,Karratha Airport,Nickol,AU,Australia/Perth,KTA
KTB,Thorne Bay,,US,America/Anchorage,KTB
KTC,Katiola,Katiola,CI,Africa/Abidjan,KTC
KTD,Kitadaito,,JP,Asia/Tokyo,KTD
KTE,Kerteh Airport,Kertih,MY,Asia/Kuala_Lumpur,KTE
KTF,Takaka,Takaka,NZ,Pacific/Auckland,KTF
KTG,Ketapang Airport,Ketapang,ID,Asia/Pontianak,KTG
KTH,SPB,,US,America/Anchorage,KTH
KTI,Kratie,Kratie,KH,Asia/Phnom_Penh,KTI
KTJ,Kichwa Tembo Airport,Narok,KE,Africa/Nairobi,KTJ
KTK,Kanua,,PG,Pacific/Port_Moresby,KTK
KTL,Kitale Airport,Kitale,KE,Africa/Nairobi,KTL
KTM,Tribhuvan International Airport,,NP,Asia/Kathmandu,KTM
KTN,Ketchikan International Airport,,US,America/Sitka,KTN
KTO,Kato,,GY,America/Guyana,KTO
KTP,Tinson,Kingston,JM,America/Jamaica,KIN
KTQ,Kitee,Kitee,FI,Europe/Helsinki,KTQ
KTR,Tindal,,AU,Australia/Darwin,KTR
KTS,Brevig Mission Airport,,US,America/Anchorage,KTS
KTT,Kittila Airport,Kittilae,FI,Europe/Helsinki,KTT
KTU,Kota,Baran,IN,Asia/Kolkata,KTU
KTV,Kamarata,,VE,America/Caracas,KTV
KTW,Katowice International Airport,Ozarowice,PL,Europe/Warsaw,KTW
KTX,Koutiala,Koutiala,ML,Africa/Bamako,KTX
KTY,Katukurunda Slaf Base,Talpe,LK,Asia/Colombo,KTY
KUA,Sultan Haji Ahmad Shah Airport,Kuantan,MY,Asia/Kuala_Lumpur,KUA
KUC,Kuria,,KI,Pacific/Tarawa,KUC
KUD,Kudat Airport,Kudat,MY,Asia/Kuching,KUD
KUE,Kukundu,,SB,Pacific/Guadalcanal,KUE
KUF,Kurumoch International Airport,Bereza,RU,Europe/Samara,KUF
KUG,Kubin Island,Kubin,AU,Australia/Brisbane,KUG
KUH,Kushiro Airport,Kushiro,JP,Asia/Tokyo,KUH
KUI,Kawau Island,Warkworth,NZ,Pacific/Auckland,KUI
KUJ,Kushimoto,Shingu,JP,Asia/Tokyo,KUJ
KUK,Kasigluk Airport,,US,America/Nome,KUK
KUL,Kuala Lumpur International Airport,Kampung Baharu Nilai,MY,Asia/Kuala_Lumpur,KUL
KUM,Yakushima Airport,,JP,Asia/Tokyo,KUM
KUN,Kaunas Airport,Kaunas,LT,Europe/Vilnius,KUN
KUO,Kuopio Airport,Siilinjaervi,FI,Europe/Helsinki,KUO
KUP,Kupiano,,PG,Pacific/Port_Moresby,KUP
KUQ,Kuri,,PG,Pacific/Port_Moresby,KUQ
KUR,Kuran-O-Munjan,Maymay,AF,Asia/Kabul,KUR
KUS,Kulusuk Airport,Tasiilaq,GL,America/Godthab,KUS
KUT,Kutaisi International Airport,Kutaisi,GE,Asia/Tbilisi,KUT
KUU,Bhuntar Airport,Kulu,IN,Asia/Kolkata,KUU
KUV,Gunsan Airport,Kunsan,KR,Asia/Seoul,KUV
KUW,Kugururok River,,US,America/Anchorage,KUW
KUX,Kuyol,,PG,Pacific/Port_Moresby,KUX
KUY,Kamusi Airport,,PG,Pacific/Port_Moresby,KUY
KUZ,Gunsan Airbase,Kang-neung,KR,Asia/Seoul,KUZ
KVA,Kavala International Airport,Nea Karya,GR,Europe/Athens,KVA
KVB,Skovde,Stopen,SE,Europe/Stockholm,KVB
KVC,King Cove,,US,America/Nome,KVC
KVD,Gyandzha Airport,Qarayeri,AZ,Asia/Baku,KVD
KVE,Kitava,,PG,Pacific/Port_Moresby,KVE
KVG,Kavieng Airport,,PG,Pacific/Port_Moresby,KVG
KVK,Kirovsk Airport,Kirovsk,RU,Europe/Moscow,KVK
KVL,Kivalina Airport,,US,America/Nome,KVL
KVM,Markovo Airport,,RU,Asia/Anadyr,KVM
KVO,Morava Airport,Kraljevo,RS,Europe/Belgrade,KVO
KVR,Kavalerovo,Kavalerovo,RU,Asia/Vladivostok,KVR
KVU,Korolevu,,FJ,Pacific/Fiji,KVU
KVX,Kirov Airport,Strizhi,RU,Europe/Moscow,KVX
KWA,Kwajalein Airport,Ebaye,MH,Pacific/Kwajalein,KWA
KWB,Karimunjawa,,ID,Asia/Jakarta,KWB
KWD,Kawadjia,Dofa,CF,Africa/Bangui,KWD
KWE,Guiyang Longdongbao International Airport,Guiyang,CN,Asia/Shanghai,KWE
KWF,Waterfall SPB,,US,America/Anchorage,KWF
KWG,Krivoy Rog,Lozuvatka,UA,Europe/Kiev,KWG
KWH,Khwahan,Quchanghi,AF,Asia/Kabul,KWH
KWI,Kuwait International Airport,Janub as Surrah,KW,Asia/Kuwait,KWI
KWJ,Gwangju Airport,Gwangju,KR,Asia/Seoul,KWJ
KWK,Kwigillingok Airport,,US,America/Nome,KWK
KWL,Guilin Liangjiang International Airport,Guilin,CN,Asia/Shanghai,KWL
KWM,Kowanyama,,AU,Australia/Brisbane,KWM
KWN,Kwinhagak Airport,,US,America/Anchorage,KWN
KWO,Kawito,,PG,Pacific/Port_Moresby,KWO
KWP,Village SPB,,US,America/Anchorage,KWP
KWR,Kwai Harbour,,SB,Pacific/Guadalcanal,KWR
KWS,Kwailabesi Aerodrom,,SB,Pacific/Guadalcanal,KWS
KWT,Kwethluk Airport,,US,America/Anchorage,KWT
KWU,Mansion House,Kowloon,NZ,Pacific/Auckland,KWU
KWV,Kurwina,,PG,Pacific/Port_Moresby,KWV
KWX,Kiwai Island,,PG,Pacific/Port_Moresby,KWX
KWY,Kiwayu,,KE,Africa/Nairobi,KWY
KWZ,Kolwezi,Kolwezi,CD,Africa/Lubumbashi,KWZ
KXA,Kasaan SPB,,US,America/Sitka,KXA
KXB,Sangia Nibandera Airport,Kolaka,ID,Asia/Makassar,PUM
KXD,Kondinskoye Airport,Kondinskoye,RU,Asia/Yekaterinburg,KXD
KXE,Klerksdorp,Klerksdorp,ZA,Africa/Johannesburg,KXE
KXF,Koro Island,,FJ,Pacific/Fiji,KXF
KXK,Khurba Airport,Khurba,RU,Asia/Vladivostok,KXK
KXR,Karoola,,PG,Pacific/Port_Moresby,KXR
KXU,Katiu,,PF,Pacific/Tahiti,KXU
KYA,Konya Airport,Asagipinarbasi,TR,Europe/Istanbul,KYA
KYD,Orchid Island,Hengchun,TW,Asia/Taipei,KYD
KYE,Kleyate,Halba,LB,Asia/Beirut,KYE
KYF,Yeelirrie,,AU,Australia/Perth,KYF
KYI,Yalata Mission,,AU,Australia/Adelaide,KYI
KYK,Karluk,,US,America/Anchorage,KYK
KYL,Port Largo,Key Largo,US,America/New_York,KYL
KYN,Milton Keynes,Loughton,GB,Europe/London,KYN
KYO,Topp Of Tampa,Wesley Chapel,US,America/New_York,TPA
KYP,Kyaukpyu Airport,,MM,Asia/Rangoon,KYP
KYS,Kayes,Kayes,ML,Africa/Bamako,KYS
KYT,Kyauktaw,Chauk,MM,Asia/Rangoon,KYT
KYU,Koyukuk Airport,,US,America/Anchorage,KYU
KYX,Yalumet,,PG,Pacific/Port_Moresby,KYX
KYZ,Kyzyl Airport,Kyzyl,RU,Asia/Krasnoyarsk,KYZ
KZB,Zachar Bay SPB,,US,America/Anchorage,KZB
KZC,Kompong-Chhna,Kampong Chhnang,KH,Asia/Phnom_Penh,KZC
KZD,Krakor,Pursat,KH,Asia/Phnom_Penh,KZD
KZF,Kaintiba,,PG,Pacific/Port_Moresby,KZF
KZG,Kitzingen,Kitzingen,DE,Europe/Berlin,KZG
KZH,Kizhuyak,,US,America/Anchorage,KZH
KZI,Philippos Airport,Krokos,GR,Europe/Athens,KZI
KZN,Kazan International Airport,Stolbishchi,RU,Europe/Moscow,KZN
KZO,Kzyl-Orda Airport,Tasboget,KZ,Asia/Qyzylorda,KZO
KZR,Zafer Airport,,TR,Europe/Istanbul,KZR
KZS,Kastellorizo Airport,Kalkan,GR,Europe/Athens,KZS
LAA,Lamar Field,Lamar,US,America/Denver,LAA
LAB,Lablab,,PG,Pacific/Port_Moresby,LAB
LAC,Layang-Layang Airstrip,,MY,Asia/Kuching,LAC
LAD,Quatro de Fevereiro Airport,Luanda,AO,Africa/Luanda,LAD
LAE,Nadzab Airport,,PG,Pacific/Port_Moresby,LAE
LAF,Purdue University,West Lafayette,US,America/Indiana/Indianapolis,LAF
LAG,La Guaira,La Guaira,VE,America/Caracas,LAG
LAH,Labuha,Labuha,ID,Asia/Jayapura,LAH
LAI,Servel Airport,Lannion,FR,Europe/Paris,LAI
LAJ,Correia Pinto Airport,Lages,BR,America/Sao_Paulo,LAJ
LAK,Aklavik,,CA,America/Yellowknife,LAK
LAL,Municipal,Winston,US,America/New_York,LAL
LAM,Los Alamos,Los Alamos,US,America/Denver,LAM
LAN,Capital Region International Airport,Edgemont Park,US,America/Detroit,LAN
LAO,Laoag Airport,San Nicolas,PH,Asia/Manila,LAO
LAP,Leon Airport,El Centenario,MX,America/Mazatlan,LAP
LAQ,La Braq Airport,Al Bayda',LY,Africa/Tripoli,LAQ
LAR,General Brees Field,Laramie,US,America/Denver,LAR
LAS,McCarran International Airport,,US,America/Los_Angeles,LAS
LAT,La Uribe,Cota,CO,America/Bogota,LAT
LAU,Lamu,Lamu,KE,Africa/Nairobi,LAU
LAV,Lalomalava,Matavai,WS,Pacific/Apia,LAV
LAW,Lawton-Fort Sill Regional Airport,Lawton,US,America/Chicago,LAW
LAX,Los Angeles International Airport,El Segundo,US,America/Los_Angeles,LAX
LAY,Ladysmith,Ladysmith,ZA,Africa/Johannesburg,LAY
LAZ,Bom Jesus Da Lapa,Bom Jesus da Lapa,BR,America/Bahia,LAZ
LBA,Leeds Bradford International Airport,Yeadon,GB,Europe/London,LBA
LBB,Lubbock Preston Smith International Airport,,US,America/Chicago,LBB
LBC,Lubeck Blankensee,Gross Gronau,DE,Europe/Berlin,HAM
LBD,Khujand Airport,Chkalov,TJ,Asia/Dushanbe,LBD
LBE,Westmoreland County Airport,Lawson Heights,US,America/New_York,LBE
LBF,Lee Bird Field,North Platte,US,America/Chicago,LBF
LBG,Le Bourget,Gonesse,FR,Europe/Paris,PAR
LBH,Palm Beach SPB,Botany,AU,Australia/Sydney,SYD
LBI,Le Sequestre,Albi,FR,Europe/Paris,LBI
LBJ,Komodo Airport,Labuhanbajo,ID,Asia/Makassar,LBJ
LBK,Liboi,Garissa,KE,Africa/Nairobi,LBK
LBL,Liberal Municipal Airport,Liberal,US,America/Chicago,LBL
LBM,Luabo,,MZ,Africa/Maputo,LBM
LBN,Lake Baringo,Baringo,KE,Africa/Nairobi,LBN
LBO,Lusambo,Lusambo,CD,Africa/Lubumbashi,LBO
LBP,Long Banga Airfield,Long Layu,MY,Asia/Kuching,LBP
LBQ,Lambarene,Lambarene,GA,Africa/Libreville,LBQ
LBR,Labrea,Canutama,BR,America/Manaus,LBR
LBS,Labasa Airport,,FJ,Pacific/Fiji,LBS
LBT,Lumberton,Lumberton,US,America/New_York,LBT
LBU,Labuan Airport,,MY,Asia/Kuching,LBU
LBV,Libreville Airport,,GA,Africa/Libreville,LBV
LBW,Long Bawan,Sungaiboh,ID,Asia/Makassar,LBW
LBX,Lubang,Lubang,PH,Asia/Manila,LBX
LBY,Montoir,La Baule-Escoublac,FR,Europe/Paris,LBY
LBZ,Lukapa,Lucapa,AO,Africa/Luanda,LBZ
LCA,Larnaca International Airport,Meneou,CY,Asia/Nicosia,LCA
LCB,Pontes e Lacerda,,BR,America/Cuiaba,LCB
LCC,Galatina,Collemeto,IT,Europe/Rome,LCC
LCD,Louis Trichardt,Louis Trichardt,ZA,Africa/Johannesburg,LCD
LCE,Goloson International Airport,El Porvenir,HN,America/Tegucigalpa,LCE
LCF,Las Vegas,Morales,GT,America/Guatemala,LCF
LCG,A Coruna Airport,Culleredo,ES,Europe/Madrid,LCG
LCH,Lake Charles Regional Airport,Prien,US,America/Chicago,LCH
LCI,Municipal,Gilford,US,America/New_York,LCI
LCJ,Lodz Lublinek Airport,Ksawerow,PL,Europe/Warsaw,LCJ
LCK,Rickenbacker International Airport,Obetz,US,America/New_York,CMH
LCL,La Coloma,San Luis,CU,America/Havana,LCL
LCM,La Cumbre,La Cumbre,AR,America/Argentina/Cordoba,LCM
LCN,Balcanoona,Quorn,AU,Australia/Adelaide,LCN
LCO,Lague,,CG,Africa/Brazzaville,LCO
LCP,Loncopue,Loncopue,AR,America/Argentina/Salta,LCP
LCQ,Lake City,Five Points,US,America/New_York,LCQ
LCR,La Chorrera,,CO,America/Bogota,LCR
LCS,Las Canas,,CR,America/Costa_Rica,LCS
LCT,Shijiazhuang Luancheng Airport,,CN,Asia/Shanghai,LCT
LCV,Lucca,Capannori,IT,Europe/Rome,LCV
LCX,Liancheng Airport,Wenheng,CN,Asia/Shanghai,LCX
LCY,London City Airport,,GB,Europe/London,LON
LDA,Malda,Ingraj Bazar,IN,Asia/Kolkata,LDA
LDB,Londrina Airport,Londrina,BR,America/Sao_Paulo,LDB
LDC,Lindeman Island,Walkerston,AU,Australia/Lindeman,LDC
LDE,Tarbes Ossun Lourdes Airport,Juillan,FR,Europe/Paris,LDE
LDG,Leshukonskoye,Leshukonskoye,RU,Europe/Moscow,LDG
LDH,Lord Howe Island Airport,Woolgoolga,AU,Australia/Lord_Howe,LDH
LDI,Kikwetu,Lindi,TZ,Africa/Dar_es_Salaam,LDI
LDJ,Linden,Linden,US,America/New_York,LDJ
LDK,Hovby,Lidkoping,SE,Europe/Stockholm,LDK
LDM,Mason County,Ludington,US,America/Detroit,LDM
LDN,Lamidanda,Bhojpur,NP,Asia/Kathmandu,LDN
LDO,Ladouanie,Brownsweg,SR,America/Paramaribo,LDO
LDR,Lodar,Lawdar,YE,Asia/Aden,LDR
LDS,Yichun Shi Airport,Xuri,CN,Asia/Shanghai,LDS
LDU,Lahad Datu Airport,,MY,Asia/Kuching,LDU
LDV,Landivisiau,Landivisiau,FR,Europe/Paris,LDV
LDW,Lansdowne,,AU,Australia/Perth,LDW
LDX,St-Laurent du Maroni,Albina,GF,America/Cayenne,LDX
LDY,City of Derry Airport,Eglinton,GB,Europe/London,LDY
LDZ,Londolozi Airport,,ZA,Africa/Johannesburg,LDZ
LEA,Learmonth Airport,,AU,Australia/Perth,LEA
LEB,Lebanon Regional Airport,White River Junction,US,America/New_York,LEB
LEC,Coronel Horacio de Mattos Airport,Vera Cruz,BR,America/Bahia,LEC
LED,Pulkovo Airport,Dachnoye,RU,Europe/Moscow,LED
LEE,Leesburg,Silver Lake,US,America/New_York,LEE
LEF,Lebakeng,,LS,Africa/Maseru,LEF
LEG,Aleg,,MR,Africa/Nouakchott,LEG
LEH,Octeville,Sainte-Adresse,FR,Europe/Paris,LEH
LEI,Almeria Airport,Retamar,ES,Europe/Madrid,LEI
LEJ,Leipzig/Halle Airport,,DE,Europe/Berlin,LEJ
LEK,Labe,Labe,GN,Africa/Conakry,LEK
LEL,Lake Evella,,AU,Australia/Darwin,LEL
LEM,Lemmon,Lemmon,US,America/Denver,LEM
LEN,Leon Airport,San Andres del Rabanedo,ES,Europe/Madrid,LEN
LEO,Leconi,Lekoni,GA,Africa/Libreville,LEO
LEP,Leopoldina,Leopoldina,BR,America/Sao_Paulo,LEP
LEQ,Lands End,Sennen,GB,Europe/London,LEQ
LER,Leinster,,AU,Australia/Perth,LER
LES,Lesobeng,,LS,Africa/Maseru,LES
LET,Gen. A.V. Cobo Airport,Leticia,CO,America/Bogota,LET
LEU,Seo de Urgel,Sant Julia de Loria,ES,Europe/Madrid,LEU
LEV,Levuka Airfield,,FJ,Pacific/Fiji,LEV
LEW,Auburn,Auburn,US,America/New_York,LEW
LEX,Blue Grass Airport,Monticello,US,America/New_York,LEX
LEY,Lelystad,Lelystad,NL,Europe/Amsterdam,LEY
LEZ,La Esperanza,La Esperanza,HN,America/Tegucigalpa,LEZ
LFB,Lumbo,Ilha de Mocambique,MZ,Africa/Maputo,LFB
LFH,Lanping Feng Hua Airport,Jinding,CN,Asia/Shanghai,LFH
LFI,Langley AFB,,US,America/New_York,PHF
LFK,Lufkin Angelina County,Diboll,US,America/Chicago,OCH
LFM,Lamerd Airport,Lamerd,IR,Asia/Tehran,LFM
LFN,Franklin,Louisburg,US,America/New_York,LFN
LFO,Kelafo,Beledweyne,ET,Africa/Addis_Ababa,LFO
LFP,Lakefield,,AU,Australia/Brisbane,LFP
LFQ,Linfen Qiaoli Airport,Linfen,CN,Asia/Shanghai,LFQ
LFR,La Fria Airport,La Fria,VE,America/Caracas,LFR
LFT,Lafayette Regional Airport,Lafayette,US,America/Chicago,LFT
LFW,Lome Airport,Lome,TG,Africa/Lome,LFW
LGA,LaGuardia Airport,The Bronx,US,America/New_York,NYC
LGB,Long Beach Airport,Signal Hill,US,America/Los_Angeles,LGB
LGC,Calloway,La Grange,US,America/New_York,LGC
LGD,La Grande,La Grande,US,America/Los_Angeles,LGD
LGE,Lake Gregory,,AU,Australia/Perth,LGE
LGF,Laguna AAF,,US,America/Phoenix,YUM
LGG,Liege Airport,Awans,BE,Europe/Brussels,LGG
LGH,Leigh Creek,,AU,Australia/Adelaide,LGH
LGI,Deadmans Cay Airport,Clarence Town,BS,America/Nassau,LGI
LGK,Langkawi International Airport,Kuah,MY,Asia/Kuala_Lumpur,LGK
LGL,Long Lellang,,MY,Asia/Kuching,LGL
LGM,Laiagam,,PG,Pacific/Port_Moresby,LGM
LGN,Linga Linga,,PG,Pacific/Port_Moresby,LGN
LGO,Langeoog,Langeoog,DE,Europe/Berlin,LGO
LGP,Legaspi Airport,Sagpon,PH,Asia/Manila,LGP
LGQ,Lago Agrio Airport,Nueva Loja,EC,America/Guayaquil,LGQ
LGR,Cochrane,Cochrane,CL,America/Santiago,LGR
LGS,Malargue,Malargue,AR,America/Argentina/Mendoza,LGS
LGT,Las Gaviotas,San Zenon,CO,America/Bogota,LGT
LGU,Cache,Hyde Park,US,America/Denver,LGU
LGW,London Gatwick Airport,Horley,GB,Europe/London,LON
LGX,Lugh Ganane,,SO,Africa/Mogadishu,LGX
LGY,Lagunillas,Lagunillas,VE,America/Caracas,LGY
LGZ,Leguizamo,,CO,America/Bogota,LGZ
LHA,Black Forest,Lahr,DE,Europe/Berlin,LHA
LHB,Lost Harbor Sea Port,,US,America/Nome,LHB
LHE,Allama Iqbal International Airport,Lahore,PK,Asia/Karachi,LHE
LHG,Lightning Ridge,,AU,Australia/Sydney,LHG
LHI,Lereh,Genyem,ID,Asia/Jayapura,LHI
LHK,Guanghua,Gucheng Chengguanzhen,CN,Asia/Shanghai,LHK
LHN,Lishan,Hualian,TW,Asia/Taipei,LHN
LHP,Lehu,,PG,Pacific/Port_Moresby,LHP
LHR,London Heathrow Airport,West Drayton,GB,Europe/London,LON
LHS,Las Heras,,AR,America/Argentina/Rio_Gallegos,LHS
LHU,Lianshulu,,NA,Africa/Windhoek,LHU
LHV,W T Piper Memorial,Lock Haven,US,America/New_York,LHV
LHW,Lanzhou Zhongchuan International Airport,,CN,Asia/Shanghai,LHW
LIA,Liangping,Longmen,CN,Asia/Shanghai,LIA
LIB,Limbunya,,AU,Australia/Darwin,LIB
LIC,Municipal,Limon,US,America/Denver,LIC
LIE,Libenge,Libenge,CD,Africa/Kinshasa,LIE
LIF,Lifou Airport,We,NC,Pacific/Noumea,LIF
LIG,Bellegarde Airport,Couzeix,FR,Europe/Paris,LIG
LIH,Lihue Airport,Hanama'ulu,US,Pacific/Honolulu,LIH
LII,Mulia,,ID,Asia/Jayapura,LII
LIJ,Long Island,,US,America/Sitka,LIJ
LIK,Likiep Island,Likiep,MH,Pacific/Majuro,LIK
LIL,Lille Airport,Lesquin,FR,Europe/Paris,LIL
LIM,Jorge Chavez International Airport,Callao,PE,America/Lima,LIM
LIN,Milano Linate Airport,Novegro-Tregarezzo-San Felice,IT,Europe/Rome,MIL
LIO,Limon International Airport,Limon,CR,America/Costa_Rica,LIO
LIP,Lins,Lins,BR,America/Sao_Paulo,LIP
LIQ,Lisala,,CD,Africa/Kinshasa,LIQ
LIR,Liberia Airport,Liberia,CR,America/Costa_Rica,LIR
LIS,Lisbon Portela Airport,Moscavide,PT,Europe/Lisbon,LIS
LIT,Bill and Hillary Clinton National Airport,North Little Rock,US,America/Chicago,LIT
LIV,Livengood,,US,America/Anchorage,LIV
LIW,Loikaw Airport,Loikaw,MM,Asia/Rangoon,LIW
LIX,Likoma,Chipyela,MW,Africa/Blantyre,LIX
LIY,Wright AAF,Hinesville,US,America/New_York,LIY
LIZ,Loring AFB,Foster Brook,US,America/New_York,LIZ
LJA,Lodja,Lodja,CD,Africa/Lubumbashi,LJA
LJC,Intercontinental,Lafayette,US,America/Kentucky/Louisville,SDF
LJG,Lijiang Airport,Huangshan,CN,Asia/Shanghai,LJG
LJN,Brazoria County,Lake Jackson,US,America/Chicago,LJN
LJU,Ljubljana Joze Pucnik Airport,Sencur,SI,Europe/Ljubljana,LJU
LKA,Gewayenta Airport,Balela,ID,Asia/Makassar,LKA
LKB,Lakeba Airport,,FJ,Pacific/Fiji,LKB
LKC,Lekana,Djambala,CG,Africa/Brazzaville,LKC
LKD,Lakeland Downs,,AU,Australia/Brisbane,LKD
LKE,Kenmore Air Harbor SPB,Seattle,US,America/Los_Angeles,SEA
LKG,Lokichoggio,Kaabong,KE,Africa/Nairobi,LKG
LKH,Long Akah,Long Ampan Aing or Abanang,MY,Asia/Kuching,LKH
LKI,Lakeside USAF,Duluth,US,America/Chicago,DLH
LKK,Kulik Lake,,US,America/Anchorage,LKK
LKL,Banak Airport,Lakselv,NO,Europe/Oslo,LKL
LKN,Leknes Airport,Leknes,NO,Europe/Oslo,LKN
LKO,Chaudhary Charan Singh International Airport,Lucknow,IN,Asia/Kolkata,LKO
LKP,Lake Placid,Lake Placid,US,America/New_York,LKP
LKR,Las Khoreh,Las Khorey,SO,Africa/Mogadishu,LKR
LKS,Lakeside,Briarcliff,US,America/Chicago,LKS
LKU,Lake Rudolf,,KE,Africa/Nairobi,LKU
LKV,Lake County,Lakeview,US,America/Los_Angeles,LKV
LKW,Lekhwair,`Ibri,OM,Asia/Muscat,LKW
LKY,Lake Manyara Airport,Monduli,TZ,Africa/Dar_es_Salaam,LKY
LKZ,RAF Lakenheath,Mundford,GB,Europe/London,LKZ
LLA,Lulea Airport,Bergnaset,SE,Europe/Stockholm,LLA
LLB,Libo County Libo City Airport,Chuanshan,CN,Asia/Shanghai,LLB
LLC,Cagayan North International Airport,Bagumbayan,PH,Asia/Manila,LLC
LLE,Malelane,Komatipoort,ZA,Africa/Johannesburg,LLE
LLF,Lingling Airport,Lengshuitan,CN,Asia/Shanghai,LLF
LLG,Chillagoe,,AU,Australia/Brisbane,LLG
LLH,Las Limas,,HN,America/Tegucigalpa,LLH
LLI,Lalibela Airport,Lalibela,ET,Africa/Addis_Ababa,LLI
LLJ,Silampari Airport,Lubuklinggau,ID,Asia/Jakarta,LLJ
LLK,Lankaran International Airport,Lankaran,AZ,Asia/Baku,LLK
LLL,Lissadell,,AU,Australia/Perth,LLL
LLM,Long Lama,,MY,Asia/Kuching,LLM
LLN,Kelila,Bikondini,ID,Asia/Jayapura,LLN
LLO,Bua Airport,Beringinjaya,ID,Asia/Makassar,LLO
LLP,Linda Downs,,AU,Australia/Brisbane,LLP
LLS,Las Lomitas,Las Lomitas,AR,America/Argentina/Cordoba,LLS
LLT,Lobito,Lobito,AO,Africa/Luanda,LLT
LLU,Alluitsup Paa,,GL,America/Godthab,LLU
LLV,Lüliang Airport,Lishi,CN,Asia/Shanghai,LLV
LLW,Lilongwe International Airport,Lilongwe,MW,Africa/Blantyre,LLW
LLX,Lyndonville,Lyndon,US,America/New_York,LLX
LLY,Burlington County,Leisuretowne,US,America/New_York,LLY
LMA,Lake Minchumina,,US,America/Anchorage,LMA
LMB,Salima,Salima,MW,Africa/Blantyre,LMB
LMC,Lamacarena,San Juan de Arama,CO,America/Bogota,LMC
LMD,Los Menucos,Los Menucos,AR,America/Argentina/Salta,LMD
LME,Arnage,Cloyes-sur-le-Loir,FR,Europe/Paris,LME
LMG,Lamassa,,PG,Pacific/Port_Moresby,LMG
LMH,Limon,Francia,HN,America/Tegucigalpa,LMH
LMI,Lumi,,PG,Pacific/Port_Moresby,LMI
LML,Lae Island,Lae,MH,Pacific/Majuro,LML
LMM,Federal Airport,Los Mochis,MX,America/Mazatlan,LMM
LMN,Limbang Airport,Limbang,MY,Asia/Kuching,LMN
LMO,Lossiemouth RAF Station,Lossiemouth,GB,Europe/London,LMO
LMP,Lampedusa Airport,Lampedusa,IT,Europe/Rome,LMP
LMQ,Marsa Brega,Al Burayqah,LY,Africa/Tripoli,LMQ
LMR,Lime Acres,Danielskuil,ZA,Africa/Johannesburg,LMR
LMS,Winston County,Louisville,US,America/Chicago,LMS
LMT,Crater Lake Klamath Regional Airport,Altamont,US,America/Los_Angeles,LMT
LMU,Letung Airport,,ID,Asia/Jakarta,LMU
LMV,Madivaru Airport,Madivaru,MV,Indian/Maldives,LMV
LMX,Lopez De Micay,,CO,America/Bogota,LMX
LMY,Lake Murray,,PG,Pacific/Port_Moresby,LMY
LMZ,Palma,Madimba,MZ,Africa/Maputo,LMZ
LNA,Palm Beach County Park,,US,America/New_York,PBI
LNB,Lamen Bay,,VU,Pacific/Efate,LNB
LNC,Lengbati,,PG,Pacific/Port_Moresby,LNC
LND,Hunt Field,Lander,US,America/Denver,LND
LNE,Lonorore,,VU,Pacific/Efate,LNE
LNF,Munbil,,PG,Pacific/Port_Moresby,LNF
LNG,Lese,,PG,Pacific/Port_Moresby,LNG
LNH,Lake Nash,,AU,Australia/Darwin,LNH
LNI,Dew Station,,US,America/Anchorage,LNI
LNJ,Lincang Airport,Mengmeng,CN,Asia/Shanghai,LNJ
LNK,Lincoln Airport,Lincoln,US,America/Chicago,LNK
LNL,Longnan Chengzhou Airport,Diancun,CN,Asia/Shanghai,LNL
LNM,Langimar,,PG,Pacific/Port_Moresby,LNM
LNN,Lost Nation,Willoughby,US,America/New_York,LNN
LNO,Leonora,,AU,Australia/Perth,LNO
LNP,Wise,Wise,US,America/New_York,LNP
LNQ,Loani,,PG,Pacific/Port_Moresby,LNQ
LNR,Tri County,Spring Green,US,America/Chicago,LNR
LNS,Lancaster Airport,Lititz,US,America/New_York,LNS
LNU,Robert Atty Bessing Airport,Mensalong,ID,Asia/Makassar,LNU
LNV,Lihir Island,Rabaul,PG,Pacific/Port_Moresby,LNV
LNX,Smolensk,Smolensk,RU,Europe/Moscow,LNX
LNY,Lanai Airport,Lana'i City,US,Pacific/Honolulu,LNY
LNZ,Linz Airport,Horsching,AT,Europe/Vienna,LNZ
LOA,Lorraine,,AU,Australia/Brisbane,LOA
LOB,Los Andes,Coquimbo,CL,America/Santiago,LOB
LOC,Lock,,AU,Australia/Adelaide,LOC
LOD,Longana,,VU,Pacific/Efate,LOD
LOE,Loei Airport,Loei,TH,Asia/Bangkok,LOE
LOF,Loen,Jabat,MH,Pacific/Majuro,LOF
LOG,Longview,Kelso,US,America/Los_Angeles,LOG
LOH,Ciudad de Catamayo Airport,Catamayo,EC,America/Guayaquil,LOH
LOI,Helmuth Baungartem,Ibirama,BR,America/Sao_Paulo,LOI
LOK,Lodwar Airport,,KE,Africa/Nairobi,LOK
LOL,Derby Field,Lovelock,US,America/Los_Angeles,LOL
LOM,Francisco P. V. Y R.,Geovillas Laureles del Campanario,MX,America/Mexico_City,LOM
LOO,L'Mekrareg Airport,Laghouat,DZ,Africa/Algiers,LOO
LOP,Lombok International Airport,Tanakawu Dua,ID,Asia/Makassar,LOP
LOQ,Lobatse,Lobatse,BW,Africa/Gaborone,LOQ
LOR,Lowe Army Heliport,Headland,US,America/Chicago,OZR
LOS,Murtala Muhammed International Airport,Oshodi,NG,Africa/Lagos,LOS
LOT,Lewis Lockport,Lockport,US,America/Chicago,LOT
LOU,Bowman Field Airport,Louisville,US,America/Kentucky/Louisville,SDF
LOV,Monclova,Monclova,MX,America/Monterrey,LOV
LOW,Louisa,Louisa,US,America/New_York,LOW
LOX,Los Tablones Airport,Morazan,GT,America/Guatemala,LOX
LOY,Loyangalani,Lodwar,KE,Africa/Nairobi,LOY
LOZ,Corbin-london,London,US,America/New_York,LOZ
LPA,Gran Canaria Airport,Ingenio,ES,Atlantic/Canary,LPA
LPB,El Alto International Airport,La Paz,BO,America/La_Paz,LPB
LPC,Lompoc Airport,,US,America/Los_Angeles,LPC
LPD,La Pedrera,,CO,America/Bogota,LPD
LPE,La Primavera,Ginebra,CO,America/Bogota,LPE
LPF,Liupanshui Yuezhao Airport,Liupanshui,CN,Asia/Shanghai,LPF
LPG,La Plata,La Plata,AR,America/Argentina/Buenos_Aires,LPG
LPI,Linkoping City Airport,Linkoping,SE,Europe/Stockholm,LPI
LPJ,Pijiguaos,San Juan de Payara,VE,America/Caracas,LPJ
LPK,Lipetsk Airport,Lipetsk,RU,Europe/Moscow,LPK
LPL,Liverpool John Lennon Airport,Hale,GB,Europe/London,LPL
LPM,Lamap,,VU,Pacific/Efate,LPM
LPN,Leron Plains,,PG,Pacific/Port_Moresby,LPN
LPO,Municipal,LaPorte,US,America/Chicago,LPO
LPP,Lappeenranta,Lappeenranta,FI,Europe/Helsinki,LPP
LPQ,Luang Prabang International Airport,Louangphabang,LA,Asia/Vientiane,LPQ
LPS,Lopez Island,,US,America/Los_Angeles,LPS
LPT,Lampang Airport,Lampang,TH,Asia/Bangkok,LPT
LPU,Long Apung,Longnawang,ID,Asia/Makassar,LPU
LPW,Little Port Walter,,US,America/Sitka,LPW
LPX,Liepaya Airport,Grobina,LV,Europe/Riga,LPX
LPY,Loudes Airport,Saint-Paulien,FR,Europe/Paris,LPY
LQK,Pickens,Pickens,US,America/New_York,LQK
LQM,Puerto Leguizamo,Puerto Leguizamo,CO,America/Bogota,LQM
LQN,Qala Nau,Qadis,AF,Asia/Kabul,LQN
LRA,Larisa,Larisa,GR,Europe/Athens,LRA
LRB,Leribe,Leribe,LS,Africa/Maseru,LRB
LRD,Laredo International Airport,Laredo,US,America/Chicago,LRD
LRE,Longreach Airport,,AU,Australia/Brisbane,LRE
LRF,Little Rock AFB,Little Rock Air Force Base,US,America/Chicago,LRF
LRG,Lora Lai,Kharan,PK,Asia/Karachi,LRG
LRH,Laleu Airport,Nieul-sur-Mer,FR,Europe/Paris,LRH
LRI,Lorica,Cotorra,CO,America/Bogota,LRI
LRJ,Municipal,Le Mars,US,America/Chicago,LRJ
LRK,Coast Guard,Batallas,US,America/Sitka,LRK
LRL,Niamtougou,Niamtougou,TG,Africa/Lome,LRL
LRM,La Romana Airport,La Romana,DO,America/Santo_Domingo,LRM
LRN,Larson AFB,Moses Lake,US,America/Los_Angeles,MWH
LRO,Sharpe AAF,Lathrop,US,America/Los_Angeles,LRO
LRQ,Laurie River,,CA,America/Winnipeg,LRQ
LRR,Lar Airport,Lar,IR,Asia/Tehran,LRR
LRS,Leros Airport,Megalo Chorio,GR,Europe/Athens,LRS
LRT,Lann Bihoue Airport,Ploemeur,FR,Europe/Paris,LRT
LRU,Municipal,Mesilla,US,America/Denver,LRU
LRV,Los Roques,Caraballeda,VE,America/Caracas,LRV
LSA,Losuia,,PG,Pacific/Port_Moresby,LSA
LSB,Lordsburg,Lordsburg,US,America/Denver,LSB
LSC,La Florida Airport,La Serena,CL,America/Santiago,LSC
LSD,Blue Grass Station Army Heliport,Mount Vernon,US,America/New_York,LEX
LSE,La Crosse Regional Airport,French Island,US,America/Chicago,LSE
LSF,Lawson AAF,,US,America/New_York,LSF
LSH,Lashio,,MM,Asia/Rangoon,LSH
LSI,Sumburgh Airport,,GB,Europe/London,SDZ
LSJ,Long Island,,PG,Pacific/Port_Moresby,LSJ
LSK,Lusk,Lusk,US,America/Denver,LSK
LSL,Los Chiles,Los Chiles,CR,America/Costa_Rica,LSL
LSM,Lawas,Sungai Nyamuk,MY,Asia/Kuching,LSM
LSN,Los Banos,Los Banos,US,America/Los_Angeles,LSN
LSO,Talmont,Les Sables-d'Olonne,FR,Europe/Paris,LSO
LSP,Josefa Camejo Airport,Punto Fijo,VE,America/Caracas,LSP
LSQ,Los Angeles,Los Angeles,CL,America/Santiago,LSQ
LSR,Lost River,,US,America/Nome,LSR
LSS,Terre-de-Haut,Terre-de-Bas,GP,America/Guadeloupe,LSS
LST,Launceston Airport,Perth,AU,Australia/Hobart,LST
LSU,Long Sukang,,MY,Asia/Kuching,LSU
LSV,Nellis AFB,Pahrump,US,America/Los_Angeles,LAS
LSW,Malikus Saleh Airport,Lhokseumawe,ID,Asia/Jakarta,LSW
LSX,Lhok Sukon,Matangkuli,ID,Asia/Jakarta,LSX
LSY,Lismore Airport,Lismore,AU,Australia/Sydney,LSY
LSZ,Losinj Airport,Mali Losinj,HR,Europe/Zagreb,LSZ
LTA,Letaba,Tzaneen,ZA,Africa/Johannesburg,LTA
LTB,Latrobe,Latrobe,AU,Australia/Hobart,LTB
LTC,Lai,Lai,TD,Africa/Ndjamena,LTC
LTD,Ghadames,Ghadamis,LY,Africa/Tripoli,LTD
LTF,Leitre,Leitre,PG,Pacific/Port_Moresby,LTF
LTG,Langtang,Chongdui,NP,Asia/Kathmandu,LTG
LTH,Lathrop Wells,,US,America/Los_Angeles,LTH
LTI,Altai,Tsagaan-Olom,MN,Asia/Hovd,LTI
LTK,Latakia,Jablah,SY,Asia/Damascus,LTK
LTL,Lastourville,Lastoursville,GA,Africa/Libreville,LTL
LTM,Lethem,,GY,America/Guyana,LTM
LTN,London Luton Airport,Luton,GB,Europe/London,LON
LTO,Loreto Airport,Loreto,MX,America/Mazatlan,LTO
LTP,Lyndhurst,,AU,Australia/Brisbane,LTP
LTQ,Le Touquet,Etaples,FR,Europe/Paris,LTQ
LTR,Letterkenny,Letterkenny,IE,Europe/Dublin,LTR
LTS,Altus AFB,Altus,US,America/Chicago,LTS
LTT,La Mole,,FR,Europe/Paris,LTT
LTU,Latur,Latur,IN,Asia/Kolkata,LTU
LTV,Lotusvale,,AU,Australia/Brisbane,LTV
LTW,St Marys County,,US,America/New_York,LTW
LTX,Cotapaxi International Airport,Latacunga,EC,America/Guayaquil,LTX
LUA,Lukla,,NP,Asia/Kathmandu,LUA
LUB,Lumid Pau,,GY,America/Guyana,LUB
LUC,Laucala Island,,FJ,Pacific/Fiji,LUC
LUD,Luderitz Airport,Luderitz,NA,Africa/Windhoek,LUD
LUE,Lucenec,Lucenec,SK,Europe/Bratislava,LUE
LUF,Luke AFB,,US,America/Phoenix,PHX
LUG,Lugano Airport,Viganello,CH,Europe/Zurich,LUG
LUH,Ludhiana Sahnewal Airport,Ludhiana,IN,Asia/Kolkata,LUH
LUI,La Union,La Union,HN,America/Tegucigalpa,LUI
LUK,Cincinnati Municipal Lunken Airport,Oakbrook,US,America/New_York,CVG
LUL,Hesler-Noble Field,Laurel,US,America/Chicago,LUL
LUM,Dehong Mangshi Airport,,CN,Asia/Shanghai,LUM
LUN,Kenneth Kaunda International Airport,Lusaka,ZM,Africa/Lusaka,LUN
LUO,Luena,Leua,AO,Africa/Luanda,LUO
LUP,Kalaupapa,,US,Pacific/Honolulu,LUP
LUQ,San Luis Airport,San Luis,AR,America/Argentina/San_Luis,LUQ
LUR,Cape Lisburne,,US,America/Nome,LUR
LUS,Lusanga,Kikwit,CD,Africa/Kinshasa,LUS
LUT,Laura Station,,AU,Australia/Brisbane,LUT
LUU,Laura,,AU,Australia/Brisbane,LUU
LUV,Langgur Airport,,ID,Asia/Jayapura,LUV
LUW,Bubung Airport,Luwuk,ID,Asia/Makassar,LUW
LUX,Luxembourg Airport,Sandweiler,LU,Europe/Luxembourg,LUX
LUZ,Lublin Airport,,PL,Europe/Warsaw,LUZ
LVA,Entrammes,Laval,FR,Europe/Paris,LVA
LVB,Dos Galpoes,Rivera,BR,America/Sao_Paulo,LVB
LVD,Lime Village,,US,America/Anchorage,LVD
LVI,Livingstone Airport,Livingstone,ZM,Africa/Lusaka,LVI
LVK,Livermore,Livermore,US,America/Los_Angeles,LVK
LVL,Lawrenceville,Lawrenceville,US,America/New_York,LVL
LVM,Mission Field,Livingston,US,America/Denver,LVM
LVO,Laverton,,AU,Australia/Perth,LVO
LVP,Lavan,Gavbandi,IR,Asia/Tehran,LVP
LVR,Mun. Do Bom Futuro,,BR,America/Cuiaba,LVR
LVS,Las Vegas,Las Vegas,US,America/Denver,LVS
LWA,Lwbak,Lubuagan,PH,Asia/Manila,LWA
LWB,Greenbrier Valley Airport,Lewisburg,US,America/New_York,LWB
LWC,Lawrence,Lawrence,US,America/Chicago,LWC
LWE,Lewoleba,Boto,ID,Asia/Makassar,LWE
LWH,Lawn Hill,,AU,Australia/Brisbane,LWH
LWI,Lowai,,PG,Pacific/Port_Moresby,LWI
LWK,Lerwick/Tingwall,,GB,Europe/London,SDZ
LWL,Harriet Field,Wells,US,America/Los_Angeles,LWL
LWM,Lawrence,North Andover,US,America/New_York,LWM
LWN,Leninakan Airport,Azatan,AM,Asia/Yerevan,LWN
LWO,Lviv International Airport,Rudne,UA,Europe/Kiev,LWO
LWR,Leeuwarden,Britsum,NL,Europe/Amsterdam,LWR
LWS,Lewiston-Nez Perce County Regional Airport,Lewiston Orchards,US,America/Los_Angeles,LWS
LWT,Municipal,Lewistown,US,America/Denver,LWT
LWV,Municipal,Lawrenceville,US,America/Chicago,LWV
LWY,Lawas Airport,Victoria,MY,Asia/Kuching,LWY
LXA,Lhasa Gonggar Airport,Konggar,CN,Asia/Shanghai,LXA
LXG,Luang Namtha Airport,Louang Namtha,LA,Asia/Vientiane,LXG
LXN,Lexington,Lexington,US,America/Chicago,LXN
LXR,Luxor International Airport,Luxor,EG,Africa/Cairo,LXR
LXS,Limnos Airport,Myrina,GR,Europe/Athens,LXS
LXU,Lukulu,Lukulu,ZM,Africa/Lusaka,LXU
LXV,Leadville,Leadville,US,America/Denver,LXV
LYA,Luoyang Beijiao Airport,,CN,Asia/Shanghai,LYA
LYB,Little Cayman Airport,East End,KY,America/Cayman,LYB
LYC,Lycksele Airport,Lycksele,SE,Europe/Stockholm,LYC
LYE,Lyneham RAF Station,Lyneham,GB,Europe/London,LYE
LYG,Lianyungang Airport,Niushan,CN,Asia/Shanghai,LYG
LYH,Preston-Glenn Field,Timberlake,US,America/New_York,LYH
LYI,Linyi Airport,Linyi,CN,Asia/Shanghai,LYI
LYK,Lunyuk,Lunyuk Ode,ID,Asia/Makassar,LYK
LYN,Bron,Bron,FR,Europe/Paris,LYS
LYO,Lyons-Rice County Municipal,Lyons,US,America/Chicago,LYO
LYP,Faisalabad Airport,Faisalabad,PK,Asia/Karachi,LYP
LYR,Svalbard Airport,Longyearbyen,SJ,Arctic/Longyearbyen,LYR
LYS,Lyon Saint-Exupery International Airport,Pusignan,FR,Europe/Paris,LYS
LYT,Lady Elliot Island,Bundaberg,AU,Australia/Brisbane,LYT
LYU,Ely,Ely,US,America/Chicago,LYU
LYX,London Ashford International (Ferryfield),Lydd,GB,Europe/London,LYX
LZA,Luiza,Mwene-Ditu,CD,Africa/Lubumbashi,LZA
LZC,Lazaro Cardenas Airport,La Orilla,MX,America/Mexico_City,LZC
LZG,Langzhong Airport,Shilong,CN,Asia/Shanghai,LZG
LZH,Liuzhou Airport,Labu,CN,Asia/Shanghai,LZH
LZI,Luozi,,CD,Africa/Kinshasa,LZI
LZM,Luzamba,,AO,Africa/Luanda,LZM
LZN,Matsu Nangan Airport,,TW,Asia/Taipei,LZN
LZO,Luzhou Lantian Airport,Luzhou,CN,Asia/Shanghai,LZO
LZR,Lizard Island,,AU,Australia/Brisbane,LZR
LZU,Gwinnett County Airport,Suwanee,US,America/New_York,LZU
LZY,Nyingchi Mainling Airport,Mainling,CN,Asia/Shanghai,LZY
MAA,Chennai Airport,Pallavaram,IN,Asia/Kolkata,MAA
MAB,Maraba Airport,,BR,America/Belem,MAB
MAC,Smart,,US,America/New_York,MCN
MAD,Adolfo Suarez Madrid-Barajas Airport,Barajas de Madrid,ES,Europe/Madrid,MAD
MAE,Madera,Madera,US,America/Los_Angeles,MAE
MAF,Midland International Airport,,US,America/Chicago,MAF
MAG,Madang Airport,,PG,Pacific/Port_Moresby,MAG
MAH,Menorca Airport,Sant Lluis,ES,Europe/Madrid,MAH
MAI,Mangochi,Mangochi,MW,Africa/Blantyre,MAI
MAJ,Amata Kabua International Airport,Majuro,MH,Pacific/Majuro,MAJ
MAK,Malakal,Malakal,SS,Africa/Juba,MAK
MAL,Mangole,,ID,Asia/Jayapura,MAL
MAM,Matamoros Airport,Heroica Matamoros,MX,America/Matamoros,MAM
MAN,Manchester Airport,Ringway,GB,Europe/London,MAN
MAO,Eduardo Gomes International Airport,,BR,America/Manaus,MAO
MAP,Mamai,,PG,Pacific/Port_Moresby,MAP
MAQ,Mae Sot Airport,Mae Sot,TH,Asia/Bangkok,MAQ
MAR,La Chinita Airport,San Francisco,VE,America/Caracas,MAR
MAS,Momote Airport,Lorengau,PG,Pacific/Port_Moresby,MAS
MAT,Matadi,Matadi,CD,Africa/Kinshasa,MAT
MAU,Maupiti,Vaitape,PF,Pacific/Tahiti,MAU
MAV,Maloelap Island,Taroa,MH,Pacific/Majuro,MAV
MAW,Malden,Malden,US,America/Chicago,MAW
MAX,Matam,Ouro Sogui,SN,Africa/Dakar,MAX
MAY,Mangrove Cay,,BS,America/Nassau,MAY
MAZ,Eugenio M. De Hostos Airport,Anasco,PR,America/Puerto_Rico,MAZ
MBA,Moi International Airport,Mombasa,KE,Africa/Nairobi,MBA
MBB,Marble Bar,,AU,Australia/Perth,MBB
MBC,Mbigou,Mbigou,GA,Africa/Libreville,MBC
MBD,Mmabatho International Airport,Mmabatho,ZA,Africa/Johannesburg,MBD
MBE,Monbetsu Airport,Mombetsu,JP,Asia/Tokyo,MBE
MBF,Mount Buffalo,,AU,Australia/Melbourne,MBF
MBG,Mobridge,Mobridge,US,America/Chicago,MBG
MBH,Maryborough,Maryborough,AU,Australia/Brisbane,MBH
MBI,Mbeya Airport,Mbeya,TZ,Africa/Dar_es_Salaam,MBI
MBJ,Sangster International Airport,Montego Bay,JM,America/Jamaica,MBJ
MBK,Matupa,Alta Floresta,BR,America/Cuiaba,MBK
MBL,Blacker Airport,Manistee,US,America/Detroit,MBL
MBM,Mkambati,Bizana,ZA,Africa/Johannesburg,MBM
MBN,Mt Barnett,,AU,Australia/Perth,MBN
MBO,Mamburao,Mamburao,PH,Asia/Manila,MBO
MBP,Moyobamba,Yorongos,PE,America/Lima,MBP
MBQ,Mbarara,Mbarara,UG,Africa/Kampala,MBQ
MBR,Mbout,,MR,Africa/Nouakchott,MBR
MBS,MBS International Airport,Freeland,US,America/Detroit,MBS
MBT,Masbate Airport,Tumalaytay,PH,Asia/Manila,MBT
MBU,Mbambanakira,,SB,Pacific/Guadalcanal,MBU
MBV,Masa,,PG,Pacific/Port_Moresby,MBV
MBW,Moorabbin,Heatherton,AU,Australia/Melbourne,MEL
MBX,Maribor International Airport,Maribor,SI,Europe/Ljubljana,MBX
MBY,Moberly,Moberly,US,America/Chicago,MBY
MBZ,Maues,Maues,BR,America/Manaus,MBZ
MCA,Macenta,Macenta,GN,Africa/Conakry,MCA
MCB,Pike County,Magnolia,US,America/Chicago,MCB
MCC,Mcclellan AFB,North Highlands,US,America/Los_Angeles,SAC
MCD,Mackinac Island,Saint Ignace,US,America/Detroit,MCD
MCE,Merced Municipal Airport,,US,America/Los_Angeles,MCE
MCF,Mac Dill AFB,,US,America/New_York,TPA
MCG,McGrath Airport,,US,America/Anchorage,MCG
MCH,Machala,Puerto Bolivar,EC,America/Guayaquil,MCH
MCI,Kansas City International Airport,Weatherby Lake,US,America/Chicago,MKC
MCJ,Maicao,Maicao,CO,America/Bogota,MCJ
MCK,Mc Cook Airport,McCook,US,America/Chicago,MCK
MCL,Mt Mckinley,,US,America/Anchorage,MCL
MCM,Fontvieille Heliport,Monaco,MC,Europe/Monaco,MCM
MCN,Lewis B Wilson,,US,America/New_York,MCN
MCO,Orlando International Airport,Taft,US,America/New_York,ORL
MCP,Macapa International Airport,Macapa,BR,America/Belem,MCP
MCQ,Miskolc,Arnot,HU,Europe/Budapest,MCQ
MCR,Melchor De Menco,Chiquinival,GT,America/Guatemala,MCR
MCS,Monte Caseros,Monte Caseros,AR,America/Argentina/Cordoba,MCS
MCT,Muscat International Airport,Bawshar,OM,Asia/Muscat,MCT
MCU,Gueret (Lepaud),Montlucon,FR,Europe/Paris,MCU
MCV,Mcarthur River Airport,,AU,Australia/Darwin,MCV
MCW,Mason City Airport,Clear Lake,US,America/Chicago,MCW
MCX,Makhachkala Airport,Kaspiysk,RU,Europe/Moscow,MCX
MCY,Sunshine Coast Airport,Coolum Beach,AU,Australia/Brisbane,MCY
MCZ,Maceio-Zumbi dos Palmares International Airport,Satuba,BR,America/Maceio,MCZ
MDA,Martindale Army Heliport,,US,America/Chicago,SAT
MDB,Melinda,Dangriga,BZ,America/Belize,MDB
MDC,Sam Ratulangi International Airport,Tatelu,ID,Asia/Makassar,MDC
MDD,Airpark,Midland,US,America/Chicago,MAF
MDE,Jose Maria Cordova International Airport,Rionegro,CO,America/Bogota,MDE
MDF,Medford,Medford,US,America/Chicago,MDF
MDG,Mudanjiang Airport,Xinglong,CN,Asia/Shanghai,MDG
MDH,Southern Illinois,De Soto,US,America/Chicago,MDH
MDI,Makurdi,Makurdi,NG,Africa/Lagos,MDI
MDJ,City-county,Warm Springs,US,America/Los_Angeles,MDJ
MDK,Mbandaka,Mbandaka,CD,Africa/Kinshasa,MDK
MDL,Mandalay International Airport,,MM,Asia/Rangoon,MDL
MDM,Munduku,,PG,Pacific/Port_Moresby,MDM
MDN,Jefferson Proving Grd,Madison,US,America/Indiana/Indianapolis,MDN
MDO,Intermediate,,US,America/Anchorage,MDO
MDP,Mindiptana,,ID,Asia/Jayapura,MDP
MDQ,Mar Del Plata Airport,,AR,America/Argentina/Buenos_Aires,MDQ
MDR,Medfra,,US,America/Anchorage,MDR
MDS,Middle Caicos,,TC,America/Grand_Turk,MDS
MDT,Harrisburg International Airport,Middletown,US,America/New_York,HAR
MDU,Mendi Airport,,PG,Pacific/Port_Moresby,MDU
MDV,Medouneu,,GA,Africa/Libreville,MDV
MDW,Chicago Midway International Airport,Stickney,US,America/Chicago,CHI
MDX,Mercedes,Mercedes,AR,America/Argentina/Cordoba,MDX
MDY,Sand Island Field,,UM,Pacific/Midway,MDY
MDZ,El Plumerillo International Airport,Las Heras,AR,America/Argentina/Mendoza,MDZ
MEA,Macae,Macae,BR,America/Sao_Paulo,MEA
MEB,Essendon Airport,Niddrie,AU,Australia/Melbourne,MEL
MEC,Manta Airport,Manta,EC,America/Guayaquil,MEC
MED,Prince Mohammad Bin Abdulaziz International Airport,Medina,SA,Asia/Riyadh,MED
MEE,Mare Airport,,NC,Pacific/Noumea,MEE
MEF,Melfi,Melfi,TD,Africa/Ndjamena,MEF
MEG,Malange,Malanje,AO,Africa/Luanda,MEG
MEH,Mehamn Airport,Mehamn,NO,Europe/Oslo,MEH
MEI,Key Field,Meridian,US,America/Chicago,MEI
MEJ,Meadville,Meadville,US,America/New_York,MEJ
MEK,Meknes,Meknes,MA,Africa/Casablanca,MEK
MEL,Tullamarine Airport,Attwood,AU,Australia/Melbourne,MEL
MEM,Memphis International Airport,Southaven,US,America/Chicago,MEM
MEN,Brenoux,Mende,FR,Europe/Paris,MEN
MEO,Dare County Regional,Manteo,US,America/New_York,MEO
MEP,Mersing,Mersing,MY,Asia/Kuala_Lumpur,MEP
MEQ,Seunagan,Meulaboh,ID,Asia/Jakarta,MEQ
MER,Castle AFB,Merced,US,America/Los_Angeles,MCE
MES,Polonia,Medan,ID,Asia/Jakarta,MES
MET,Moreton,,AU,Australia/Brisbane,MET
MEU,Monte Dourado,Almeirim,BR,America/Santarem,MEU
MEV,Douglas County,Minden,US,America/Los_Angeles,MEV
MEW,Mweka,Mweka,CD,Africa/Lubumbashi,MEW
MEX,Benito Juarez International Airport,Venustiano Carranza,MX,America/Mexico_City,MEX
MEY,Meghauli,Bharatpur,NP,Asia/Kathmandu,MEY
MEZ,Messina,,ZA,Africa/Johannesburg,MEZ
MFA,Mafia,Kilindoni,TZ,Africa/Dar_es_Salaam,MFA
MFB,Monfort,,CO,America/Bogota,MFB
MFC,Mafeteng,Mafeteng,LS,Africa/Maseru,MFC
MFD,Lahm Municipal,Lincoln Heights,US,America/New_York,MFD
MFE,McAllen International Airport,McAllen,US,America/Chicago,MFE
MFF,Moanda,Moanda,GA,Africa/Libreville,MFF
MFG,Muzaffarabad,Muzaffarabad,PK,Asia/Karachi,MFG
MFH,Mesquite,Mesquite,US,America/Los_Angeles,MFH
MFI,Municipal,Marshfield,US,America/Chicago,MFI
MFJ,Moala,,FJ,Pacific/Fiji,MFJ
MFK,Matsu Beigan Airport,Nangan,TW,Asia/Taipei,MFK
MFL,Mount Full Stop,,AU,Australia/Brisbane,MFL
MFM,Macau International Airport,,MO,Asia/Macau,MFM
MFN,Milford Sound,,NZ,Pacific/Auckland,MFN
MFO,Manguna,,PG,Pacific/Port_Moresby,MFO
MFP,Manners Creek,,AU,Australia/Darwin,MFP
MFQ,Maradi,Maradi,NE,Africa/Niamey,MFQ
MFR,Rogue Valley International-Medford Airport,Medford,US,America/Los_Angeles,MFR
MFS,Miraflores,Miraflores,CO,America/Bogota,MFS
MFT,Machu Picchu,Santa Teresa,PE,America/Lima,MFT
MFU,Mfuwe,Chipata,ZM,Africa/Lusaka,MFU
MFV,Accomack County,Onancock,US,America/New_York,MFV
MFW,Magaruque,,MZ,Africa/Maputo,MFW
MFX,Meribel,Meribel,FR,Europe/Paris,MFX
MFY,Mayfa'ah,Al Wuday`,YE,Asia/Aden,MFY
MFZ,Mesalia,,PG,Pacific/Port_Moresby,MFZ
MGA,Augusto C Sandino International Airport,Managua,NI,America/Managua,MGA
MGB,Mount Gambier Airport,Mount Gambier,AU,Australia/Adelaide,MGB
MGC,Michigan City Airport,Trail Creek,US,America/Chicago,MGC
MGD,Magdalena,,BO,America/La_Paz,MGD
MGE,Dobbins AFB,,US,America/New_York,MGE
MGF,Regional De Maringa,Maringa,BR,America/Sao_Paulo,MGF
MGG,Margarima,,PG,Pacific/Port_Moresby,MGG
MGH,Margate Airport,Margate,ZA,Africa/Johannesburg,MGH
MGI,Aransas National Wildlife Refuge,Port O'Connor,US,America/Chicago,MGI
MGJ,Orange County,Montgomery,US,America/New_York,MGJ
MGK,Mong Ton,,MM,Asia/Rangoon,MGK
MGL,Moenchen-gl. - Dus Exp,Krefeld,DE,Europe/Berlin,DUS
MGM,Montgomery Regional Airport,,US,America/Chicago,MGM
MGN,Baracoa,Magangue,CO,America/Bogota,MGN
MGO,Manega,Fougamou,GA,Africa/Libreville,MGO
MGP,Manga,,PG,Pacific/Port_Moresby,MGP
MGQ,Mogadishu International Airport,Mogadishu,SO,Africa/Mogadishu,MGQ
MGR,Moultrie Municipal,,US,America/New_York,MGR
MGS,Mangaia Island,,CK,Pacific/Rarotonga,MGS
MGT,Milingimbi,,AU,Australia/Darwin,MGT
MGU,Manaung,Sittwe,MM,Asia/Rangoon,MGU
MGV,Margaret River,,AU,Australia/Perth,MGV
MGW,Morgantown Airport,Brookhaven,US,America/New_York,MGW
MGX,Moabi,,GA,Africa/Libreville,MGX
MGY,Dayton-Wright Brothers Airport,Union,US,America/New_York,DAY
MGZ,Myeik Airport,Myeik,MM,Asia/Rangoon,MGZ
MHA,Mahdia,,GY,America/Guyana,MHA
MHB,Mechanics Bay,,NZ,Pacific/Auckland,AKL
MHC,Mocopulli Airport,,CL,America/Santiago,WCA
MHD,Mashhad International Airport,Mashhad,IR,Asia/Tehran,MHD
MHE,Municipal,Mitchell,US,America/Chicago,MHE
MHF,Morichal,,CO,America/Bogota,MHF
MHG,Mannheim Airport,Mannheim,DE,Europe/Berlin,MHG
MHH,Marsh Harbour International Airport,Marsh Harbour,BS,America/Nassau,MHH
MHI,Musha,Danan,DJ,Africa/Djibouti,MHI
MHK,Manhattan Municipal Airport,Ogden,US,America/Chicago,MHK
MHL,Memorial Municipal,Marshall,US,America/Chicago,MHL
MHM,Intermediate,,US,America/Anchorage,MHM
MHN,Mullen,Mullen,US,America/Denver,MHN
MHO,Mount House,,AU,Australia/Perth,MHO
MHP,Minsk International 1,Syenitsa,BY,Europe/Minsk,MSQ
MHQ,Mariehamn Airport,Mariehamn,AX,Europe/Mariehamn,MHQ
MHR,Mather Airport,,US,America/Los_Angeles,SAC
MHS,Rep,Mount Shasta,US,America/Los_Angeles,MHS
MHT,Manchester Boston Regional Airport,Manchester,US,America/New_York,MHT
MHU,Mount Hotham,Mount Beauty,AU,Australia/Melbourne,MHU
MHV,Kern County,Mojave,US,America/Los_Angeles,MHV
MHW,Monteagudo,Monteagudo,BO,America/La_Paz,MHW
MHX,Manihiki Island,,CK,Pacific/Rarotonga,MHX
MHY,Morehead,,PG,Pacific/Port_Moresby,MHY
MHZ,Mildenhall Airport,Lakenheath,GB,Europe/London,MHZ
MIA,Miami International Airport,Virginia Gardens,US,America/New_York,MIA
MIB,Minot AFB,,US,America/Chicago,MOT
MIC,Crystal,Brooklyn Center,US,America/Chicago,MSP
MID,Manuel Crescencio Rejon International Airport,Itzincab Palomeque,MX,America/Merida,MID
MIE,Delaware County,Muncie,US,America/Indiana/Indianapolis,MIE
MIF,Roy Hurd Memorial,Monahans,US,America/Chicago,MIF
MIG,Mianyang Nanjiao Airport,Mianyang,CN,Asia/Shanghai,MIG
MIH,Mitchell Plateau,,AU,Australia/Perth,MIH
MII,Dr Gastao Vidigal Airport,Marilia,BR,America/Sao_Paulo,MII
MIJ,Mili Island,Mili,MH,Pacific/Majuro,MIJ
MIK,Mikkeli,Mikkeli,FI,Europe/Helsinki,MIK
MIM,Merimbula Airport,Merimbula,AU,Australia/Sydney,MIM
MIN,Minnipa,Streaky Bay,AU,Australia/Adelaide,MIN
MIO,Miami,Miami,US,America/Chicago,MIO
MIP,Mitspeh Ramon,Mitzpe Ramon,IL,Asia/Jerusalem,MIP
MIQ,Simón Bolívar International,,US,America/Chicago,OMA
MIR,Habib Bourguiba International Airport,Sahline,TN,Africa/Tunis,MIR
MIS,Misima Island,,PG,Pacific/Port_Moresby,MIS
MIT,Kern County,Shafter,US,America/Los_Angeles,MIT
MIU,Maiduguri,Maiduguri,NG,Africa/Lagos,MIU
MIV,Millville,Millville,US,America/New_York,MIV
MIW,Municipal,Conrad,US,America/Chicago,MIW
MIX,Miriti,,CO,America/Bogota,MIX
MIY,Mittiebah,,AU,Australia/Darwin,MIY
MIZ,Mainoru,,AU,Australia/Darwin,MIZ
MJA,Manja,,MG,Indian/Antananarivo,MJA
MJB,Mejit Island,Mejit,MH,Pacific/Majuro,MJB
MJC,Man,Man,CI,Africa/Abidjan,MJC
MJD,Mohenjodaro,Dokri,PK,Asia/Karachi,MJD
MJE,Majkin,,MH,Pacific/Majuro,MJE
MJF,Kjaerstad Airport,Mosjoen,NO,Europe/Oslo,MJF
MJG,Mayajigua,Venezuela,CU,America/Havana,MJG
MJI,Mitiga Tripoli Airport,Tagiura,LY,Africa/Tripoli,TIP
MJJ,Moki,,PG,Pacific/Port_Moresby,MJJ
MJK,Shark Bay,,AU,Australia/Perth,MJK
MJL,Mouila,Mouila,GA,Africa/Libreville,MJL
MJM,Mbuji-Mayi,Mbuji-Mayi,CD,Africa/Lubumbashi,MJM
MJN,Amborovy,Mahajanga,MG,Indian/Antananarivo,MJN
MJO,Mount Etjo Lodge,,NA,Africa/Windhoek,MJO
MJP,Manjimup,Manjimup,AU,Australia/Perth,MJP
MJQ,Jackson,Jackson,US,America/Chicago,MJQ
MJR,Miramar,Miramar,AR,America/Argentina/Buenos_Aires,MJR
MJS,Maganja Da Costa,Ressano Garcia,MZ,Africa/Maputo,MJS
MJT,Mytilene International Airport,Vareia,GR,Europe/Athens,MJT
MJU,Tampa Padang Airport,Mamuju,ID,Asia/Makassar,MJU
MJV,Murcia-San Javier Airport,San Javier,ES,Europe/Madrid,MJV
MJW,Mahenye,Chiredzi,ZW,Africa/Harare,MJW
MJX,Robert J. Miller,Toms River,US,America/New_York,MJX
MJY,Mangunjaya,Babat,ID,Asia/Jakarta,MJY
MJZ,Mirnyj Airport,Mirny,RU,Asia/Yakutsk,MJZ
MKA,Marianske Lazne,Marianske Lazne,CZ,Europe/Prague,MKA
MKB,Mekambo,,GA,Africa/Libreville,MKB
MKC,Charles B. Wheeler Downtown Airport,Kansas City,US,America/Chicago,MKC
MKE,General Mitchell International Airport,Saint Francis,US,America/Chicago,MKE
MKF,Mckenna AAF,Columbus,US,America/New_York,CSG
MKG,Muskegon Airport,Norton Shores,US,America/Detroit,MKG
MKH,Mokhotlong,,LS,Africa/Maseru,MKH
MKI,Mboki,Obo,CF,Africa/Bangui,MKI
MKJ,Makoua,Makoua,CG,Africa/Brazzaville,MKJ
MKK,Molokai Airport,Kualapu'u,US,Pacific/Honolulu,MKK
MKL,Mckellar Airport,Jackson,US,America/Chicago,MKL
MKM,Mukah Airport,,MY,Asia/Kuching,MKM
MKN,Malekolon,,PG,Pacific/Port_Moresby,MKN
MKO,Davis Field,Muskogee,US,America/Chicago,MKO
MKP,Makemo,,PF,Pacific/Tahiti,MKP
MKQ,Mopah Airport,,ID,Asia/Jayapura,MKQ
MKR,Meekatharra,,AU,Australia/Perth,MKR
MKS,Mekane Selam,Debre Tabor,ET,Africa/Addis_Ababa,MKS
MKT,Municipal,Eagle Lake,US,America/Chicago,MKT
MKU,Makokou,Makokou,GA,Africa/Libreville,MKU
MKV,Mt Cavenagh,,AU,Australia/Darwin,MKV
MKW,Rendani Airport,Manokwari,ID,Asia/Jayapura,MKW
MKY,Mackay Airport,Mackay,AU,Australia/Brisbane,MKY
MKZ,Malacca International Airport,Batu Berendam,MY,Asia/Kuala_Lumpur,MKZ
MLA,Malta International Airport,Luqa,MT,Europe/Malta,MLA
MLB,Orlando Melbourne International Airport,Melbourne,US,America/New_York,MLB
MLC,Mc Alester,McAlester,US,America/Chicago,MLC
MLD,Malad City,Malad City,US,America/Boise,MLD
MLE,Male International Airport,Male,MV,Indian/Maldives,MLE
MLF,Milford,Milford,US,America/Denver,MLF
MLG,Abdul Rachman Saleh Airport,Singosari,ID,Asia/Jakarta,MLG
MLH,EuroAirport Basel-Mulhouse-Freiburg,Hesingue,CH,Europe/Zurich,EAP
MLI,Quad City International Airport,Coal Valley,US,America/Chicago,MLI
MLJ,Baldwin County,Milledgeville,US,America/New_York,MLJ
MLK,Malta,Malta,US,America/Denver,MLK
MLL,Marshall Don Hunter Sr. Airport,,US,America/Anchorage,MLL
MLM,Morelia Airport,Alvaro Obregon,MX,America/Mexico_City,MLM
MLN,Melilla Airport,Melilla,ES,Africa/Ceuta,MLN
MLO,Milos Airport,Adamas,GR,Europe/Athens,MLO
MLP,Malabang,Malabang,PH,Asia/Manila,MLP
MLQ,Malalaua,,PG,Pacific/Port_Moresby,MLQ
MLR,Millicent,Millicent,AU,Australia/Adelaide,MLR
MLS,Municipal,Miles City,US,America/Denver,MLS
MLT,Millinocket,Millinocket,US,America/New_York,MLT
MLU,Monroe Regional Airport,Lakeshore,US,America/Chicago,MLU
MLV,Merluna,,AU,Australia/Brisbane,MLV
MLW,Sprigg Payne,Monrovia,LR,Africa/Monrovia,MLW
MLX,Malatya Airport,Yesilyurt,TR,Europe/Istanbul,MLX
MLY,Manley Hot Springs,,US,America/Anchorage,MLY
MLZ,Cerro Largo,Melo,UY,America/Montevideo,MLZ
MMA,Malmö Bulltofta Airport,Arloev,DK,Europe/Stockholm,MMA
MMB,Memanbetsu Airport,Bihoro,JP,Asia/Tokyo,MMB
MMC,Ciudad Mante,Ciudad Mante,MX,America/Monterrey,MMC
MMD,Maridor,,JP,Asia/Tokyo,MMD
MME,Durham Tees Valley Airport,Bishopton,GB,Europe/London,MME
MMF,Mamfe,Mamfe,CM,Africa/Douala,MMF
MMG,Mount Magnet,,AU,Australia/Perth,MMG
MMH,Mammoth Lakes Airport,Mammoth Lakes,US,America/Los_Angeles,MMH
MMI,McMinn County,Decatur,US,America/New_York,MMI
MMJ,Matsumoto Airport,Matsumoto,JP,Asia/Tokyo,MMJ
MMK,Murmansk Airport,Murmashi,RU,Europe/Moscow,MMK
MML,Municipal-Ryan Field,Marshall,US,America/Chicago,MML
MMM,Middlemount,Tieri,AU,Australia/Brisbane,MMM
MMN,Minute Man Airfield,Stow,US,America/New_York,MMN
MMO,Vila Do Maio,Vila do Maio,CV,Atlantic/Cape_Verde,MMO
MMP,Mompos,Mompos,CO,America/Bogota,MMP
MMQ,Mbala,Mbala,ZM,Africa/Lusaka,MMQ
MMR,Camp Maybry AHP,Austin,US,America/Chicago,AUS
MMS,Selfs,Marks,US,America/Chicago,MMS
MMT,Mc Entire ANG Base,Springdale,US,America/New_York,CAE
MMU,Morristown Municipal Airport,Florham Park,US,America/New_York,MMU
MMV,Mal,Lafayette,PG,Pacific/Port_Moresby,MMV
MMW,Moma,Antonio Enes,MZ,Africa/Maputo,MMW
MMX,Malmo Airport,Genarp,SE,Europe/Stockholm,MMA
MMY,Miyako Airport,,JP,Asia/Tokyo,MMY
MMZ,Maimana,Maymana,AF,Asia/Kabul,MMZ
MNA,Melangguane,Lirung,ID,Asia/Makassar,MNA
MNB,Moanda,,CD,Africa/Kinshasa,MNB
MNC,Nacala,Nacala,MZ,Africa/Maputo,MNC
MND,Medina,Medina,CO,America/Bogota,MND
MNE,Mungeranie,,AU,Australia/Adelaide,MNE
MNF,Mana Island Airstrip,,FJ,Pacific/Fiji,MNF
MNG,Maningrida Airport,,AU,Australia/Darwin,MNG
MNH,Minneriya,Kalmunai,LK,Asia/Colombo,MNH
MNI,Bramble Airport,Saint Peters,MS,America/Montserrat,MNI
MNJ,Mananjary,Mananjary,MG,Indian/Antananarivo,MNJ
MNK,Maiana,Tarawa,KI,Pacific/Tarawa,MNK
MNL,Ninoy Aquino International Airport,Makati City,PH,Asia/Manila,MNL
MNM,Menominee,Marinette,US,America/Menominee,MNM
MNN,Municipal,Marion,US,America/New_York,MNN
MNO,Manono,Kabalo,CD,Africa/Lubumbashi,MNO
MNP,Maron,,PG,Pacific/Port_Moresby,MNP
MNQ,Monto,,AU,Australia/Brisbane,MNQ
MNR,Mongu,Mongu,ZM,Africa/Lusaka,MNR
MNS,Mansa,Mansa,ZM,Africa/Lusaka,MNS
MNT,Minto,,US,America/Anchorage,MNT
MNU,Maulmyine,Mawlamyine,MM,Asia/Rangoon,MNU
MNV,Mountain Valley,,AU,Australia/Darwin,MNV
MNW,Macdonald Downs,,AU,Australia/Darwin,MNW
MNX,Manicore,Manicore,BR,America/Manaus,MNX
MNY,Mono,,SB,Pacific/Guadalcanal,MNY
MNZ,Manassas Regional Airport/Harry P. Davis Field,Manassas,US,America/New_York,MNZ
MOA,Orestes Acosta,Moa,CU,America/Havana,MOA
MOB,Mobile Regional Airport,Tillmans Corner,US,America/Chicago,MOB
MOC,Montes Claros Airport,Montes Claros,BR,America/Sao_Paulo,MOC
MOD,Modesto Municipal Airport,Bystrom,US,America/Los_Angeles,MOD
MOE,Momeik,Mogok,MM,Asia/Rangoon,MOE
MOF,Wai Oti Airport,Waioti,ID,Asia/Makassar,MOF
MOG,Mong Hsat,Mae Ai,MM,Asia/Rangoon,MOG
MOH,Maleo Airport,Malili,ID,Asia/Makassar,MOH
MOI,Mitiaro Island,,CK,Pacific/Rarotonga,MOI
MOJ,Moengo,Moengo,SR,America/Paramaribo,MOJ
MOK,Muynak Airport,Muynak,UZ,Asia/Samarkand,MOK
MOL,Molde Airport Aro,Molde,NO,Europe/Oslo,MOL
MOM,Moudjeria,Barkewol,MR,Africa/Nouakchott,MOM
MON,Mount Cook Airport,,NZ,Pacific/Auckland,MON
MOO,Moomba,,AU,Australia/Adelaide,MOO
MOP,Municipal,Mount Pleasant,US,America/Detroit,MOP
MOQ,Morondava Airport,Morondava,MG,Indian/Antananarivo,MOQ
MOR,Moore-Murrell,Morristown,US,America/New_York,MOR
MOS,Intermediate,,US,America/Anchorage,MOS
MOT,Minot International Airport,Minot,US,America/Chicago,MOT
MOU,Mountain Village Airport,,US,America/Anchorage,MOU
MOV,Moranbah Airport,Moranbah,AU,Australia/Brisbane,MOV
MOW,Mpanda Airport,,TZ,Africa/Dar_es_Salaam,MOW
MOX,Municipal,Morris,US,America/Chicago,MOX
MOY,Monterrey,Monterrey,CO,America/Bogota,MOY
MOZ,Temae Airport,Teavaro,PF,Pacific/Tahiti,MOZ
MPA,Mpacha,,NA,Africa/Windhoek,MPA
MPB,Miami Sea Plane Base,,US,America/New_York,MIA
MPC,Muko-Muko,Sungai Penuh,ID,Asia/Jakarta,MPC
MPD,Mirpur Khas,Mirpur Khas,PK,Asia/Karachi,MPD
MPE,Griswold,Madison,US,America/New_York,MPE
MPF,Mapoda,,PG,Pacific/Port_Moresby,MPF
MPG,Makini,,PG,Pacific/Port_Moresby,MPG
MPH,Boracay Airport,Caticlan,PH,Asia/Manila,MPH
MPI,Mamitupo,Maria Chiquita,PA,America/Panama,MPI
MPJ,Petit Jean Park,Morrilton,US,America/Chicago,MPJ
MPK,Mokpo,Moppo,KR,Asia/Seoul,MPK
MPL,Montpellier Mediterranee Airport,Perols,FR,Europe/Paris,MPL
MPM,Maputo International Airport,,MZ,Africa/Maputo,MPM
MPN,Mount Pleasant,,FK,Atlantic/Stanley,MPN
MPO,Mt Pocono,Mount Pocono,US,America/New_York,MPO
MPP,Mulatupo,,PA,America/Panama,MPP
MPQ,Maan,Ma'an,JO,Asia/Amman,MPQ
MPR,Mcpherson,McPherson,US,America/Chicago,MPR
MPS,Mount Pleasant,Mount Pleasant,US,America/Chicago,MPS
MPT,Maliana,Akubala,TL,Asia/Dili,MPT
MPU,Mapua,,PG,Pacific/Port_Moresby,MPU
MPV,Edward F Knapp State,Montpelier,US,America/New_York,MPV
MPW,Mariupol,Mariupol,UA,Europe/Kiev,MPW
MPX,Miyanmin,,PG,Pacific/Port_Moresby,MPX
MPY,Maripasoula,,GF,America/Cayenne,MPY
MPZ,Municipal,Mount Pleasant,US,America/Chicago,MPZ
MQA,Mandora,Broome,AU,Australia/Perth,MQA
MQB,Municipal,Macomb,US,America/Chicago,MQB
MQC,Miquelon Airport,Miquelon,PM,America/Miquelon,MQC
MQD,Maquinchao,Maquinchao,AR,America/Argentina/Salta,MQD
MQE,Marqua,,AU,Australia/Darwin,MQE
MQF,Magnitogorsk Airport,Magnitogorsk,RU,Asia/Yekaterinburg,MQF
MQG,Midgard,Okahandja,NA,Africa/Windhoek,MQG
MQH,Municipal,Cavalcante,BR,America/Sao_Paulo,MQH
MQI,Quincy,Quincy,US,America/New_York,MQI
MQJ,Moma,,RU,Asia/Srednekolymsk,MQJ
MQK,San Matias,San Matias,BO,America/La_Paz,MQK
MQL,Mildura Airport,Mildura,AU,Australia/Melbourne,MQL
MQM,Mardin Airport,Kiziltepe,TR,Europe/Istanbul,MQM
MQN,Mo i Rana Airport,Mo i Rana,NO,Europe/Oslo,MQN
MQO,Malam,,PG,Pacific/Port_Moresby,MQO
MQP,Kruger Mpumalanga International Airport,White River,ZA,Africa/Johannesburg,NLP
MQQ,Moundou,Moundou,TD,Africa/Ndjamena,MQQ
MQR,Mosquera,Mosquera,CO,America/Bogota,MQR
MQS,Mustique,Port Elizabeth,VC,America/St_Vincent,MQS
MQT,Sawyer International Airport,K. I. Sawyer Air Force Base,US,America/Detroit,MQT
MQU,Mariquita,Mariquita,CO,America/Bogota,MQU
MQV,Mostaganem,Mostaganem,DZ,Africa/Algiers,MQV
MQW,Telfair-Wheeler,Helena,US,America/New_York,MQW
MQX,Makale Airport,Mekele,ET,Africa/Addis_Ababa,MQX
MQY,Smyrna,Smyrna,US,America/Chicago,MQY
MQZ,Margaret River,Margaret River,AU,Australia/Perth,MQZ
MRA,Misurata Airport,Misratah,LY,Africa/Tripoli,MRA
MRB,Eastern Wv Regional Airport/Shepherd Field,Martinsburg,US,America/New_York,MRB
MRC,Maury County,Columbia,US,America/Chicago,MRC
MRD,A Carnevalli,Merida,VE,America/Caracas,MRD
MRE,Mara Lodges Airport,,KE,Africa/Nairobi,MRE
MRF,Municipal,Marfa,US,America/Chicago,MRF
MRG,Mareeba,,AU,Australia/Brisbane,MRG
MRH,May River,,PG,Pacific/Port_Moresby,MRH
MRI,Merrill Field,Anchorage,US,America/Anchorage,ANC
MRJ,Marcala,Marcala,HN,America/Tegucigalpa,MRJ
MRK,Marco Island,Marco,US,America/New_York,MRK
MRL,Miners Lake,Charters Towers,AU,Australia/Brisbane,MRL
MRM,Manare,,PG,Pacific/Port_Moresby,MRM
MRN,Lenoir,Morganton,US,America/New_York,MRN
MRO,Masterton/Hood Aerodrome,Masterton,NZ,Pacific/Auckland,MRO
MRP,Marla,,AU,Australia/Adelaide,MRP
MRQ,Marinduque,Masiga,PH,Asia/Manila,MRQ
MRR,Macara,Macara,EC,America/Guayaquil,MRR
MRS,Marseille Provence Airport,Saint-Victoret,FR,Europe/Paris,MRS
MRT,Moroak,,AU,Australia/Darwin,MRT
MRU,Sir Seewoosagur Ramgoolam International Airport,Plaine Magnien,MU,Indian/Mauritius,MRU
MRV,Mineralnye Vody Airport,Andzhiyevskiy,RU,Europe/Moscow,MRV
MRW,Maribo,Holeby,DK,Europe/Copenhagen,MRW
MRX,Mahshahr Airport,Bandar-e Mahshahr,IR,Asia/Tehran,MRX
MRY,Monterey Regional Airport,Del Rey Oaks,US,America/Los_Angeles,MRY
MRZ,Moree Airport,Moree,AU,Australia/Sydney,MRZ
MSA,Muskrat Dam,,CA,America/Winnipeg,MSA
MSB,Marigot SPB,,MF,America/Marigot,SFG
MSC,Falcon Field,Mesa,US,America/Phoenix,MSC
MSD,Mt Pleasant,Mount Pleasant,US,America/Denver,MSD
MSE,Kent International,Westgate on Sea,GB,Europe/London,MSE
MSF,Mount Swan,,AU,Australia/Darwin,MSF
MSG,Matsaile,,LS,Africa/Maseru,MSG
MSH,Masirah,Badiyah,OM,Asia/Muscat,MSH
MSI,Masalembo,Perreng,ID,Asia/Jakarta,MSI
MSJ,Misawa,Misawa,JP,Asia/Tokyo,MSJ
MSK,Mastic Point,,BS,America/Nassau,MSK
MSL,Northwest Alabama Regional Airport,Muscle Shoals,US,America/Chicago,MSL
MSM,Masi Manimba,Bulungu,CD,Africa/Kinshasa,MSM
MSN,Dane County Regional Airport,Maple Bluff,US,America/Chicago,MSN
MSO,Missoula International Airport,Orchard Homes,US,America/Denver,MSO
MSP,Minneapolis-St. Paul International Airport,Richfield,US,America/Chicago,MSP
MSQ,Minsk National Airport,Smilavichy,BY,Europe/Minsk,MSQ
MSR,Mus Airport,Haskoy,TR,Europe/Istanbul,MSR
MSS,Richards Field,Massena,US,America/New_York,MSS
MST,Maastricht Aachen Airport,Elsloo,NL,Europe/Amsterdam,MST
MSU,Moshoeshoe International Airport,Maseru,LS,Africa/Maseru,MSU
MSV,Sullivan County International,Liberty,US,America/New_York,MSV
MSW,Massawa International,Massawa,ER,Africa/Asmara,MSW
MSX,Mossendjo,Mossendjo,CG,Africa/Brazzaville,MSX
MSY,Louis Armstrong New Orleans International Airport,Kenner,US,America/Chicago,MSY
MSZ,Yuri Gagarin Airport,Namibe,AO,Africa/Luanda,MSZ
MTA,Matamata,Matamata,NZ,Pacific/Auckland,MTA
MTB,Monte Libano,Montelibano,CO,America/Bogota,MTB
MTC,Selfridge ANGB,Mount Clemens,US,America/Detroit,MTC
MTD,Mt Sandford,,AU,Australia/Darwin,MTD
MTE,Monte Alegre,Monte Alegre,BR,America/Santarem,MTE
MTF,Mizan Teferi,,ET,Africa/Addis_Ababa,MTF
MTG,Mato Grosso,Diamantino,BR,America/Cuiaba,MTG
MTH,Florida Keys Marathon Airport,Marathon,US,America/New_York,MTH
MTI,Mosteiros,Porto dos Mosteiros,CV,Atlantic/Cape_Verde,MTI
MTJ,Montrose Regional Airport,Montrose,US,America/Denver,MTJ
MTK,Makin Island,Makin Village,KI,Pacific/Tarawa,MTK
MTL,Maitland,Maitland,AU,Australia/Sydney,MTL
MTM,SPB,,US,America/Metlakatla,MTM
MTN,Glenn L Martin,Bowleys Quarters,US,America/New_York,BWI
MTO,Coles County Memorial,Mattoon,US,America/Chicago,MTO
MTP,Montauk Airport,Montauk,US,America/New_York,MTP
MTQ,Mitchell,,AU,Australia/Brisbane,MTQ
MTR,Los Garzones Airport,Cerete,CO,America/Bogota,MTR
MTS,Matsapha International,Kwaluseni,SZ,Africa/Mbabane,MTS
MTT,Minatitlan Airport,Minatitlan,MX,America/Mexico_City,MTT
MTU,Montepuez,Montepuez,MZ,Africa/Maputo,MTU
MTV,Mota Lava,,VU,Pacific/Efate,MTV
MTW,Municipal,Manitowoc,US,America/Chicago,MTW
MTX,Metro Field,College,US,America/Anchorage,FAI
MTY,Gen Mariano Escobedo Airport,Ladrillera (Entronque Pesqueria),MX,America/Monterrey,MTY
MTZ,Masada,Mas`adah,IL,Asia/Jerusalem,MTZ
MUA,Munda Airport,,SB,Pacific/Guadalcanal,MUA
MUB,Maun Airport,,BW,Africa/Gaborone,MUB
MUC,Franz Josef Strauss Airport,Hallbergmoos,DE,Europe/Berlin,MUC
MUD,Mueda,Newala Kisimani,MZ,Africa/Maputo,MUD
MUE,Kamuela,Waimea,US,Pacific/Honolulu,MUE
MUF,Muting,,ID,Asia/Jayapura,MUF
MUG,Mulege,,MX,America/Mazatlan,MUG
MUH,Mersa Matruh,Mersa Matruh,EG,Africa/Cairo,MUH
MUI,Muir AAF,Jonestown,US,America/New_York,MUI
MUJ,Mui,Mizan Teferi,ET,Africa/Addis_Ababa,MUJ
MUK,Mauke Island,,CK,Pacific/Rarotonga,MUK
MUL,Spence,Moultrie,US,America/New_York,MGR
MUN,Jose Tadeo Monagas International Airport,Maturin,VE,America/Caracas,MUN
MUO,Mountain Home AFB,Mountain Home,US,America/Boise,MUO
MUP,Mulga Park,,AU,Australia/Darwin,MUP
MUQ,Muccan,,AU,Australia/Perth,MUQ
MUR,Marudi Airport,,MY,Asia/Kuching,MUR
MUS,Marcus Island,,JP,Asia/Tokyo,MUS
MUT,Muscatine,Muscatine,US,America/Chicago,MUT
MUU,Mount Union,Mount Union,US,America/New_York,MUU
MUV,Mustin Alf,,US,America/New_York,PHL
MUW,Mascara-Ghriss,Mascara,DZ,Africa/Algiers,MUW
MUX,Multan Airport,Multan,PK,Asia/Karachi,MUX
MUY,Mouyondzi,Madingou,CG,Africa/Brazzaville,MUY
MUZ,Musoma Airport,Musoma,TZ,Africa/Dar_es_Salaam,MUZ
MVA,Reykiahlid,Laugar,IS,Atlantic/Reykjavik,MVA
MVB,Franceville/Mvengue,Franceville,GA,Africa/Libreville,MVB
MVC,Monroe - Walton County,Monroeville,US,America/Chicago,MVC
MVD,Carrasco International Airport,Paso de Carrasco,UY,America/Montevideo,MVD
MVE,Montevideo-Chippewa,Montevideo,US,America/Chicago,MVE
MVF,Dixsept Rosado,Mossoro,BR,America/Fortaleza,MVF
MVG,Mevang,Ndjole,GA,Africa/Libreville,MVG
MVH,Macksville,Macksville,AU,Australia/Sydney,MVH
MVI,Manetai,,PG,Pacific/Port_Moresby,MVI
MVJ,Marlboro,Mandeville,JM,America/Jamaica,MVJ
MVK,Mulka,,AU,Australia/Adelaide,MVK
MVL,Morrisville-Stowe,Morrisville,US,America/New_York,MVL
MVM,Monument Valley,Kayenta,US,America/Shiprock,MVM
MVN,Mt Vernon-Outland,Mount Vernon,US,America/Chicago,MVN
MVO,Mongo,Mongo,TD,Africa/Ndjamena,MVO
MVP,Mitu,,CO,America/Bogota,MVP
MVQ,Mogilev,Vishow,BY,Europe/Minsk,MVQ
MVR,Salam,Maroua,CM,Africa/Douala,MVR
MVS,Aeroporto Max Feffer,Mucuri,BR,America/Bahia,MVS
MVT,Mataiva,,PF,Pacific/Tahiti,MVT
MVU,Musgrave,Cooktown,AU,Australia/Brisbane,MVU
MVV,Megeve,Megeve,FR,Europe/Paris,MVV
MVW,Skagit Regional,Mount Vernon,US,America/Los_Angeles,MVW
MVX,Minvoul,Bitam,GA,Africa/Libreville,MVX
MVY,Martha's Vineyard Airport,,US,America/New_York,MVY
MVZ,Masvingo,Masvingo,ZW,Africa/Harare,MVZ
MWA,Williamson County Airport,Energy,US,America/Chicago,MWA
MWB,Morawa,Dongara,AU,Australia/Perth,MWB
MWC,Lawrence J Timmerman,,US,America/Chicago,MKE
MWD,Mianwali,Mianwali,PK,Asia/Karachi,MWD
MWE,Merowe,Marawi,SD,Africa/Khartoum,MWE
MWF,Maewo,,VU,Pacific/Efate,MWF
MWG,Marawaka,,PG,Pacific/Port_Moresby,MWG
MWH,Grant County,Moses Lake North,US,America/Los_Angeles,MWH
MWI,Maramuni,,PG,Pacific/Port_Moresby,MWI
MWJ,Matthews Ridge,Bartica,GY,America/Guyana,MWJ
MWK,Matak,,ID,Asia/Jakarta,MWK
MWL,Mineral Wells Airport,Mineral Wells,US,America/Chicago,MWL
MWM,Windom Municipal,Windom,US,America/Chicago,MWM
MWN,Mwadui,Mwadui,TZ,Africa/Dar_es_Salaam,MWN
MWO,Hook Field,Middletown,US,America/New_York,MWO
MWP,Mountain,,NP,Asia/Kathmandu,MWP
MWQ,Magwe,Magway,MM,Asia/Rangoon,MWQ
MWR,Motswari Airfield,,ZA,Africa/Johannesburg,MWR
MWS,Mount Wilson,Sierra Madre,US,America/Los_Angeles,MWS
MWT,Moolawatana,,AU,Australia/Adelaide,MWT
MWU,Mussau,,PG,Pacific/Port_Moresby,MWU
MWV,Mundulkiri,Senmonourom,KH,Asia/Phnom_Penh,MWV
MWX,Muan International Airport,Muan,KR,Asia/Seoul,MWX
MWY,Miranda Downs,,AU,Australia/Brisbane,MWY
MWZ,Mwanza Airport,Mwanza,TZ,Africa/Dar_es_Salaam,MWZ
MXA,Municipal,Manila,US,America/Chicago,MXA
MXB,Masamba,Masamba,ID,Asia/Makassar,MXB
MXC,San Juan County,Monticello,US,America/Denver,MXC
MXD,Marion Downs,,AU,Australia/Brisbane,MXD
MXE,Maxton,Maxton,US,America/New_York,MXE
MXF,Maxwell AFB,Montgomery,US,America/Chicago,MGM
MXG,Marlborough,Marlborough,US,America/New_York,MXG
MXH,Moro Airport,,PG,Pacific/Port_Moresby,MXH
MXI,Imelda Romualdez Marcos,Mati,PH,Asia/Manila,MXI
MXJ,Minna,Minna,NG,Africa/Lagos,MXJ
MXK,Mindik,,PG,Pacific/Port_Moresby,MXK
MXL,Mexicali Airport,Islas Agrarias Grupo A,MX,America/Tijuana,MXL
MXM,Morombe,,MG,Indian/Antananarivo,MXM
MXN,Morlaix,Saint-Martin-des-Champs,FR,Europe/Paris,MXN
MXO,Municipal,Monticello,US,America/Chicago,MXO
MXP,Milano Malpensa Airport,Vizzola Ticino,IT,Europe/Rome,MIL
MXQ,Lorenzo Airport,Cairu,BR,America/Sao_Paulo,MXQ
MXR,Mirgorod,Myrhorod,UA,Europe/Kiev,MXR
MXS,Maota Savaii Island,Safotulafai,WS,Pacific/Apia,MXS
MXT,Maintirano,,MG,Indian/Antananarivo,MXT
MXU,Mullewa,Waggrakine,AU,Australia/Perth,MXU
MXV,Moron,Murun-kuren,MN,Asia/Ulaanbaatar,MXV
MXW,Mandalgobi,Mandalgovi,MN,Asia/Ulaanbaatar,MXW
MXX,Mora Airport,Mora,SE,Europe/Stockholm,MXX
MXY,Mccarthy,,US,America/Anchorage,MXY
MXZ,Mei Xian Airport,Sanjiao,CN,Asia/Shanghai,MXZ
MYA,Moruya Airport,Broulee,AU,Australia/Sydney,MYA
MYB,Mayoumba,Mayumba,GA,Africa/Libreville,MYB
MYC,Maracay,Moron,VE,America/Caracas,MYC
MYD,Malindi Airport,Malindi,KE,Africa/Nairobi,MYD
MYE,Miyake Jima,Shimoda,JP,Asia/Tokyo,MYE
MYF,Montgomery Field,,US,America/Los_Angeles,SAN
MYG,Mayaguana Airport,,BS,America/Nassau,MYG
MYH,Marble Canyon,,US,America/Phoenix,MYH
MYI,Murray Island,,AU,Australia/Brisbane,MYI
MYJ,Matsuyama Airport,Masaki-cho,JP,Asia/Tokyo,MYJ
MYK,May Creek,,US,America/Anchorage,MYK
MYL,Mccall,McCall,US,America/Boise,MYL
MYM,Monkey Mountain,,GY,America/Guyana,MYM
MYN,Mareb,Ma'rib,YE,Asia/Aden,MYN
MYO,Myroodah,,AU,Australia/Perth,MYO
MYP,Mary Airport,Mary,TM,Asia/Ashgabat,MYP
MYQ,Mysore,Mysore,IN,Asia/Kolkata,MYQ
MYR,Myrtle Beach International Airport,Myrtle Beach,US,America/New_York,MYR
MYT,Myitkyina Airport,Myitkyina,MM,Asia/Rangoon,MYT
MYU,Ellis Field,,US,America/Anchorage,MYU
MYV,Yuba County,Olivehurst,US,America/Los_Angeles,MYV
MYW,Mtwara Airport,Mtwara,TZ,Africa/Dar_es_Salaam,MYW
MYX,Menyamya,,PG,Pacific/Port_Moresby,MYX
MYY,Miri Airport,Miri,MY,Asia/Kuching,MYY
MYZ,Monkey Bay,Chipoka,MW,Africa/Blantyre,MYZ
MZA,Mayor Pnp Nancy Flore Airport,Mazamari,PE,America/Lima,MZA
MZB,Mocimboa Praia,Mocimboa,MZ,Africa/Maputo,MZB
MZC,Mitzic,Mitzic,GA,Africa/Libreville,MZC
MZD,Mendez,,EC,America/Guayaquil,MZD
MZE,Manatee,,BZ,America/Belize,MZE
MZF,Mzamba(Wild Coast Sun),Butterworth,ZA,Africa/Johannesburg,MZF
MZG,Magong Airport,,TW,Asia/Taipei,MZG
MZH,Merzifon Airport,Merzifon,TR,Europe/Istanbul,MZH
MZI,Mopti,Mopti,ML,Africa/Bamako,MZI
MZJ,Marana,Avra Valley,US,America/Phoenix,MZJ
MZK,Marakei,Rawannawi Village,KI,Pacific/Tarawa,MZK
MZL,La Nubia Airport,Villamaria,CO,America/Bogota,MZL
MZM,Frescaty,Marly,FR,Europe/Paris,ETZ
MZN,Minj,,PG,Pacific/Port_Moresby,MZN
MZO,Sierra Maestra Airport,Manzanillo,CU,America/Havana,MZO
MZP,Motueka,Motueka,NZ,Pacific/Auckland,MZP
MZQ,Mkuze,Mkuze,ZA,Africa/Johannesburg,MZQ
MZR,Mazar-I-Sharif Airport,Mazar-e Sharif,AF,Asia/Kabul,MZR
MZS,Mostyn,,MY,Asia/Kuching,MZS
MZT,Mazatlan International Airport,Villa Union,MX,America/Mazatlan,MZT
MZU,Muzaffarpur,Muzaffarpur,IN,Asia/Kolkata,MZU
MZV,Mulu Airport,,MY,Asia/Kuching,MZV
MZW,Mechria,Naama,DZ,Africa/Algiers,MZW
MZX,Mena,Goba,ET,Africa/Addis_Ababa,MZX
MZY,Mossel Bay,Mossel Bay,ZA,Africa/Johannesburg,MZY
MZZ,Marion,Jonesboro,US,America/Indiana/Indianapolis,MZZ
NAA,Narrabri,,AU,Australia/Sydney,NAA
NAB,Albany NAS,Albany,US,America/New_York,ABY
NAC,Naracoorte,Naracoorte,AU,Australia/Adelaide,NAC
NAD,Macanal,Maroa,CO,America/Bogota,NAD
NAE,Natitingou,Natitingou,BJ,Africa/Porto-Novo,NAE
NAF,Banaina,Long Beluah,ID,Asia/Makassar,NAF
NAG,Dr. Babasaheb Ambedkar International Airport,Nagpur,IN,Asia/Kolkata,NAG
NAH,Naha,Enemawira,ID,Asia/Makassar,NAH
NAI,Annai,,GY,America/Guyana,NAI
NAJ,Nakhichevan Airport,Tazakend,AZ,Asia/Baku,NAJ
NAK,Nakhon Ratchasima,Nakhon Ratchasima,TH,Asia/Bangkok,NAK
NAL,Nalchik Airport,Nartan,RU,Europe/Moscow,NAL
NAM,Namlea,Namlea,ID,Asia/Jayapura,NAM
NAN,Nadi International Airport,,FJ,Pacific/Fiji,NAN
NAO,Nanchong Airport,Nanchong,CN,Asia/Shanghai,NAO
NAP,Naples International Airport,Casavatore,IT,Europe/Rome,NAP
NAQ,Qaanaaq Airport,,GL,America/Godthab,NAQ
NAR,Nare,,CO,America/Bogota,NAR
NAS,Lynden Pindling International Airport,,BS,America/Nassau,NAS
NAT,Sao Goncalo do Amarante-Governador Aluizio Alves Intl Airport,Parnamirim,BR,America/Fortaleza,NAT
NAU,Napuka Island,,PF,Pacific/Tahiti,NAU
NAV,Nevsehir,Nevsehir,TR,Europe/Istanbul,NAV
NAW,Narathiwat Airport,Bacho,TH,Asia/Bangkok,NAW
NAX,Kalaeloa John Rodgers Field,Makakilo City,US,Pacific/Honolulu,NAX
NAY,Beijing Nanyuan Airport,Nanyuan,CN,Asia/Shanghai,BJS
NAZ,Nana,,SB,Pacific/Guadalcanal,NAZ
NBA,Nambaiyufa,Goroka,PG,Pacific/Port_Moresby,NBA
NBB,Barrancominas,,CO,America/Bogota,NBB
NBC,Begishevo Airport,Yelabuga,RU,Europe/Moscow,NBC
NBE,Enfidha - Hammamet International Airport,Harqalah,TN,Africa/Tunis,NBE
NBG,NAS/Alvin Callendar,Timberlane,US,America/Chicago,MSY
NBH,Nambucca Heads,Nambucca,AU,Australia/Sydney,NBH
NBL,San Blas,El Progreso,PA,America/Panama,NBL
NBN,Annobón,Pale,GQ,Africa/Malabo,NBN
NBO,Jomo Kenyatta International Airport,Pumwani,KE,Africa/Nairobi,NBO
NBP,Battery Pk City/N. Cov,,US,America/New_York,NYC
NBS,Changbaishan Airport,Manjiang,CN,Asia/Shanghai,NBS
NBU,NAS,Glenwood Springs,US,America/Chicago,NBU
NBV,Cana Brava,Joao Pinheiro,BR,America/Sao_Paulo,NBV
NBW,Guantanamo NAS,Guantanamo,CU,America/Havana,GAO
NBX,Nabire,,ID,Asia/Jayapura,NBX
NCA,North Caicos,,TC,America/Grand_Turk,NCA
NCE,Cote D'Azur Airport,Saint-Laurent-du-Var,FR,Europe/Paris,NCE
NCG,Nueva Casas Grandes,Nuevo Casas Grandes,MX,America/Chihuahua,NCG
NCH,Nachingwea,Nachingwea,TZ,Africa/Dar_es_Salaam,NCH
NCI,Necocli,,CO,America/Bogota,NCI
NCJ,Sunchales,Sunchales,AR,America/Argentina/Cordoba,NCJ
NCL,Newcastle International Airport,Ponteland,GB,Europe/London,NCL
NCN,New Chenega,,US,America/Anchorage,NCN
NCO,NAS,West Tisbury,US,America/New_York,NCO
NCQ,Atlanta NAS,Fair Oaks,US,America/New_York,MGE
NCR,San Carlos,San Carlos,NI,America/Managua,NCR
NCS,Newcastle,Newcastle,ZA,Africa/Johannesburg,NCS
NCT,Guanacaste,,CR,America/Costa_Rica,NCT
NCU,Nukus Airport,Nukus,UZ,Asia/Samarkand,NCU
NCY,Annecy-Meythe,Metz-Tessy,FR,Europe/Paris,NCY
NDA,Bandanaira,Werinama,ID,Asia/Jayapura,NDA
NDB,Nouadhibou Airport,,MR,Africa/Nouakchott,NDB
NDC,Nanded,Nanded,IN,Asia/Kolkata,NDC
NDD,Sumbe,,AO,Africa/Luanda,NDD
NDE,Mandera,Mandera,KE,Africa/Nairobi,NDE
NDF,Ndalatandos,N'dalatando,AO,Africa/Luanda,NDF
NDG,Qiqihar Airport,Nanhang,CN,Asia/Shanghai,NDG
NDI,Namudi,,PG,Pacific/Port_Moresby,NDI
NDJ,Ndjamena Airport,N'Djamena,TD,Africa/Ndjamena,NDJ
NDK,Namdrik Island,Namdrik,MH,Pacific/Majuro,NDK
NDL,Ndele,Ndele,CF,Africa/Bangui,NDL
NDM,Mendi,Mendi,ET,Africa/Addis_Ababa,NDM
NDN,Nadunumu,,PG,Pacific/Port_Moresby,NDN
NDO,La Palma Del Condado,Villarrasa,ES,Europe/Madrid,NDO
NDP,Ellyson NAS,,US,America/Chicago,PNS
NDR,Nador International Airport,Selouane,MA,Africa/Casablanca,NDR
NDS,Sandstone,,AU,Australia/Perth,NDS
NDU,Rundu,Rundu,NA,Africa/Windhoek,NDU
NDV,USN Heliport,,US,America/New_York,NDV
NDY,Sanday,,GB,Europe/London,NDY
NEA,Brunswick Golden Isles,Country Club Estates,US,America/New_York,NEA
NEC,Necochea,Necochea,AR,America/Argentina/Buenos_Aires,NEC
NEF,Neftekamsk,Neftekamsk,RU,Asia/Yekaterinburg,NEF
NEG,Negril,Negril,JM,America/Jamaica,NEG
NEI,Terney Airport,Terney,RU,Asia/Vladivostok,NEI
NEJ,Nejjo,Nejo,ET,Africa/Addis_Ababa,NEJ
NEK,Nekemt,,ET,Africa/Addis_Ababa,NEK
NEL,Naec,Lakehurst,US,America/New_York,NEL
NEN,Olf Usn,Baldwin,US,America/New_York,NEN
NER,Neryungri Airport,Neryungri,RU,Asia/Yakutsk,NER
NES,East 34th St Landing,,US,America/New_York,NYC
NET,New Bight,,BS,America/Nassau,NET
NEU,Sam Neua,Xam Nua,LA,Asia/Vientiane,NEU
NEV,Newcastle Airport,Newcastle,KN,America/St_Kitts,NEV
NEW,Lakefront Airport,Arabi,US,America/Chicago,MSY
NFB,Detroit NAF,Capac,US,America/Detroit,MTC
NFG,Nefteyugansk,Barsovo,RU,Asia/Yekaterinburg,NFG
NFL,NAS,Fallon,US,America/Los_Angeles,NFL
NFO,Mata'aho,,TO,Pacific/Tongatapu,NFO
NFR,Nafoora,Gialo,LY,Africa/Tripoli,NFR
NGA,Young,Young,AU,Australia/Sydney,NGA
NGB,Ningbo Airport,Gulin,CN,Asia/Shanghai,NGB
NGC,North Rim,Grand Canyon,US,America/Phoenix,GCN
NGD,Captain Auguste George,,VG,America/Tortola,NGD
NGE,Ngaoundéré,Ngaoundere,CM,Africa/Douala,NGE
NGF,Marine Corps Air Station Kaneohe Bay,Marine Corps Base Hawaii - MCBH,US,Pacific/Honolulu,NGF
NGI,Ngau Island,Levuka,FJ,Pacific/Fiji,NGI
NGK,Nogliki Airport,Nogliki,RU,Asia/Sakhalin,NGK
NGL,Ngala Airfield,Lisala,ZA,Africa/Johannesburg,NGL
NGN,Nargana,Palmira,PA,America/Panama,NGN
NGO,Chubu Centrair International Airport,Tokoname,JP,Asia/Tokyo,NGO
NGP,NAS,,US,America/Chicago,CRP
NGQ,Ngari Gunsa/Ali Kunsha,,CN,Asia/Shanghai,NGQ
NGR,Ningerum,,PG,Pacific/Port_Moresby,NGR
NGS,Nagasaki Airport,,JP,Asia/Tokyo,NGS
NGU,NAS Chambers,Columbia,US,America/New_York,ORF
NGW,Cabaniss Field,Corpus Christi,US,America/Chicago,CRP
NGX,Manang,Kathmandu,NP,Asia/Kathmandu,NGX
NGZ,NAS,Alameda,US,America/Los_Angeles,NGZ
NHA,Nha Trang,Nha Trang,VN,Asia/Ho_Chi_Minh,NHA
NHD,Minhad AB,Dubai,AE,Asia/Dubai,DXB
NHF,New Halfa,Aroma,SD,Africa/Khartoum,NHF
NHK,Patuxent River NAS,Drum Point,US,America/New_York,NHK
NHS,Nushki,Nushki,PK,Asia/Karachi,NHS
NHT,Northolt,Greenford,GB,Europe/London,NHT
NHV,Nuku Hiva Airport,,PF,Pacific/Marquesas,NHV
NHX,Barin Olf Osn,Foley,US,America/Chicago,NHX
NHZ,NAS,Brunswick,US,America/New_York,NHZ
NIA,Nimba,New Yekepa,LR,Africa/Monrovia,NIA
NIB,Nikolai,,US,America/Anchorage,NIB
NIC,Nicosia International,Kato Deftera,CY,Asia/Nicosia,NIC
NIE,Niblack,,US,America/Anchorage,NIE
NIF,Nifty Airport,,AU,Australia/Perth,NIF
NIG,Nikunau,,KI,Pacific/Tarawa,NIG
NIK,Niokolo Koba,,SN,Africa/Dakar,NIK
NIM,Niamey Airport,Niamey,NE,Africa/Niamey,NIM
NIN,Ninilchik,,US,America/Anchorage,NIN
NIO,Nioki,Nioki,CD,Africa/Kinshasa,NIO
NIP,Jacksonville NAS,,US,America/New_York,JAX
NIR,Chase Field NAS,Beeville,US,America/Chicago,NIR
NIS,Simberi,,PG,Pacific/Port_Moresby,NIS
NIT,Niort,Niort,FR,Europe/Paris,NIT
NIU,Niau,,PF,Pacific/Tahiti,NIU
NIX,Nioro,Nioro,ML,Africa/Bamako,NIX
NJA,Atsugi NAS,Atsugi,JP,Asia/Tokyo,NJA
NJC,Nizhnevartovsk Airport,Nizhnevartovsk,RU,Asia/Yekaterinburg,NJC
NJF,Al-Najaf International Airport,An Najaf,IQ,Asia/Baghdad,NJF
NJJ,Nenjian Melgen Airport,Changfu,CN,Asia/Shanghai,NJJ
NJK,El Centro NAF,,US,America/Los_Angeles,IPL
NKA,Nkan,Ntoum,GA,Africa/Libreville,NKA
NKB,Noonkanbah,Derby,AU,Australia/Perth,NKB
NKC,Nouakchott International Airport,Nouakchott,MR,Africa/Nouakchott,NKC
NKD,Sinak,Batang,ID,Asia/Jayapura,NKD
NKG,Nanjing Lukou International Airport,Lukou,CN,Asia/Shanghai,NKG
NKI,Naukiti,,US,America/Anchorage,NKI
NKL,Nkolo,Bolobo,CD,Africa/Kinshasa,NKL
NKM,Nagoya Airport,Komaki,JP,Asia/Tokyo,NGO
NKN,Nankina,,PG,Pacific/Port_Moresby,NKN
NKO,Ankokoambo,Coracao de Jesus,MG,Indian/Antananarivo,NKO
NKP,Nakhon Phanom Airport,Nakhon Phanom,TH,Asia/Bangkok,NKP
NKS,Nkongsamba,Nkongsamba,CM,Africa/Douala,NKS
NKT,Shirnak,Tililan,TR,Europe/Istanbul,NKT
NKU,Nkaus,,LS,Africa/Maseru,NKU
NKV,Nichen Cove,,US,America/Anchorage,NKV
NKX,Miramar MS,Poway,US,America/Los_Angeles,SAN
NKY,Nkayi,Kayes,CG,Africa/Brazzaville,NKY
NLA,Simon Mwansa Kapwepwe International Airport,Ndola,ZM,Africa/Lusaka,NLA
NLC,Lemoore NAS (Reeves Field),Lemoore,US,America/Los_Angeles,NLC
NLD,Quetzalcoatl International Airport,Nuevo Laredo,MX,America/Matamoros,NLD
NLE,Jerry Tyler Memorial,Niles,US,America/Detroit,NLE
NLF,Darnley Island,,AU,Australia/Brisbane,NLF
NLG,Nelson Lagoon,,US,America/Anchorage,NLG
NLH,Ninglang Luguhu Airport,Daxing,CN,Asia/Shanghai,NLH
NLI,Nikolaevsk-na-Amure,Nikolayevsk-on-Amure,RU,Asia/Vladivostok,NLI
NLK,Norfolk Island Airport,Kingston,NF,Pacific/Norfolk,NLK
NLL,Nullagine,,AU,Australia/Perth,NLL
NLN,Kneeland,Blue Lake,US,America/Los_Angeles,NLN
NLO,N'dolo,Kinshasa,CD,Africa/Kinshasa,FIH
NLP,Nelspruit Airport,Nelspruit,ZA,Africa/Johannesburg,NLP
NLS,Nicholson,,AU,Australia/Perth,NLS
NLT,Nalati Airport,Tuergen,CN,Asia/Shanghai,NLT
NLU,Santa Lucia,Benito Juarez,MX,America/Mexico_City,MEX
NLV,Nikolaev (Mykolaiv),Mykolayiv,UA,Europe/Kiev,NLV
NMA,Namangan Airport,Namangan Shahri,UZ,Asia/Tashkent,NMA
NMB,Daman,Vapi,IN,Asia/Kolkata,NMB
NMC,Norman's Cay,,BS,America/Nassau,NMC
NME,Nightmute Airport,,US,America/Anchorage,NME
NMF,Maafaru International Airport,Manadhoo,MV,Indian/Maldives,NMF
NMG,San Miguel,La Palma,PA,America/Panama,NMG
NML,Mildred Lake,,CA,America/Edmonton,NML
NMN,Nomane,,PG,Pacific/Port_Moresby,NMN
NMP,New Moon,,AU,Australia/Brisbane,NMP
NMR,Nappa Merry,,AU,Australia/Brisbane,NMR
NMS,Namsang,Taunggyi,MM,Asia/Rangoon,NMS
NMT,Namtu,Lashio,MM,Asia/Rangoon,NMT
NMU,Namu,Loen,MH,Pacific/Majuro,NMU
NNA,NAF,Kenitra,MA,Africa/Casablanca,NNA
NNB,Santa Ana Airport,,SB,Pacific/Guadalcanal,NNB
NND,Nangade,Namalenga,MZ,Africa/Maputo,NND
NNG,Nanning Airport,,CN,Asia/Shanghai,NNG
NNI,Namutoni,,NA,Africa/Windhoek,NNI
NNK,Naknek,,US,America/Anchorage,NNK
NNL,Nondalton,,US,America/Anchorage,NNL
NNM,Naryan-Mar Airport,Iskateley,RU,Europe/Moscow,NNM
NNR,Connemara,Oughterard,IE,Europe/Dublin,NNR
NNT,Nan Airport,Nan,TH,Asia/Bangkok,NNT
NNU,Nanuque,Nanuque,BR,America/Sao_Paulo,NNU
NNX,Nunukan Airport,Binalawan,ID,Asia/Makassar,NNX
NNY,Nanyang Airport,,CN,Asia/Shanghai,NNY
NOA,Nowra,Falls Creek,AU,Australia/Sydney,NOA
NOB,Nosara Beach,,CR,America/Costa_Rica,NOB
NOC,Ireland West Airport Knock,Swinford,IE,Europe/Dublin,NOC
NOD,Norden Norddeich Airport,Norden,DE,Europe/Berlin,NOD
NOG,Nogales,,MX,America/Hermosillo,NOG
NOH,Chicago NAS,,US,America/Chicago,CHI
NOI,Novorossijsk,Novorossiysk,RU,Europe/Moscow,NOI
NOJ,Nojabrxsk Airport,Noyabrsk,RU,Asia/Yekaterinburg,NOJ
NOK,Nova Xavantina,Araguaiana,BR,America/Cuiaba,NOK
NOL,Nakolik River,,US,America/Anchorage,NOL
NOM,Nomad River,,PG,Pacific/Port_Moresby,NOM
NON,Nonouti,,KI,Pacific/Tarawa,NON
NOO,Naoro,,PG,Pacific/Port_Moresby,NOO
NOP,Sinop Airport - Turkey,,TR,Europe/Istanbul,NOP
NOR,Nordfjordur,,IS,Atlantic/Reykjavik,NOR
NOS,Fascene Airport,Hell-Ville,MG,Indian/Antananarivo,NOS
NOT,Novato,Novato,US,America/Los_Angeles,NOT
NOU,Tontouta Airport,Paita,NC,Pacific/Noumea,NOU
NOV,Huambo,Huambo,AO,Africa/Luanda,NOV
NOZ,Novokuznetsk Airport,Novokuznetsk,RU,Asia/Novokuznetsk,NOZ
NPA,Pensacola NAS,Pensacola,US,America/Chicago,PNS
NPE,Hawkes Bay Airport,Napier,NZ,Pacific/Auckland,NPE
NPG,Nipa,,PG,Pacific/Port_Moresby,NPG
NPH,Nephi,Nephi,US,America/Denver,NPH
NPL,New Plymouth Airport,Waitara,NZ,Pacific/Auckland,NPL
NPO,Nangapinoh,Kenyau,ID,Asia/Makassar,NPO
NPP,Napperby,,AU,Australia/Darwin,NPP
NPR,Novo Progresso Municipal,,BR,America/Santarem,NPR
NPT,State,Newport East,US,America/New_York,NPT
NPU,San Pedro Uraba,Villanueva,CO,America/Bogota,NPU
NPY,Mpanda Airport,Mpanda,TZ,Africa/Dar_es_Salaam,NPY
NQA,Millington Regional Jetport,Memphis,US,America/Chicago,MEM
NQI,NAS,Kingsville,US,America/Chicago,NQI
NQL,Niquelandia,Uruacu,BR,America/Sao_Paulo,NQL
NQN,Presidente Peron International Airport,Plottier,AR,America/Argentina/Salta,NQN
NQT,Nottingham Airport,,GB,Europe/London,NQT
NQU,Nuqui,Nuqui,CO,America/Bogota,NQU
NQX,Key West NAS /Boca Chica Field (private U. S. Navy ),,US,America/New_York,EYW
NQY,Newquay Cornwall Airport,Saint Columb Major,GB,Europe/London,NQY
NQZ,Nursultan Nazarbayev International Airport,Nur-Sultan,KZ,Asia/Almaty,NQZ
NRA,Narrandera,Narrandera,AU,Australia/Sydney,NRA
NRB,Ns,,US,America/Chicago,NRB
NRC,Aux Field,Patterson,US,America/Los_Angeles,NRC
NRD,Norderney,Norderney,DE,Europe/Berlin,NRD
NRE,Namrole,Leksula,ID,Asia/Jayapura,NRE
NRG,Narrogin,Narrogin,AU,Australia/Perth,NRG
NRI,Shangri-la,Erick,US,America/Chicago,NRI
NRK,Kungsangen Airport,Lindo,SE,Europe/Stockholm,NRK
NRL,North Ronaldsay Airport,,GB,Europe/London,NRL
NRM,Nara,Nara,ML,Africa/Bamako,NRM
NRN,Weeze Airport,Weeze,DE,Europe/Berlin,DUS
NRR,Roosevelt NAS,Aguas Claras,PR,America/Puerto_Rico,NRR
NRS,NAS,Imperial,US,America/Los_Angeles,NRS
NRT,Narita International Airport,Narita,JP,Asia/Tokyo,TYO
NRY,Newry,,AU,Australia/Darwin,NRY
NSB,North SPB,Alice Town,BS,America/Nassau,BIM
NSE,Whiting Field NAS,Milton,US,America/Chicago,NSE
NSF,Andrews NAF,Mellwood,US,America/New_York,ADW
NSH,Now Shahr Airport,Nowshahr,IR,Asia/Tehran,NSH
NSI,Nsimalen Airport,,CM,Africa/Douala,YAO
NSK,Noril'sk Airport,Kayyerkan,RU,Asia/Krasnoyarsk,NSK
NSL,Slayton Municipal,Slayton,US,America/Chicago,NSL
NSM,Norseman,,AU,Australia/Perth,NSM
NSN,Nelson Airport,Richmond,NZ,Pacific/Auckland,NSN
NSO,Scone,Muswellbrook,AU,Australia/Sydney,NSO
NSP,NAF,Cavite City,PH,Asia/Manila,NSP
NSR,São Raimundo Nonato Airport,São Raimundo Nonato,BR,America/Fortaleza,NSR
NST,Nakhon Si Thammarat Airport,Nakhon Si Thammarat,TH,Asia/Bangkok,NST
NSV,Noosaville,Tewantin,AU,Australia/Brisbane,NSV
NSX,Hovercraft/Launch Pt,,VG,America/Tortola,NSX
NSY,NAS Sigonella,Motta Sant'Anastasia,IT,Europe/Rome,NSY
NTA,Natadola,,FJ,Pacific/Fiji,NTA
NTB,Notodden Airport,Notodden,NO,Europe/Oslo,NTB
NTC,Santa Carolina,Ntchisi,MZ,Africa/Maputo,NTC
NTD,Point Mugu NAS (Naval Base Ventura County,Port Hueneme,US,America/Los_Angeles,NTD
NTE,Nantes Atlantique Airport,Bouguenais,FR,Europe/Paris,NTE
NTG,Nantong Xingdong Airport,Xingdong,CN,Asia/Shanghai,NTG
NTI,Bintuni,Babo,ID,Asia/Jayapura,NTI
NTJ,Manti-Ephraim,Manti,US,America/Denver,NTJ
NTL,Newcastle Airport,Medowie,AU,Australia/Sydney,NTL
NTM,Miracema Do Norte,,BR,America/Araguaina,NTM
NTN,Normanton Airport,,AU,Australia/Brisbane,NTN
NTO,Santo Antao,Porto Novo,CV,Atlantic/Cape_Verde,NTO
NTQ,Noto Airport,Nanao,JP,Asia/Tokyo,NTQ
NTR,Aeropuerto del Norte International Airport,Monterrey,MX,America/Monterrey,MTY
NTT,Kuini Lavenia,Hihifo,TO,Pacific/Tongatapu,NTT
NTU,NAS,Virginia Beach,US,America/New_York,NTU
NTX,Natuna Ranai,Pemangkat,ID,Asia/Jakarta,NTX
NTY,Pilanesberg International Airport,Muldersdriseloop,ZA,Africa/Johannesburg,NTY
NUA,Gregory's Lake,Nuwara Eliya,LK,Asia/Colombo,NUA
NUB,Numbulwar,,AU,Australia/Darwin,NUB
NUD,En Nahud,An Nuhud,SD,Africa/Khartoum,NUD
NUE,Nuremberg Airport,Nuernberg,DE,Europe/Berlin,NUE
NUF,Castlereigh Reservoir Waterdrome,Hatton,LK,Asia/Colombo,NUF
NUG,Nuguria,,PG,Pacific/Port_Moresby,NUG
NUH,Nunchia,Nunchia,CO,America/Bogota,NUH
NUI,Nuiqsut Airport,,US,America/Anchorage,NUI
NUJ,Nojeh,Kabudarahang,IR,Asia/Tehran,NUJ
NUK,Nukutavake,,PF,Pacific/Tahiti,NUK
NUL,Nulato Airport,,US,America/Anchorage,NUL
NUM,Neom Airport,Duba,SA,Asia/Riyadh,NUM
NUN,Saufley NAS,East Pensacola Heights,US,America/Chicago,PNS
NUP,Nunapitchuk,,US,America/Anchorage,NUP
NUQ,Moffett Field,Mountain View,US,America/Los_Angeles,NUQ
NUR,Nullarbor,,AU,Australia/Adelaide,NUR
NUS,Norsup Airport,Norsup,VU,Pacific/Efate,NUS
NUT,Nutuve,,PG,Pacific/Port_Moresby,NUT
NUU,Nakuru,Nakuru,KE,Africa/Nairobi,NUU
NUW,Whidbey Island NAS (Ault Field),Ault Field,US,America/Los_Angeles,NUW
NUX,Novy Urengoy Airport,Novyy Urengoy,RU,Asia/Yekaterinburg,NUX
NVA,Benito Salas Airport,Neiva,CO,America/Bogota,NVA
NVD,Nevada,Nevada,US,America/Chicago,NVD
NVG,Nueva Guinea,Nueva Guinea,NI,America/Managua,NVG
NVI,Navoi Airport,Konimex,UZ,Asia/Samarkand,NVI
NVK,Framnes,Narvik,NO,Europe/Oslo,NVK
NVM,Brigadeiro Eduardo Gomes Airport,Nova Mutum,BR,America/Cuiaba,NVM
NVN,Nervino,Portola,US,America/Los_Angeles,NVN
NVP,Novo Aripuana,Novo Aripuana,BR,America/Manaus,NVP
NVR,Novgorod,Velikiy Novgorod,RU,Europe/Moscow,NVR
NVS,Nevers,Nevers,FR,Europe/Paris,NVS
NVT,Navegantes Airport,Navegantes,BR,America/Sao_Paulo,NVT
NVY,Neyveli,Vriddhachalam,IN,Asia/Kolkata,NVY
NWA,Moheli,Djoyezi,KM,Indian/Comoro,NWA
NWH,Parlin Field,Newport,US,America/New_York,NWH
NWI,Norwich International Airport,Spixworth,GB,Europe/London,NWI
NWP,NS,Bay Roberts,CA,America/St_Johns,NWP
NWS,Pier 11/Wall St. SPB,,US,America/New_York,NYC
NWT,Nowata,,PG,Pacific/Port_Moresby,NWT
NWU,Bermuda NAS,Saint George,BM,Atlantic/Bermuda,BDA
NXX,Willow Grove NAS,Horsham,US,America/New_York,NXX
NYA,Nyagan Airport,Nyagan,RU,Asia/Yekaterinburg,NYA
NYE,Nyeri,Nyeri,KE,Africa/Nairobi,NYE
NYG,Quantico NAS,Quantico Station,US,America/New_York,NYG
NYI,Sunyani,Sunyani,GH,Africa/Accra,NYI
NYK,Nanyuki,Nanyuki,KE,Africa/Nairobi,NYK
NYM,Nadym Airport,Staryy Nadym,RU,Asia/Yekaterinburg,NYM
NYN,Nyngan,Nyngan,AU,Australia/Sydney,NYN
NYO,Stockholm Skavsta Airport,Svalsta,SE,Europe/Stockholm,STO
NYR,Nyurba Airport,Nyurba,RU,Asia/Yakutsk,NYR
NYS,New York Skyports Seaplane Base,Long Island City,US,America/New_York,NYS
NYT,Nay Pyi Taw Airport,Pyinmana,MM,Asia/Rangoon,NYT
NYU,Nyaung U Airport,,MM,Asia/Rangoon,NYU
NYW,Monywar Airport,Monywa,MM,Asia/Yangon,NYW
NZA,Nzagi,Nzagi,AO,Africa/Luanda,NZA
NZC,Maria Reiche Neuman Airport,Nazca,PE,America/Lima,NZC
NZE,Nzerekore,Nzerekore,GN,Africa/Conakry,NZE
NZH,Manzhouli Airport,Zabaykal'sk,CN,Asia/Shanghai,NZH
NZL,Zhalantun Chengjisihan Airport,Qinggis Han,CN,Asia/Shanghai,NZL
NZW,South Weymouth,Rockland,US,America/New_York,NZW
NZY,North Island NAS,Coronado,US,America/Los_Angeles,SAN
OAA,Shank Air Base,Pul-e `Alam,AF,Asia/Kabul,OAA
OAG,Orange Airport,Millthorpe,AU,Australia/Sydney,OAG
OAH,Shindand Air Base,Shindand,AF,Asia/Kabul,OAH
OAI,Bagram,Ghulam `Ali,AF,Asia/Kabul,OAI
OAJ,Albert J Ellis Airport,Richlands,US,America/New_York,OAJ
OAK,Metropolitan Oakland International Airport,San Leandro,US,America/Los_Angeles,OAK
OAL,Cacoal Airport,Cacoal,BR,America/Porto_Velho,OAL
OAM,Oamaru,Oamaru,NZ,Pacific/Auckland,OAM
OAN,Olanchito,Olanchito,HN,America/Tegucigalpa,OAN
OAR,Marina Municipal,Pacific Grove,US,America/Los_Angeles,MRY
OAS,Sharana Air Base,Zarah Sharan,AF,Asia/Kabul,OAS
OAX,Xoxocotlan Airport,Animas Trujano,MX,America/Mexico_City,OAX
OAZ,Camp Bastion,,AF,Asia/Kabul,OAZ
OBA,Oban,,AU,Australia/Brisbane,OBA
OBC,Obock,Obock,DJ,Africa/Djibouti,OBC
OBD,Obano,Obano,ID,Asia/Jayapura,OBD
OBE,County,Okeechobee,US,America/New_York,OBE
OBF,Oberpfaffenhofen,Gilching,DE,Europe/Berlin,OBF
OBI,Obidos,,BR,America/Santarem,OBI
OBK,Sky Harbor,Northbrook,US,America/Chicago,OBK
OBL,Zoersel,Zoersel,BE,Europe/Brussels,OBL
OBM,Morobe,,PG,Pacific/Port_Moresby,OBM
OBN,Oban Airport,Oban,GB,Europe/London,OBN
OBO,Tokachi-Obihiro Airport,Obihiro,JP,Asia/Tokyo,OBO
OBS,Vals-Lanas,Chomerac,FR,Europe/Paris,OBS
OBT,Oakland/Coliseum Stat,,US,America/New_York,OBT
OBU,Kobuk/Wien Airport,,US,America/Anchorage,OBU
OBX,Obo,Muting,PG,Pacific/Port_Moresby,OBX
OBY,Ittoqqortoormiit,,GL,America/Scoresbysund,OBY
OCA,Ocean Reef,North Key Largo,US,America/New_York,OCA
OCC,Coca Airport,Puerto Francisco de Orellana,EC,America/Guayaquil,OCC
OCE,Municipal,West Ocean City,US,America/New_York,OCE
OCF,Taylor Field,Ocala,US,America/New_York,OCF
OCH,A L Mangham Jr. Regional,Nacogdoches,US,America/Chicago,OCH
OCI,Oceanic,,US,America/Anchorage,OCI
OCJ,Boscobel,Oracabessa,JM,America/Jamaica,OCJ
OCM,Boolgeeda,,AU,Australia/Perth,OCM
OCN,Municipal,Camp Pendleton South,US,America/Los_Angeles,OCN
OCS,Corisco International Airport,Cocobeach,GQ,Africa/Malabo,OCS
OCV,Aguasclaras,Ocana,CO,America/Bogota,OCV
OCW,Warren Field,Washington,US,America/New_York,OCW
ODA,Ouadda,,CF,Africa/Bangui,ODA
ODB,Cordoba,Villarrubia,ES,Europe/Madrid,ODB
ODC,Oakdale,East Oakdale,US,America/Los_Angeles,ODC
ODD,Oodnadatta,,AU,Australia/Adelaide,ODD
ODE,Beldringe,Sonderso,DK,Europe/Copenhagen,ODE
ODH,Odiham RAF Station,Odiham,GB,Europe/London,ODH
ODJ,Ouanda Djalle,Ouadda,CF,Africa/Bangui,ODJ
ODL,Cordillo Downs,,AU,Australia/Adelaide,ODL
ODM,Garrett County Airport,Oakland,US,America/New_York,ODM
ODN,Long Seridan Airport,Bangar,MY,Asia/Kuching,ODN
ODO,Bodaybo Airport,Bodaybo,RU,Asia/Irkutsk,ODO
ODR,Ord River,,AU,Australia/Perth,ODR
ODS,Odessa International Airport,Odessa,UA,Europe/Kiev,ODS
ODW,Oak Harbor,Coupeville,US,America/Los_Angeles,ODW
ODY,Oudomxay Airport,Viangxai,LA,Asia/Vientiane,ODY
OEA,Oneal,Vincennes,US,America/Indiana/Vincennes,OEA
OEC,Ocussi,Pante Makasar,TL,Asia/Dili,OEC
OEL,Orel,Orel,RU,Europe/Moscow,OEL
OEM,Vincent Fayks,,SR,America/Paramaribo,OEM
OEO,Municipal,Osceola,US,America/Chicago,OEO
OER,Ornskoldsvik Airport,Husum,SE,Europe/Stockholm,OER
OES,San Antonio Oeste,San Antonio Oeste,AR,America/Argentina/Salta,OES
OFF,Offutt Air Force Base,Offutt Air Force Base,US,America/Chicago,OFF
OFI,Ouango Fitini,,CI,Africa/Abidjan,OFI
OFJ,Olafsfjordur,,IS,Atlantic/Reykjavik,OFJ
OFK,Stefan Field,Norfolk,US,America/Chicago,OFK
OFU,Airstrip,Ofu,AS,Pacific/Pago_Pago,OFU
OGA,Searle Field,Ogallala,US,America/Denver,OGA
OGB,Municipal,Orangeburg,US,America/New_York,OGB
OGD,Municipal,Riverdale,US,America/Denver,OGD
OGE,Ogeranang,,PG,Pacific/Port_Moresby,OGE
OGG,Kahului Airport,Kahului,US,Pacific/Honolulu,OGG
OGL,Ogle Airport,Georgetown,GY,America/Guyana,OGL
OGM,Ogobsucum,,PA,America/Panama,OGM
OGN,Yonaguni Jima,Yonakuni,JP,Asia/Tokyo,OGN
OGO,Abengourou,Abengourou,CI,Africa/Abidjan,OGO
OGR,Bongor,Bongor,TD,Africa/Ndjamena,OGR
OGS,Ogdensburg Airport,Ogdensburg,US,America/New_York,OGS
OGU,Ordu Giresun Airport,Gulyali,TR,Asia/Istanbul,QOR
OGV,Ongava Game Reserve,Gobabis,NA,Africa/Windhoek,OGV
OGX,Ain Beida Airport,Rouissat,DZ,Africa/Algiers,OGX
OGZ,Vladikavkaz Airport,Dalakovo,RU,Europe/Moscow,OGZ
OHA,Royal Air Force Base,Bulls,NZ,Pacific/Auckland,OHA
OHB,Ambohibary,Moramanga,MG,Indian/Antananarivo,OHB
OHC,AFS,,US,America/Anchorage,OHC
OHD,Ohrid Airport,Misleshevo,MK,Europe/Skopje,OHD
OHE,Mohe Airport,Xilinji,CN,Asia/Shanghai,OHE
OHH,Novostroyka Airport,Okha,RU,Asia/Srednekolymsk,OHH
OHI,Oshakati,Ongwediva,NA,Africa/Windhoek,OHI
OHO,Okhotsk,Okhotsk,RU,Asia/Vladivostok,OHO
OHR,Wyk Auf Foehr,Wrixum,DE,Europe/Berlin,OHR
OHS,Sohar Airport,Al Sohar,OM,Asia/Muscat,MCT
OHT,Kohat,Kohat,PK,Asia/Karachi,OHT
OIA,Ourilandia,,BR,America/Belem,OIA
OIC,Eaton,Norwich,US,America/New_York,OIC
OIL,Splane Memorial,Oil City,US,America/New_York,OIL
OIM,Oshima,Ito,JP,Asia/Tokyo,OIM
OIR,Okushiri Airport,Kamiiso,JP,Asia/Tokyo,OIR
OIT,Oita Airport,Kitsuki,JP,Asia/Tokyo,OIT
OJC,Johnson Executive,Olathe,US,America/Chicago,MKC
OJU,Tanjung Api Airport,,ID,Asia/Jakarta,OJU
OKA,Naha Airport,Tomigusuku,JP,Asia/Tokyo,OKA
OKB,Fraser Island,Urangan,AU,Australia/Brisbane,OKB
OKC,Will Rogers World Airport,,US,America/Chicago,OKC
OKD,Okadama Airport,Sapporo,JP,Asia/Tokyo,SPK
OKE,Okino Erabu,,JP,Asia/Tokyo,OKE
OKF,Okaukuejo,Outjo,NA,Africa/Windhoek,OKF
OKG,Okoyo,Ewo,CG,Africa/Brazzaville,OKG
OKH,Cottesmor RAF,Oakham,GB,Europe/London,OKH
OKI,Oki Island,,JP,Asia/Tokyo,OKI
OKJ,Okayama Airport,Okayama-shi,JP,Asia/Tokyo,OKJ
OKK,Kokomo,Kokomo,US,America/Indiana/Indianapolis,OKK
OKL,Oksibil,,ID,Asia/Jayapura,OKL
OKM,Okmulgee,Okmulgee,US,America/Chicago,OKM
OKN,Okondja,Okondja,GA,Africa/Libreville,OKN
OKO,Yokota AFB,Fussa,JP,Asia/Tokyo,TYO
OKP,Oksapmin,,PG,Pacific/Port_Moresby,OKP
OKQ,Okaba,Kimaam,ID,Asia/Jayapura,OKQ
OKR,Yorke Island,,AU,Australia/Brisbane,OKR
OKS,Oshkosh,Oshkosh,US,America/Chicago,OKS
OKT,Oktiabrskij,Oktyabr'skiy,RU,Asia/Yekaterinburg,OKT
OKU,Mokuti Lodge,,NA,Africa/Windhoek,OKU
OKV,Okao,,PG,Pacific/Port_Moresby,OKV
OKY,Oakey,Oakey,AU,Australia/Brisbane,OKY
OLA,Orland,Brekstad,NO,Europe/Oslo,OLA
OLB,Olbia Costa Smeralda Airport,Olbia,IT,Europe/Rome,OLB
OLC,Sen. Eunice Micheles,Sao Paulo de Olivenca,BR,America/Manaus,OLC
OLD,Old Town,Old Town,US,America/New_York,OLD
OLE,Municipal,Cuba,US,America/New_York,OLE
OLF,Wolf Point International Airport,Wolf Point,US,America/Denver,OLF
OLG,Olare Airport,Bomet,KE,Africa/Nairobi,OLG
OLH,Old Harbor SPB,,US,America/Anchorage,OLH
OLI,Rif,Olafsvik,IS,Atlantic/Reykjavik,OLI
OLJ,Olpoi,Port-Olry,VU,Pacific/Efate,OLJ
OLK,Fuerte Olimpo,,PY,America/Asuncion,OLK
OLL,Ollombo,Clarks,CG,Africa/Brazzaville,OLL
OLM,Olympia,Tumwater,US,America/Los_Angeles,OLM
OLN,Colonia Sarmiento,Sarmiento,AR,America/Argentina/Catamarca,OLN
OLO,Olomouc,Horka nad Moravou,CZ,Europe/Prague,OLO
OLP,Olympic Dam Airport,,AU,Australia/Adelaide,OLP
OLQ,Olsobip,,PG,Pacific/Port_Moresby,OLQ
OLR,Salerno Air Base,Baalbek,AF,Asia/Kabul,OLR
OLS,International,Nogales,US,America/Phoenix,OLS
OLU,Columbus Municipal,Columbus,US,America/Chicago,OLU
OLV,Olive Branch Airport,Olive Branch,US,America/Chicago,OLV
OLX,Olkiombo Airport,Kihancha,KE,Africa/Nairobi,OLX
OLY,Olney-Noble,Olney,US,America/Chicago,OLY
OLZ,Olokminsk Airport,Olyokminsk,RU,Asia/Yakutsk,OLZ
OMA,Eppley Airfield,Carter Lake,US,America/Chicago,OMA
OMB,Omboue,,GA,Africa/Libreville,OMB
OMC,Ormoc,Libertad,PH,Asia/Manila,OMC
OMD,Oranjemund Airport,,NA,Africa/Windhoek,OMD
OME,Nome Airport,,US,America/Nome,OME
OMF,King Hussein,Mafraq,JO,Asia/Amman,OMF
OMG,Omega,,NA,Africa/Windhoek,OMG
OMH,Urmia Airport,Orumiyeh,IR,Asia/Tehran,OMH
OMI,Omidieh,Ramshir,IR,Asia/Tehran,OMI
OMJ,Omura,Omura,JP,Asia/Tokyo,OMJ
OMK,Municipal,Omak,US,America/Los_Angeles,OMK
OML,Omkalai,Kundiawa,PG,Pacific/Port_Moresby,OML
OMM,Marmul,,OM,Asia/Muscat,OMM
OMO,Mostar Airport,Blagaj,BA,Europe/Sarajevo,OMO
OMR,Oradea Airport,Nojorid,RO,Europe/Bucharest,OMR
OMS,Omsk Airport,Omsk,RU,Asia/Omsk,OMS
OMY,Oddor Meanche,Tbeng Meanchey,KH,Asia/Phnom_Penh,OMY
ONA,Municipal,Goodview,US,America/Chicago,ONA
ONB,Ononge,,PG,Pacific/Port_Moresby,ONB
OND,Ondangwa Airport,Ondangwa,NA,Africa/Windhoek,OND
ONE,Onepusu,,SB,Pacific/Guadalcanal,ONE
ONG,Mornington Airport,,AU,Australia/Brisbane,ONG
ONH,Municipal,Oneonta,US,America/New_York,ONH
ONI,Moanamani,Nabire,ID,Asia/Jayapura,ONI
ONJ,Odate Noshiro Airport,Takanosu,JP,Asia/Tokyo,ONJ
ONK,Olenyok Airport,Olenyok,RU,Asia/Yakutsk,ONK
ONL,Municipal,O'Neill,US,America/Chicago,ONL
ONM,Socorro,Socorro,US,America/Denver,ONM
ONN,Onion Bay,,US,America/Anchorage,ONN
ONO,Ontario Municipal Airport,Ontario,US,America/Boise,ONO
ONP,Newport,Newport,US,America/Los_Angeles,ONP
ONQ,Zonguldak,Saltukova,TR,Europe/Istanbul,ONQ
ONR,Monkira,,AU,Australia/Brisbane,ONR
ONS,Onslow Airport,Dampier,AU,Australia/Perth,ONS
ONT,Ontario International Airport,Rancho Cucamonga,US,America/Los_Angeles,ONT
ONU,Ono I Lau,,FJ,Pacific/Fiji,ONU
ONX,Enrique Adolfo Jimenez,Colon,PA,America/Panama,ONX
ONY,Olney,Olney,US,America/Chicago,ONY
OOA,Municipal,Oskaloosa,US,America/Chicago,OOA
OOD,Gudai-Darri Airstrip,Newman,AU,Australia/Perth,OOD
OOK,Toksook Bay Airport,,US,America/Anchorage,OOK
OOL,Gold Coast Airport,Tugun,AU,Australia/Brisbane,OOL
OOM,Snowy Mountains Airport,Berridale,AU,Australia/Sydney,OOM
OOR,Mooraberree,,AU,Australia/Brisbane,OOR
OOT,Onotoa,,KI,Pacific/Tarawa,OOT
OPA,Kopasker,Husavik,IS,Atlantic/Reykjavik,OPA
OPB,Open Bay,,PG,Pacific/Port_Moresby,OPB
OPF,Opa-locka Executive Airport,Miami Lakes,US,America/New_York,MIA
OPI,Oenpelli,McMinns Lagoon,AU,Australia/Darwin,OPI
OPL,St Landry Parish,Opelousas,US,America/Chicago,OPL
OPO,Porto Airport,Santa Cruz do Bispo,PT,Europe/Lisbon,OPO
OPP,Salinópolis Airport,Salinópolis,BR,America/Belem,OPP
OPS,Sinop Airport,,BR,America/Cuiaba,OPS
OPU,Balimo,,PG,Pacific/Port_Moresby,OPU
OPW,Opuwa,Opuwo,NA,Africa/Windhoek,OPW
ORA,Oran,Embarcacion,AR,America/Argentina/Salta,ORA
ORB,Orebro-Bofors Airport,Vintrosa,SE,Europe/Stockholm,ORB
ORC,Orocue,Orocue,CO,America/Bogota,ORC
ORD,O'Hare International Airport,Rosemont,US,America/Chicago,CHI
ORE,Orleans,Orleans,FR,Europe/Paris,ORE
ORF,Norfolk International Airport,Norfolk,US,America/New_York,ORF
ORG,Zorg En Hoop,Paramaribo,SR,America/Paramaribo,PBM
ORH,Worcester Regional Airport,Leicester,US,America/New_York,ORH
ORI,Port Lions SPB,,US,America/Anchorage,ORI
ORJ,Orinduik,,GY,America/Guyana,ORJ
ORK,Cork Airport,Cork,IE,Europe/Dublin,ORK
ORL,Orlando Executive,Azalea Park,US,America/New_York,ORL
ORM,Northampton,Northampton,GB,Europe/London,ORM
ORN,Es Senia Airport,,DZ,Africa/Algiers,ORN
ORO,Yoro,Yoro,HN,America/Tegucigalpa,ORO
ORP,Orapa,Rakops,BW,Africa/Gaborone,ORP
ORQ,Heliport,Westport,US,America/New_York,ORQ
ORR,Yorketown,,AU,Australia/Adelaide,ORR
ORS,Waterport,,AU,Australia/Brisbane,ORS
ORT,Northway,,US,America/Anchorage,ORT
ORU,Oruro,Oruro,BO,America/La_Paz,ORU
ORV,Robert (Bob) Curtis Memorial Airport,,US,America/Anchorage,ORV
ORW,Ormara,Ormara,PK,Asia/Karachi,ORW
ORX,Oriximina,Oriximina,BR,America/Santarem,ORX
ORY,Paris Orly Airport,Paray-Vieille-Poste,FR,Europe/Paris,PAR
ORZ,Orange Walk,Belmopan,BZ,America/Belize,ORZ
OSB,Osage Beach,Osage Beach,US,America/Chicago,OSB
OSC,Wurtsmith AFB,Au Sable,US,America/Detroit,OSC
OSD,Are Ostersund Airport,Krokom,SE,Europe/Stockholm,OSD
OSE,Omora,,PG,Pacific/Port_Moresby,OSE
OSF,Ostafyevo International Business Airport,Shcherbinka,RU,Europe/Moscow,OSF
OSG,Ossima,,PG,Pacific/Port_Moresby,OSG
OSH,Wittman Field,Oshkosh,US,America/Chicago,OSH
OSI,Osijek Airport,Osijek,HR,Europe/Zagreb,OSI
OSJ,Ol Seki Airport,Narok,KE,Africa/Nairobi,OSJ
OSK,Oskarshamn,Oskarshamn,SE,Europe/Stockholm,OSK
OSL,Oslo Airport Gardermoen,Teigebyen,NO,Europe/Oslo,OSL
OSM,Mosul,Mosul,IQ,Asia/Baghdad,OSM
OSN,Osan AB,Osan,KR,Asia/Seoul,OSN
OSO,Osborne Mine,,AU,Australia/Brisbane,OSO
OSR,Mosnov Airport,Petrvald,CZ,Europe/Prague,OSR
OSS,Osh Airport,Osh,KG,Asia/Bishkek,OSS
OST,Ostend-Bruges International Airport,Middelkerke,BE,Europe/Brussels,OST
OSU,Ohio State University,Dublin,US,America/New_York,CMH
OSW,Orsk Airport,Orsk,RU,Asia/Yekaterinburg,OSW
OSX,Attala County,Kosciusko,US,America/Chicago,OSX
OSY,Namsos Airport,Namsos,NO,Europe/Oslo,OSY
OSZ,Koszalin,Tychowo,PL,Europe/Warsaw,OSZ
OTA,Mota,Addiet Canna,ET,Africa/Addis_Ababa,OTA
OTC,Bol,Bol,TD,Africa/Ndjamena,OTC
OTD,Contadora,Veracruz,PA,America/Panama,OTD
OTG,Worthington,Worthington,US,America/Chicago,OTG
OTH,Southwest Oregon Regional Airport,North Bend,US,America/Los_Angeles,OTH
OTI,Pitu,Tobelo,ID,Asia/Jayapura,OTI
OTJ,Otjiwarongo,Otjiwarongo,NA,Africa/Windhoek,OTJ
OTK,Tillamook,Tillamook,US,America/Los_Angeles,OTK
OTL,Boutilimit,Aleg,MR,Africa/Nouakchott,OTL
OTM,Industrial,Ottumwa,US,America/Chicago,OTM
OTN,Green,Bicknell,US,America/Indiana/Vincennes,OTN
OTO,Vor,Moriarty,US,America/Denver,OTO
OTP,Bucharest Henri Coanda International Airport,Otopeni,RO,Europe/Bucharest,BUH
OTQ,Otog Front Banner Oljoq Airport,Ordos City,CN,Asia/Shanghai,OTQ
OTR,Coto 47,Corredor,CR,America/Costa_Rica,OTR
OTS,Anacortes,Anacortes,US,America/Los_Angeles,OTS
OTT,Andre Maggi,Aripuana,BR,America/Cuiaba,OTT
OTU,Otu,Segovia,CO,America/Bogota,OTU
OTV,Ontong Java,,SB,Pacific/Guadalcanal,OTV
OTY,Oria,,PG,Pacific/Port_Moresby,OTY
OTZ,Ralph Wien Memorial Airport,,US,America/Nome,OTZ
OUA,Ouagadougou International Airport,Ouagadougou,BF,Africa/Ouagadougou,OUA
OUD,Les Angades Airport,Oujda,MA,Africa/Casablanca,OUD
OUE,Ouesso,Ouesso,CG,Africa/Brazzaville,OUE
OUG,Ouahigouya,Ouahigouya,BF,Africa/Ouagadougou,OUG
OUH,Oudtshoorn,Oudtshoorn,ZA,Africa/Johannesburg,OUH
OUI,Ban Houei,,LA,Asia/Vientiane,OUI
OUK,Outer Skerries,,GB,Europe/London,OUK
OUL,Oulu Airport,Oulunsalo,FI,Europe/Helsinki,OUL
OUM,Oum Hadjer,Oum Hadjer,TD,Africa/Ndjamena,OUM
OUN,Max Westheimer,Norman,US,America/Chicago,OUN
OUR,Batouri,Batouri,CM,Africa/Douala,OUR
OUS,Ourinhos,Ourinhos,BR,America/Sao_Paulo,OUS
OUT,Bousso,Bousso,TD,Africa/Ndjamena,OUT
OUU,Ouanga,,GA,Africa/Libreville,OUU
OUZ,Zouerate,Zouerat,MR,Africa/Nouakchott,OUZ
OVA,Bekily,Beteza,MG,Indian/Antananarivo,OVA
OVB,Novosibirsk Tolmachevo Airport,Ob',RU,Asia/Phnom_Penh,OVB
OVD,Asturias Airport,Castrillon,ES,Europe/Madrid,OVD
OVE,Oroville,Thermalito,US,America/Los_Angeles,OVE
OVG,Overberg (FAOB),Bredasdorp,ZA,Africa/Johannesburg,OVG
OVL,Ovalle,Monte Patria,CL,America/Santiago,OVL
OVR,Olavarria,Olavarria,AR,America/Argentina/Buenos_Aires,OVR
OVS,Sovetsky Airport,Sovetskiy,RU,Asia/Yekaterinburg,OVS
OWA,Owatonna,Owatonna,US,America/Chicago,OWA
OWB,Daviess County Airport,Owensboro,US,America/Chicago,OWB
OWD,Memorial,West Bridgewater,US,America/New_York,OWD
OWE,Owendo,Libreville,GA,Africa/Libreville,OWE
OWK,Central Maine Airport of Norridgewock,Norridgewock,US,America/New_York,OWK
OXB,Osvaldo Vieira Airport,Bissau,GW,Africa/Bissau,OXB
OXC,Waterbury-oxford,Oxford,US,America/New_York,OXC
OXD,Miami University,New Paris,US,America/New_York,OXD
OXF,Oxford (Kidlington),Oxford,GB,Europe/London,OXF
OXO,Orientos,,AU,Australia/Brisbane,OXO
OXR,Ventura,Oxnard,US,America/Los_Angeles,OXR
OXY,Morney,,AU,Australia/Brisbane,OXY
OYA,Goya,Goya,AR,America/Argentina/Cordoba,OYA
OYC,Camopi Airport,Camopi,GF,America/Cayenne,OYC
OYE,Oyem,Oyem,GA,Africa/Libreville,OYE
OYG,Moyo,Moyo,UG,Africa/Kampala,OYG
OYK,Oiapoque,,BR,America/Belem,OYK
OYL,Moyale,Moyale,KE,Africa/Nairobi,OYL
OYN,Ouyen,,AU,Australia/Melbourne,OYN
OYO,Tres Arroyos,Tres Arroyos,AR,America/Argentina/Buenos_Aires,OYO
OYP,St-Georges de lOyapock,Saint-Georges-de-l'Oyapock,GF,America/Cayenne,OYP
OYS,Yosemite Ntl Park,Yosemite Valley,US,America/Los_Angeles,OYS
OZA,Ozona Municipalcipal,Ozona,US,America/Chicago,OZA
OZC,Labo Airport,Lapase,PH,Asia/Manila,OZC
OZG,Zagora Airport,Zagora,MA,Africa/Casablanca,OZG
OZH,Zaporozhye Airport,Zaporizhzhya,UA,Europe/Zaporozhye,OZH
OZI,Bobadilla,Furnas,ES,Europe/Madrid,OZI
OZP,Moron,Utrera,ES,Europe/Madrid,OZP
OZR,Cairns AAF,Ozark,US,America/Chicago,OZR
OZU,Montilla,Montilla,ES,Europe/Madrid,OZU
OZZ,Ouarzazate Airport,Ouarzazat,MA,Africa/Casablanca,OZZ
PAA,Pa-an,Hpa-an,MM,Asia/Rangoon,PAA
PAB,Bilaspur,Bilaspur,IN,Asia/Kolkata,PAB
PAC,Marcos A. Gelabert International Airport,Chepillo,PA,America/Panama,PTY
PAD,Paderborn Lippstadt Airport,Salzkotten,DE,Europe/Berlin,PAD
PAE,Snohomish County - Paine Field,Mukilteo,US,America/Los_Angeles,PAE
PAF,Pakuba,Bulisa,UG,Africa/Kampala,PAF
PAG,Pagadian Airport,Pagadian,PH,Asia/Manila,PAG
PAH,Barkley Regional Airport,Massac,US,America/Chicago,PAH
PAJ,Para Chinar,Parachinar,PK,Asia/Karachi,PAJ
PAK,Port Allen,Hanapepe Heights,US,Pacific/Honolulu,PAK
PAL,Palanquero,,CO,America/Bogota,PAL
PAM,Tyndall AFB,Panama City,US,America/Chicago,PFN
PAN,Pattani,Nong Chik,TH,Asia/Bangkok,PAN
PAO,Palo Alto,East Palo Alto,US,America/Los_Angeles,PAO
PAP,Toussaint Louverture International Airport,Delmas 73,HT,America/Port-au-Prince,PAP
PAQ,Palmer Municipalcipal,Palmer,US,America/Anchorage,PAQ
PAS,Paros Airport,Antiparos,GR,Europe/Athens,PAS
PAT,Jay Prakash Narayan International Airport,Patna,IN,Asia/Kolkata,PAT
PAU,Pauk,,MM,Asia/Rangoon,PAU
PAV,Paulo Afonso Airport,Paulo Afonso,BR,America/Bahia,PAV
PAW,Pambwa,,PG,Pacific/Port_Moresby,PAW
PAX,Port De Paix,Ti Port-de-Paix,HT,America/Port-au-Prince,PAX
PAY,Pamol,,MY,Asia/Kuching,PAY
PAZ,El Tajin National Airport,Poza Rica de Hidalgo,MX,America/Mexico_City,PAZ
PBA,Point Barrow,,US,America/Anchorage,BRW
PBB,Paranaiba,Paranaiba,BR,America/Campo_Grande,PBB
PBC,Huejotsingo Airport,Santa Maria Zacatepec,MX,America/Mexico_City,PBC
PBD,Porbandar,Porbandar,IN,Asia/Kolkata,PBD
PBE,Puerto Berrio,Puerto Berrio,CO,America/Bogota,PBE
PBF,Grider Field,Pine Bluff,US,America/Chicago,PBF
PBG,Plattsburgh International Airport,Plattsburgh West,US,America/New_York,PBG
PBH,Paro Airport,Paro,BT,Asia/Thimphu,PBH
PBI,Palm Beach International Airport,Haverhill,US,America/New_York,PBI
PBJ,Paama,,VU,Pacific/Efate,PBJ
PBK,Pack Creek,,US,America/Anchorage,PBK
PBL,Puerto Cabello,Puerto Cabello,VE,America/Caracas,PBL
PBM,Zanderij International Airport,Onverwacht,SR,America/Paramaribo,PBM
PBN,Porto Amboim,Sumbe,AO,Africa/Luanda,PBN
PBO,Paraburdoo Airport,,AU,Australia/Perth,PBO
PBP,Punta Islita,Canas,CR,America/Costa_Rica,PBP
PBQ,Pimenta Bueno,Pimenta Bueno,BR,America/Porto_Velho,PBQ
PBR,Puerto Barrios,Puerto Barrios,GT,America/Guatemala,PBR
PBS,Patong Beach,Patong,TH,Asia/Bangkok,PBS
PBT,Puerto Leda,Fuerte Olimpo,PY,America/Asuncion,PBT
PBU,Putao,Zhowagoin,MM,Asia/Rangoon,PBU
PBV,Porto Dos Gauchos,,BR,America/Cuiaba,PBV
PBW,Palibelo,Yendi,ID,Asia/Makassar,PBW
PBX,Porto Alegre Do Norte,,BR,America/Cuiaba,PBX
PBY,Hamilton/Proserpine,,AU,Australia/Brisbane,PBY
PBZ,Plettenberg Bay Airport,Plettenberg Bay,ZA,Africa/Johannesburg,PBZ
PCA,Portage Creek,,US,America/Anchorage,PCA
PCB,Pondok Cabe,Pamulang,ID,Asia/Jakarta,PCB
PCC,Puerto Rico,,CO,America/Bogota,PCC
PCD,Prairie du Chien Municipal Airport,Prairie du Chien,US,America/Chicago,PCD
PCE,Painter Creek,,US,America/Anchorage,PCE
PCF,Potchefstroom,Potchefstroom,ZA,Africa/Johannesburg,PCF
PCG,Paso Caballos,San Andres,GT,America/Guatemala,PCG
PCH,Palacios,Buenos Aires,HN,America/Tegucigalpa,PCH
PCJ,Puerto La Victoria,,PY,America/Asuncion,PCJ
PCK,Porcupine Creek,,US,America/Anchorage,PCK
PCL,Capitan Rolden Airport,Puerto Callao,PE,America/Lima,PCL
PCM,Playa Del Carmen,Playa del Carmen,MX,America/Cancun,PCM
PCN,Picton Aerodrome,Picton,NZ,Pacific/Auckland,PCN
PCO,Punta Colorada,,MX,America/Mazatlan,PCO
PCP,Principe,Santo Antonio,ST,Africa/Sao_Tome,PCP
PCQ,Bounneua,Phongsali,LA,Asia/Vientiane,PCQ
PCR,Puerto Carreno Airport,,CO,America/Bogota,PCR
PCS,Picos,Picos,BR,America/Fortaleza,PCS
PCT,Princeton,,US,America/New_York,PCT
PCU,Pearl River County,Nicholson,US,America/Chicago,PCU
PCV,Punta Chivato,Mulege,MX,America/Mazatlan,PCV
PDA,Puerto Inirida,Inirida,CO,America/Bogota,PDA
PDB,Pedro Bay,,US,America/Anchorage,PDB
PDC,Mueo,Poya,NC,Pacific/Noumea,PDC
PDD,Ponta de Ouro,Maputo,MZ,Africa/Maputo,PDD
PDE,Pandie Pandie,,AU,Australia/Adelaide,PDE
PDF,Prado,Prado,BR,America/Bahia,PDF
PDG,Minangkabau International Airport,Lubukalung,ID,Asia/Jakarta,PDG
PDI,Pindiu,,PG,Pacific/Port_Moresby,PDI
PDK,DeKalb Peachtree Airport,Doraville,US,America/New_York,ATL
PDL,Joao Paulo II Airport,Arrifes,PT,Atlantic/Azores,PDL
PDM,Pedasí Airport,Pedasi,PA,America/Panama,PDM
PDN,Parndana,,AU,Australia/Adelaide,PDN
PDO,Pendopo,Gunungmegang Dalam,ID,Asia/Jakarta,PDO
PDP,Capitan de Corbeta Carlos A. Curbelo International Airport,Maldonado,UY,America/Montevideo,PDP
PDR,Presidente Dutra,Presidente Dutra,BR,America/Fortaleza,PDR
PDS,Piedras Negras International Airport,Piedras Negras,MX,America/Matamoros,PDS
PDT,Eastern Oregon Regional Airport,Pendleton,US,America/Los_Angeles,PDT
PDU,Paysandu,Paysandu,UY,America/Montevideo,PDU
PDV,Plovdiv Airport,Kaloyanovo,BG,Europe/Sofia,PDV
PDX,Portland International Airport,Walnut Grove,US,America/Los_Angeles,PDX
PDZ,Pedernales,Pedernales,VE,America/Caracas,PDZ
PEA,Penneshaw,,AU,Australia/Adelaide,PEA
PEB,Pebane,,MZ,Africa/Maputo,PEB
PEC,Pelican SPB,,US,America/Anchorage,PEC
PED,Pardubice Airport,,CZ,Europe/Prague,PED
PEE,Perm International Airport,Kultayevo,RU,Asia/Yekaterinburg,PEE
PEF,Peenemuende,Kroslin,DE,Europe/Berlin,PEF
PEG,Sant Egidio Airport,Perugia,IT,Europe/Rome,PEG
PEH,Pehuajo,Pehuajo,AR,America/Argentina/Buenos_Aires,PEH
PEI,Matecana International Airport,Pereira,CO,America/Bogota,PEI
PEJ,Peschiei,San Giovanni Rotondo,IT,Europe/Rome,PEJ
PEK,Beijing Capital International Airport,,CN,Asia/Shanghai,BJS
PEL,Pelaneng,,LS,Africa/Maseru,PEL
PEM,Puerto Maldonado Airport,Puerto Maldonado,PE,America/Lima,PEM
PEN,Penang International Airport,Kampung Sungai Ara,MY,Asia/Kuala_Lumpur,PEN
PEP,Peppimenarti,,AU,Australia/Darwin,PEP
PEQ,Pecos City,Pecos,US,America/Chicago,PEQ
PER,Perth Airport,Redcliffe,AU,Australia/Perth,PER
PES,Petrozavodsk Airport,Petrozavodsk,RU,Europe/Moscow,PES
PET,Federal Airport,Pelotas,BR,America/Sao_Paulo,PET
PEU,Puerto Lempira,Puerto Lempira,HN,America/Tegucigalpa,PEU
PEV,Pecs Pogany,,HU,Europe/Budapest,PEV
PEW,Bacha Khan International Airport,Peshawar,PK,Asia/Karachi,PEW
PEX,Pechora Airport,Puteyets,RU,Europe/Moscow,PEX
PEY,Penong,Ceduna,AU,Australia/Adelaide,PEY
PEZ,Penza Airport,Zasechnoye,RU,Europe/Moscow,PEZ
PFA,Paf Warren,,US,America/Anchorage,PFA
PFB,Passo Fundo Airport,Passo Fundo,BR,America/Sao_Paulo,PFB
PFC,Pacific City State,Pacific City,US,America/Los_Angeles,PFC
PFD,Port Frederick,,US,America/Anchorage,PFD
PFJ,Patreksfjordur,,IS,Atlantic/Reykjavik,PFJ
PFM,Primrose Aerodrome,,CA,America/Edmonton,PFM
PFN,Bay County,Pretty Bayou,US,America/Chicago,PFN
PFO,Paphos International Airport,Paphos,CY,Asia/Nicosia,PFO
PFQ,Parsabad,Parsabad,IR,Asia/Tehran,PFQ
PFR,Ilebo,Ilebo,CD,Africa/Lubumbashi,PFR
PGA,Page Airport,Page,US,America/Phoenix,PGA
PGB,Pangoa,,PG,Pacific/Port_Moresby,PGB
PGC,Grant County,Petersburg,US,America/New_York,PGC
PGD,Charlotte County Airport,Cleveland,US,America/New_York,PGD
PGE,Yegepa,,PG,Pacific/Port_Moresby,PGE
PGF,Llabanere Airport,Peyrestortes,FR,Europe/Paris,PGF
PGG,Progresso,Jacareacanga,BR,America/Santarem,PGG
PGH,Pantnagar Airport,Kichha,IN,Asia/Kolkata,PGH
PGI,Chitato,,AO,Africa/Luanda,PGI
PGK,Depati Amir Airport,Pangkalpinang,ID,Asia/Jakarta,PGK
PGL,Jackson County,Moss Point,US,America/Chicago,PGL
PGM,Port Graham,,US,America/Anchorage,PGM
PGN,Pangia,Ialibu,PG,Pacific/Port_Moresby,PGN
PGO,Stevens Field,Pagosa Springs,US,America/Denver,PGO
PGP,Porto Alegre,,ST,Africa/Sao_Tome,PGP
PGQ,Buli Airport,Buli,ID,Asia/Jayapura,PGQ
PGR,Paragould Kirk Field,Paragould,US,America/Chicago,PGR
PGS,Peach Springs,Peach Springs,US,America/Phoenix,PGS
PGU,Ala'Marvdasht Airport,Bandar-e `Asaluyeh,IR,Asia/Tehran,PGU
PGV,Pitt-Greenville Airport,Greenville,US,America/New_York,PGV
PGX,Perigueux Airport,Perigueux,FR,Europe/Paris,PGX
PGZ,Comte Antonio Amilton Beraldo Airport,Ponta Grossa,BR,America/Sao_Paulo,PGZ
PHA,Phan Rang,Phan Rang-Thap Cham,VN,Asia/Ho_Chi_Minh,PHA
PHB,Santos Dumont,Parnaiba,BR,America/Fortaleza,PHB
PHC,Port Harcourt International Airport,Emuoha,NG,Africa/Lagos,PHC
PHD,Harry Clever Field,New Philadelphia,US,America/New_York,PHD
PHE,Port Hedland International Airport,,AU,Australia/Perth,PHE
PHF,Newport News/Williamsburg International Airport,Yorktown,US,America/New_York,PHF
PHG,Port Harcourt City,Elele,NG,Africa/Lagos,PHC
PHH,Phan Thiet,Phan Thiet,VN,Asia/Ho_Chi_Minh,PHH
PHI,Pinheiro,Pinheiro,BR,America/Fortaleza,PHI
PHJ,Port Hunter,Carrington,AU,Australia/Sydney,NTL
PHK,Palm Beach Co Glades,Pahokee,US,America/New_York,PHK
PHL,Philadelphia International Airport,Colwyn,US,America/New_York,PHL
PHN,St Clair County International,Marysville,US,America/Detroit,PHN
PHO,Point Hope Airport,,US,America/Anchorage,PHO
PHP,Philip,Philip,US,America/Chicago,PHP
PHQ,The Monument Airport,,AU,Australia/Brisbane,PHQ
PHR,Pacific Harbor,,FJ,Pacific/Fiji,PHR
PHS,Phitsanulok Airport,Phitsanulok,TH,Asia/Bangkok,PHS
PHT,Henry County,Paris,US,America/Chicago,PHT
PHU,Phu Vinh,Tra Vinh,VN,Asia/Ho_Chi_Minh,PHU
PHW,Phalaborwa Airport,Phalaborwa,ZA,Africa/Johannesburg,PHW
PHX,Phoenix Sky Harbor International Airport,Tempe Junction,US,America/Phoenix,PHX
PHY,Phetchabun,Lom Sak,TH,Asia/Bangkok,PHY
PHZ,Phi Phi Island,Thalang,TH,Asia/Bangkok,PHZ
PIA,Peoria International Airport,Bellevue,US,America/Chicago,PIA
PIB,Hattiesburg-Laurel Regional Airport,Rawls Springs,US,America/Chicago,LUL
PIC,Pine Cay,,TC,America/Grand_Turk,PIC
PID,Paradise Island,,BS,America/Nassau,NAS
PIE,St. Petersburg-Clearwater International Airport,South Highpoint,US,America/New_York,TPA
PIF,Pingtung,Pingtung,TW,Asia/Taipei,PIF
PIG,Pitinga,Pitanga,BR,America/Boa_Vista,PIG
PIH,Pocatello Regional Airport,Chubbuck,US,America/Boise,PIH
PII,Phillips Field,,US,America/Anchorage,FAI
PIK,Glasgow Prestwick Airport,Prestwick,GB,Europe/London,GLA
PIL,Pilar,Pilar,PY,America/Asuncion,PIL
PIM,Garden Harris County,Pine Mountain,US,America/New_York,PIM
PIN,Parintins,Parintins,BR,America/Manaus,PIN
PIO,Capitan FAP Renan Elias Olivera Airport,Pisco,PE,America/Lima,PIO
PIP,Pilot Point,,US,America/Anchorage,PIP
PIQ,Pipillipai,,GY,America/Guyana,PIQ
PIR,Pierre Regional Airport,Pierre,US,America/Chicago,PIR
PIS,Poitiers-Biard Airport,Biard,FR,Europe/Paris,PIS
PIT,Pittsburgh International Airport,Carnot-Moon,US,America/New_York,PIT
PIU,Cap. FAP Guillermo Concha Iberico International Airport,Piura,PE,America/Lima,PIU
PIV,Pirapora,Pirapora,BR,America/Sao_Paulo,PIV
PIW,Pikwitonei,,CA,America/Winnipeg,PIW
PIX,Pico Island Airport,,PT,Atlantic/Azores,PIX
PIZ,Dew Station Airport,,US,America/Anchorage,PIZ
PJA,Pajala Airport,Pajala,SE,Europe/Stockholm,PJA
PJB,Payson,Payson,US,America/Phoenix,PJB
PJC,Pedro Juan Caballero,,PY,America/Asuncion,PJC
PJG,Panjgur,Panjgur,PK,Asia/Karachi,PJG
PJM,Puerto Jimenez,Golfito,CR,America/Costa_Rica,PJM
PJS,Port San Juan,,US,America/Anchorage,PJS
PJZ,Puerto Juarez,Cancun,MX,America/Cancun,PJZ
PKA,Napaskiak Sea Plane Base,,US,America/Anchorage,PKA
PKB,Wood County Airport,Reno,US,America/New_York,PKB
PKC,Petropavlovsk-Kamchatsky Airport,Petropavlovsk-Kamchatsky,RU,Asia/Kamchatka,PKC
PKD,Park Rapids,Park Rapids,US,America/Chicago,PKD
PKE,Parkes Airport,Parkes,AU,Australia/Sydney,PKE
PKF,Park Falls,Park Falls,US,America/Chicago,PKF
PKG,Pangkor Airport,,MY,Asia/Kuala_Lumpur,PKG
PKH,Alexion,Porto Cheli,GR,Europe/Athens,PKH
PKJ,Playa Grande,Chicaman,GT,America/Guatemala,PKJ
PKK,Pakokku,Pakokku,MM,Asia/Rangoon,PKK
PKL,Pakatoa Island,,NZ,Pacific/Auckland,PKL
PKM,Port Kaituma,,GY,America/Guyana,PKM
PKN,Iskandar Airport,Pangkalanbuun,ID,Asia/Pontianak,PKN
PKO,Parakou,Parakou,BJ,Africa/Porto-Novo,PKO
PKP,Puka Puka,,PF,Pacific/Tahiti,PKP
PKR,Pokhara Airport,Pokhara,NP,Asia/Kathmandu,PKR
PKS,Paksane,Muang Pakxan,LA,Asia/Vientiane,PKS
PKT,Port Keats,,AU,Australia/Darwin,PKT
PKU,Sultan Syarif Kasim II International Airport,,ID,Asia/Jakarta,PKU
PKV,Pskov Airport,Pskov,RU,Europe/Moscow,PKV
PKW,Selebi-Phikwe,Selebi-Phikwe,BW,Africa/Gaborone,PKW
PKX,Beijing Daxing International Airport,Lixian,CN,Asia/Shanghai,BJS
PKY,Tjilik Riwut Airport,Palangkaraya,ID,Asia/Pontianak,PKY
PKZ,Pakse Airport,Pakxe,LA,Asia/Vientiane,PKZ
PLA,Planadas,Planadas,CO,America/Bogota,PLA
PLC,Planeta Rica,Planeta Rica,CO,America/Bogota,PLC
PLD,Playa Samara,Nicoya,CR,America/Costa_Rica,PLD
PLE,Paiela,,PG,Pacific/Port_Moresby,PLE
PLF,Pala,Pala,TD,Africa/Ndjamena,PLF
PLH,Plymouth,Plympton,GB,Europe/London,PLH
PLI,Palm Island,Hillsborough,VC,America/St_Vincent,PLI
PLJ,Placencia,,BZ,America/Belize,PLJ
PLK,M. Graham Clark - Taney County,Branson,US,America/Chicago,PLK
PLL,Ponta Pelada,Manaus,BR,America/Manaus,PLL
PLM,Sultan Mahmud Badaruddin II Airport,Talangbetutu,ID,Asia/Jakarta,PLM
PLN,Emmet County Airport,Indian River,US,America/Detroit,PLN
PLO,Port Lincoln Airport,Port Lincoln,AU,Australia/Adelaide,PLO
PLP,La Palma,Seteganti,PA,America/Panama,PLP
PLQ,Palanga International Airport,Palanga,LT,Europe/Vilnius,PLQ
PLR,St Clair County,Pell City,US,America/Chicago,PLR
PLS,Providenciales International Airport,Abraham's Bay,TC,America/Grand_Turk,PLS
PLT,Plato,Plato,CO,America/Bogota,PLT
PLU,Belo Horizonte Airport,Santa Luzia,BR,America/Sao_Paulo,BHZ
PLV,Poltava,Poltava,UA,Europe/Kiev,PLV
PLW,Mutiara Airport,Palu,ID,Asia/Makassar,PLW
PLX,Semipalatinsk Airport,Semey,KZ,Asia/Almaty,PLX
PLY,Plymouth,Plymouth,US,America/Indiana/Indianapolis,PLY
PLZ,Port Elizabeth International Airport,Port Elizabeth,ZA,Africa/Johannesburg,PLZ
PMA,Wawi Airport,Chake Chake,TZ,Africa/Dar_es_Salaam,PMA
PMB,Intermediate,Morden,US,America/Chicago,PMB
PMC,El Tepual Airport,Puerto Montt,CL,America/Santiago,PMC
PMD,La Palmdale Regional Airport,Palmdale,US,America/Los_Angeles,PMD
PME,Portsmouth,Portsmouth,GB,Europe/London,PME
PMF,Parma Airport,Parma,IT,Europe/Rome,MIL
PMG,International,Ponta Pora,BR,America/Campo_Grande,PMG
PMH,Greater Portsmouth Regional,Portsmouth,US,America/New_York,PMH
PMI,Palma de Mallorca Airport,s'Arenal,ES,Europe/Madrid,PMI
PMK,Palm Island Airport,Ingham,AU,Australia/Brisbane,PMK
PML,AFS,,US,America/Anchorage,PML
PMM,Phanom Sarakham,Phanom Sarakham,TH,Asia/Bangkok,PMM
PMN,Pumani,,PG,Pacific/Port_Moresby,PMN
PMO,Falcone-Borsellino Airport,Cinisi,IT,Europe/Rome,PMO
PMP,Pimaga,Mendi,PG,Pacific/Port_Moresby,PMP
PMQ,Perito Moreno,Perito Moreno,AR,America/Argentina/Rio_Gallegos,PMQ
PMR,Palmerston North Airport,Palmerston North,NZ,Pacific/Auckland,PMR
PMS,Palmyra,Tadmur,SY,Asia/Damascus,PMS
PMT,Paramakotoi,Mahaica Village,GY,America/Guyana,PMT
PMU,SPB,,US,America/Anchorage,PMU
PMV,Santiago Marino International Airport,San Juan Bautista,VE,America/Caracas,PMV
PMW,Palmas Airport,,BR,America/Araguaina,PMW
PMX,Metropolitan,Palmer,US,America/New_York,PMX
PMY,El Tehuelche,Puerto Madryn,AR,America/Argentina/Catamarca,PMY
PMZ,Palmar Sur,Ciudad Cortes,CR,America/Costa_Rica,PMZ
PNA,Pamplona Airport,Beriain,ES,Europe/Madrid,PNA
PNB,Porto Nacional,Palmas,BR,America/Araguaina,PNB
PNC,Ponca City,Ponca City,US,America/Chicago,PNC
PND,Punta Gorda,Punta Gorda,BZ,America/Belize,PND
PNE,North Philadelphia,Cornwells Heights,US,America/New_York,PHL
PNF,Peterson's Point,,US,America/Anchorage,PNF
PNG,Paranagua,Paranagua,BR,America/Sao_Paulo,PNG
PNH,Phnom Penh International Airport,Phnom Penh,KH,Asia/Phnom_Penh,PNH
PNI,Pohnpei Airport,Kolonia Town,FM,Pacific/Pohnpei,PNI
PNJ,Peng Lai/Sha He Kou,Nanwang,CN,Asia/Shanghai,PNJ
PNK,Supadio International Airport,Pontianak,ID,Asia/Pontianak,PNK
PNL,Pantelleria Airport,Pantelleria,IT,Europe/Rome,PNL
PNN,Princeton,Calais,US,America/New_York,PNN
PNO,Pinotepa Nacional,Santiago Pinotepa Nacional,MX,America/Mexico_City,PNO
PNP,Girua Airport,,PG,Pacific/Port_Moresby,PNP
PNQ,Pune Airport,Lohogaon,IN,Asia/Kolkata,PNQ
PNR,Pointe Noire Airport,Pointe-Noire,CG,Africa/Brazzaville,PNR
PNS,Pensacola International Airport,Ferry Pass,US,America/Chicago,PNS
PNT,Teniente J. Gallardo,Puerto Natales,CL,America/Santiago,PNT
PNU,Panguitch,Panguitch,US,America/Denver,PNU
PNV,Panevezys,Panevezys,LT,Europe/Vilnius,PNV
PNX,Grayson County,Sherman,US,America/Chicago,PNX
PNY,Pondicherry,Auroville,IN,Asia/Kolkata,PNY
PNZ,Petrolina International Airport,Petrolina,BR,America/Recife,PNZ
POA,Salgado Filho International Airport,Porto Alegre,BR,America/Sao_Paulo,POA
POB,Pope AFB,Fayetteville,US,America/New_York,FAY
POC,Brackett Field,Glen Avon,US,America/Los_Angeles,POC
POD,Podor,Ndioum,SN,Africa/Dakar,POD
POE,Polk AAF,Fort Polk South,US,America/Chicago,POE
POF,Earl Fields Memorial,Poplar Bluff,US,America/Chicago,POF
POG,Port Gentil,Port-Gentil,GA,Africa/Libreville,POG
POH,Pocahontas Municipal,Pocahontas,US,America/Chicago,POH
POI,Potosi,Potosi,BO,America/La_Paz,POI
POJ,Patos De Minas,Patos de Minas,BR,America/Sao_Paulo,QPT
POL,Pemba Airport,Pemba,MZ,Africa/Maputo,POL
POM,Jacksons International Airport,,PG,Pacific/Port_Moresby,POM
PON,Poptun,Poptun,GT,America/Guatemala,PON
POO,Pocos De Caldas,Pocos de Caldas,BR,America/Sao_Paulo,POO
POP,La Union Airport,Puerto Plata,DO,America/Santo_Domingo,POP
POQ,Polk Inlet,,US,America/Anchorage,POQ
POR,Pori Airport,Pori,FI,Europe/Helsinki,POR
POS,Piarco International Airport,Arouca,TT,America/Port_of_Spain,POS
POT,Ken Jones,Hope Bay,JM,America/Jamaica,POT
POU,Dutchess County,Myers Corner,US,America/New_York,POU
POV,Presov,Presov,SK,Europe/Bratislava,POV
POW,Portoroz,Portoroz,SI,Europe/Ljubljana,POW
POX,Paris Cergy Pontoise,Pontoise,FR,Europe/Paris,PAR
POY,Powell,Powell,US,America/Denver,POY
POZ,Poznan Airport,Baranowo,PL,Europe/Warsaw,POZ
PPA,Perry Lefors Field,Pampa,US,America/Chicago,PPA
PPB,A. De Barros Airport,Alvares Machado,BR,America/Sao_Paulo,PPB
PPC,Prospect Creek,,US,America/Anchorage,PPC
PPD,Palmas Del Mar,Humacao,PR,America/Puerto_Rico,HUC
PPE,Puerto Penasco,Puerto Penasco,MX,America/Hermosillo,PPE
PPF,Tri-City,Cherryvale,US,America/Chicago,PPF
PPG,Pago Pago International Airport,Tafuna,AS,Pacific/Pago_Pago,PPG
PPH,Peraitepuy,,VE,America/Caracas,PPH
PPI,Port Pirie,Port Pirie,AU,Australia/Adelaide,PPI
PPJ,Pulau Panjang,Pulaukijang,ID,Asia/Jakarta,PPJ
PPK,Petropavlovsk Airport,Bishkul,KZ,Asia/Almaty,PPK
PPL,Phaplu,,NP,Asia/Kathmandu,PPL
PPM,Pompano Beach,Kendall Green,US,America/New_York,PPM
PPN,Guillermo Leon Valencia Airport,Popayan,CO,America/Bogota,PPN
PPO,Powell Point,,BS,America/Nassau,PPO
PPP,Whitsunday Coast Airport,,AU,Australia/Brisbane,PPP
PPQ,Paraparaumu Airport,Paraparaumu,NZ,Pacific/Auckland,PPQ
PPR,Pasir Pangarayan,Pasirpengarayan,ID,Asia/Jakarta,PPR
PPS,Puerto Princesa International Airport,Puerto Princesa,PH,Asia/Manila,PPS
PPT,Tahiti Faa'a Airport,Faaa,PF,Pacific/Tahiti,PPT
PPU,Papun,Sop Moei,MM,Asia/Rangoon,PPU
PPV,Port Protection,,US,America/Anchorage,PPV
PPW,Papa Westray Airport,,GB,Europe/London,PPW
PPX,Param,,PG,Pacific/Port_Moresby,PPX
PPY,Pouso Alegre,Pouso Alegre,BR,America/Sao_Paulo,PPY
PPZ,Puerto Paez,Puerto Carreno,VE,America/Caracas,PPZ
PQC,Phu Quoc Airport,Duong GJong,VN,Asia/Ho_Chi_Minh,PQC
PQD,Pasikudha SPB,Batticaloa,LK,Asia/Colombo,BTC
PQI,Presque Isle Municipal Airport,Presque Isle,US,America/New_York,PQI
PQM,Palenque,Palenque,MX,America/Mexico_City,PQM
PQQ,Port Macquarie Airport,,AU,Australia/Sydney,PQQ
PQS,Pilot Station Airport,,US,America/Anchorage,PQS
PQT,Qeqertaq Heliport,,GL,America/Godthab,PQT
PRA,General Justo Jose de Urquiza Airport,San Benito,AR,America/Argentina/Cordoba,PRA
PRB,Paso Robles,Paso Robles,US,America/Los_Angeles,PRB
PRC,Prescott Airport,Chino Valley,US,America/Phoenix,PRC
PRD,Pardoo,,AU,Australia/Perth,PRD
PRE,Pore,,CO,America/Bogota,PRE
PRF,Port Johnson,,US,America/Anchorage,PRF
PRG,Vaclav Havel Airport Prague,Hostivice,CZ,Europe/Prague,PRG
PRH,Phrae Airport,Phrae,TH,Asia/Bangkok,PRH
PRI,Praslin Island Airport,Victoria,SC,Indian/Mahe,PRI
PRJ,Capri,Capri,IT,Europe/Rome,PRJ
PRK,Prieska,Prieska,ZA,Africa/Johannesburg,PRK
PRL,Port Oceanic,Girdwood,US,America/Anchorage,PRL
PRM,Portimao Airport,Portimao,PT,Europe/Lisbon,PRM
PRN,Pristina International Airport,Glanica,XK,Europe/Belgrade,PRN
PRO,Perry Municipal,Perry,US,America/Chicago,PRO
PRP,Propriano,Propriano,FR,Europe/Paris,PRP
PRQ,Pres. Roque Saenz Pena,Napenay,AR,America/Argentina/Cordoba,PRQ
PRR,Paruima,,GY,America/Guyana,PRR
PRS,Parasi,,SB,Pacific/Guadalcanal,PRS
PRT,Coast Guard Heliport,,US,America/Anchorage,PRT
PRU,Prome,,MM,Asia/Rangoon,PRU
PRV,Prerov,Hnevotin,CZ,Europe/Prague,PRV
PRW,Prentice,Phillips,US,America/Chicago,PRW
PRX,Cox Field,Reno,US,America/Chicago,PRX
PRY,Wonderboom Airport,Pretoria,ZA,Africa/Johannesburg,PRY
PRZ,Prineville,Prineville,US,America/Los_Angeles,PRZ
PSA,Pisa International Airport,Pisa,IT,Europe/Rome,PSA
PSB,Bellefonte,Stormstown,US,America/New_York,PSB
PSC,Tri-Cities Airport,Pasco,US,America/Los_Angeles,PSC
PSD,Port Said,Port Said,EG,Africa/Cairo,PSD
PSE,Mercedita Airport,Aguilita,PR,America/Puerto_Rico,PSE
PSF,Pittsfield,Pittsfield,US,America/New_York,PSF
PSG,Petersburg Municipal Airport,,US,America/Anchorage,PSG
PSH,St Peter,Nebel,DE,Europe/Berlin,PSH
PSI,Pasni,Pasni,PK,Asia/Karachi,PSI
PSJ,Poso,Poso,ID,Asia/Makassar,PSJ
PSK,New River Valley,Dublin,US,America/New_York,PSK
PSL,Perth,Saline,GB,Europe/London,PSL
PSM,Pease Air Force Base,Dover,US,America/New_York,BOS
PSN,Palestine Municipalcipal Airport,Palestine,US,America/Chicago,PSN
PSO,Cano Airport,San Lorenzo,CO,America/Bogota,PSO
PSP,Palm Springs International Airport,Palm Springs,US,America/Los_Angeles,PSP
PSQ,SPB,Paulsboro,US,America/New_York,PHL
PSR,Abruzzo Airport,Sambuceto,IT,Europe/Rome,PSR
PSS,Posadas Airport,Posadas,AR,America/Argentina/Cordoba,PSS
PST,Preston,Banes,CU,America/Havana,PST
PSU,Putussibau Airport,Kapit,ID,Asia/Makassar,PSU
PSV,Papa Stour,,GB,Europe/London,PSV
PSW,Passos,Passos,BR,America/Sao_Paulo,PSW
PSX,Palacios,Palacios,US,America/Chicago,PSX
PSY,Port Stanley,,FK,Atlantic/Stanley,PSY
PSZ,Puerto Suarez,Corumba,BO,America/La_Paz,PSZ
PTA,Port Alsworth,Cordova,US,America/Anchorage,PTA
PTB,Dinwiddie County Airport,Petersburg,US,America/New_York,PTB
PTC,Port Alice,,US,America/Anchorage,PTC
PTD,Port Alexander,,US,America/Anchorage,PTD
PTF,Malololailai,,FJ,Pacific/Fiji,PTF
PTG,Polokwane Airport,Mankoeng,ZA,Africa/Johannesburg,PTG
PTH,Port Heiden,,US,America/Anchorage,PTH
PTI,Port Douglas,Port Douglas,AU,Australia/Brisbane,PTI
PTJ,Portland,Portland,AU,Australia/Melbourne,PTJ
PTK,Pontiac,Waterford,US,America/Detroit,PTK
PTL,Port Armstrong,,US,America/Anchorage,PTL
PTM,Palmarito,Maporal,VE,America/Caracas,PTM
PTN,Williams Memorial,Patterson,US,America/Chicago,PTN
PTO,Pato Branco,Pato Branco,BR,America/Sao_Paulo,PTO
PTP,Pointe-a-Pitre International Airport,Les Abymes,GP,America/Guadeloupe,PTP
PTQ,Porto de Moz,Porto de Moz,BR,America/Belem,PTQ
PTR,Pleasant Harbour,,US,America/Anchorage,PTR
PTS,Atkinson Municipal Airport,Frontenac,US,America/Chicago,PTS
PTT,Pratt,Pratt,US,America/Chicago,PTT
PTU,Platinum Airport,,US,America/Anchorage,PTU
PTV,Porterville,Porterville,US,America/Los_Angeles,PTV
PTW,Pottstown/Limerick,Pottstown,US,America/New_York,PTW
PTX,Pitalito,Pitalito,CO,America/Bogota,PTX
PTY,Tocumen International Airport,Tocumen,PA,America/Panama,PTY
PTZ,Pastaza,,EC,America/Guayaquil,PTZ
PUA,Puas,Puas Mission,PG,Pacific/Port_Moresby,PUA
PUB,Pueblo Memorial Airport,Pueblo,US,America/Denver,PUB
PUC,Carbon County,Price,US,America/Denver,PUC
PUD,Puerto Deseado,Puerto Deseado,AR,America/Argentina/Rio_Gallegos,PUD
PUE,Puerto Obaldia,Puerto Obaldia,PA,America/Panama,PUE
PUF,The Pau-Pyrenees International Airport,Uzein,FR,Europe/Paris,PUF
PUG,Port Augusta,Port Augusta,AU,Australia/Adelaide,PUG
PUH,Pochutla,San Pedro Pochutla,MX,America/Mexico_City,PUH
PUI,Pureni,,PG,Pacific/Port_Moresby,PUI
PUJ,Punta Cana International Airport,Punta Cana,DO,America/Santo_Domingo,PUJ
PUK,Pukarua,,PF,Pacific/Tahiti,PUK
PUL,Poulsbo,Poulsbo,US,America/Los_Angeles,PUL
PUM,Pomala,Kolaka,ID,Asia/Makassar,PUM
PUN,Punia,Kindu,CD,Africa/Lubumbashi,PUN
PUO,Prudhoe Bay,,US,America/Anchorage,PUO
PUP,Po,,BF,Africa/Ouagadougou,PUP
PUQ,Pres Ibanez Airport,,CL,America/Santiago,PUQ
PUR,Puerto Rico,,BO,America/La_Paz,PUR
PUS,Gimhae International Airport,Kimhae,KR,Asia/Seoul,PUS
PUT,Puttaprathe,Puttaparthi,IN,Asia/Kolkata,PUT
PUU,Puerto Asis Airport,,CO,America/Bogota,PUU
PUV,Poum,Poum,NC,Pacific/Noumea,PUV
PUW,Moscow Regional Airport,Pullman,US,America/Los_Angeles,PUW
PUX,Puerto Varas,Rio Bueno,CL,America/Santiago,PUX
PUY,Pula Airport,Galizana,HR,Europe/Zagreb,PUY
PUZ,Puerto Cabezas,Puerto Cabezas,NI,America/Managua,PUZ
PVA,Providencia,Mountain,CO,America/Bogota,PVA
PVC,Provincetown Airport,Provincetown,US,America/New_York,PVC
PVD,Theodore Francis Green Memorial State Airport,Warwick,US,America/New_York,PVD
PVE,El Porvenir,El Cope,PA,America/Panama,PVE
PVF,Placerville,Placerville,US,America/Los_Angeles,PVF
PVG,Shanghai Pudong International Airport,Laogang,CN,Asia/Shanghai,SHA
PVH,Porto Velho International Airport,Porto Velho,BR,America/Porto_Velho,PVH
PVI,Edu Chaves,Paranavai,BR,America/Sao_Paulo,PVI
PVK,Aktion Airport,Preveza,GR,Europe/Athens,PVK
PVL,Pike County Airport,Coal Run Village,US,America/New_York,PVL
PVO,Reales Tamarindos,Portoviejo,EC,America/Guayaquil,PVO
PVR,Gustavo Diaz Ordaz International Airport,Las Jarretaderas,MX,America/Mexico_City,PVR
PVS,Provideniya,Provideniya,RU,Asia/Anadyr,PVS
PVU,Provo Airport,Provo,US,America/Denver,PVU
PVW,Hale County,Plainview,US,America/Chicago,PVW
PVY,Pope Vanoy,,US,America/Anchorage,PVY
PVZ,Casement,Painesville,US,America/New_York,PVZ
PWA,Wiley Post,Oklahoma City,US,America/Chicago,OKC
PWD,Sherwood,Plentywood,US,America/Denver,PWD
PWE,Pevek Airport,Pevek,RU,Asia/Anadyr,PWE
PWI,Beles,Bure,ET,Africa/Addis_Ababa,PWI
PWK,Chicago Executive Airport,Wheeling,US,America/Chicago,CHI
PWL,Purwokerto,Tipar,ID,Asia/Jakarta,PWL
PWM,Portland International Jetport,South Portland Gardens,US,America/New_York,PWM
PWN,Pitts Town,Colonel Hill,BS,America/Nassau,PWN
PWO,Pweto,Kaputa,CD,Africa/Lubumbashi,PWO
PWQ,Pavlodar Airport,Pavlodar,KZ,Asia/Almaty,PWQ
PWR,Port Walter,,US,America/Anchorage,PWR
PWT,Bremerton,Belfair,US,America/Los_Angeles,PWT
PWY,Ralph Wenz Field,Pinedale,US,America/Denver,PWY
PXA,Atung Bungsu Airport,Kotaagung,ID,Asia/Jakarta,PXA
PXH,Prominent Hill,,AU,Australia/Adelaide,PXH
PXL,Polacca,First Mesa,US,America/Phoenix,PXL
PXM,Puerto Escondido Airport,Puerto Escondido,MX,America/Mexico_City,PXM
PXO,Porto Santo Airport,Vila de Porto Santo,PT,Atlantic/Madeira,PXO
PXR,Surin,Surin,TH,Asia/Bangkok,PXR
PXS,Puerto De Santa Maria,El Puerto de Santa Maria,ES,Europe/Madrid,PXS
PXU,Pleiku Airport,Pleiku,VN,Asia/Ho_Chi_Minh,PXU
PYA,Puerto Boyaca,Puerto Boyaca,CO,America/Bogota,PYA
PYB,Jeypore,Jaypur,IN,Asia/Kolkata,PYB
PYC,Playon Chico,Cacique,PA,America/Panama,PYC
PYE,Penrhyn Island,,CK,Pacific/Rarotonga,PYE
PYG,Gangtok-Pakyong Airport,Rangpo,IN,Asia/Kolkata,PYG
PYH,Puerto Ayacucho,Puerto Ayacucho,VE,America/Caracas,PYH
PYJ,Polyarnyj Airport,Udachny,RU,Asia/Yakutsk,PYJ
PYK,Payam,Karaj,IR,Asia/Tehran,PYK
PYL,Perry SPB,Perryville,US,America/Anchorage,PYL
PYM,Plymouth,North Plymouth,US,America/New_York,PYM
PYN,Payan,Payan,CO,America/Bogota,PYN
PYO,Putumayo,Puerto Asis,EC,America/Guayaquil,PYO
PYR,Andravida,Pyrgos,GR,Europe/Athens,PYR
PYS,Skypark,Paradise,US,America/Los_Angeles,PYS
PYV,Yaviza,Yaviza,PA,America/Panama,PYV
PYX,Pattaya,Phatthaya,TH,Asia/Bangkok,PYX
PYY,Pai Airport,Pai,TH,Asia/Bangkok,PYY
PZA,Casanare,,CO,America/Bogota,PZA
PZB,Pietermaritzburg Airport,Pietermaritzburg,ZA,Africa/Johannesburg,PZB
PZE,Penzance,Penzance,GB,Europe/London,PZE
PZH,Zhob,Zhob,PK,Asia/Karachi,PZH
PZI,Pan Zhi Hua Bao An Ying,Renhe,CN,Asia/Shanghai,PZI
PZK,Puka Puka Island,Faleasao,CK,Pacific/Rarotonga,PZK
PZL,Zulu Inyala,Hluhluwe,ZA,Africa/Johannesburg,PZL
PZO,Manuel Carlos Piar Guayana Airport,Ciudad Guayana,VE,America/Caracas,PZO
PZS,Temuco Maquehue Airport,,CL,America/Santiago,PZS
PZU,Port Sudan Airport,Port Sudan,SD,Africa/Khartoum,PZU
PZY,Piestany,Piestany,SK,Europe/Bratislava,PZY
QAQ,L'Aquila–Preturo Airport,Preturo,IT,Europe/Rome,QAQ
QBC,Bella Coola Airport,,CA,America/Vancouver,QBC
QCU,Heliport,,GL,America/Godthab,QCU
QCY,Coningsby RAF Station,Coningsby,GB,Europe/London,QCY
QDV,Comte. Rolim Adolfo Amaro State Airport,Jundiaí,BR,America/Sao_Paulo,JDE
QFI,Heliport,,GL,America/Godthab,QFI
QFK,Harbour,Selje,NO,Europe/Oslo,QFK
QFQ,Harbour,Maloy,NO,Europe/Oslo,QFQ
QGP,Garanhuns Airport,Garanhuns,BR,America/Recife,QGP
QGQ,Heliport,Sisimiut,GL,America/Godthab,QGQ
QGV,Neu Isenburg,Neu Isenburg,DE,Europe/Berlin,FRA
QHU,Husum,Schwesing,DE,Europe/Berlin,QHU
QIG,Dr. Francisco Tomé da Frota Airport,Iguatu,BR,America/Fortaleza,QIG
QJE,Heliport,,GL,America/Godthab,QJE
QJI,Heliport,,GL,America/Godthab,QJI
QKS,Keystone Airport,Elk Lick Township,US,America/Denver,QKS
QKU,Messe/Deutz Rail Station,Altstadt Nord,DE,Europe/Berlin,CGN
QLR,Leiria Gandara Airport,Leiria,PT,Europe/Lisbon,QLR
QLU,Lublin Radawiec Airport,Swidnik,PL,Europe/Warsaw,QLU
QLV,Leverkusen Mitte,Leverkusen,DE,Europe/Berlin,QLV
QMK,Heliport,,GL,America/Godthab,QMK
QMV,Montvale,Montvale,US,America/New_York,QMV
QNY,Marine Air Terminal,,US,America/New_York,NYC
QOR,Ordu,Silvan,TR,Asia/Istanbul,QOR
QOW,Sam Mbakwe International Airport,Ihuo,NG,Africa/Lagos,QOW
QPG,Paya Lebar,,SG,Asia/Singapore,SIN
QPW,Heliport,,GL,America/Godthab,QPW
QRA,Rand/Germiston,Boksburg,ZA,Africa/Johannesburg,JNB
QRO,Queretaro Intercontinental Airport,Santiago de Queretaro,MX,America/Mexico_City,QRO
QRW,Warri,Orerokpe,NG,Africa/Lagos,QRW
QRY,Heliport,Aasiaat,GL,America/Godthab,QRY
QSC,Sao Carlos,Ibate,BR,America/Sao_Paulo,QSC
QSF,Setif Airport,Ain Arnat,DZ,Africa/Algiers,QSF
QSG,Sonderborg,,DK,Europe/Copenhagen,SGD
QSR,Pontecagnano,Pratole,IT,Europe/Rome,QSR
QSZ,Shache Airport,Zepu,CN,Asia/Shanghai,QSZ
QUB,Ubari,Awbari,LY,Africa/Tripoli,QUB
QUG,Goodwood,Milland,GB,Europe/London,QUG
QUO,Akwa Ibom Airport,Esuk Oron,NG,Africa/Lagos,QUO
QUP,Heliport,,GL,America/Godthab,QUP
QUY,Wyton RAF Station,Hemingford Grey,GB,Europe/London,QUY
QWG,Wilgrove Air Park,Charlotte,US,America/New_York,CLT
QYW,Vieux Port,Cannes,FR,Europe/Paris,CEQ
QZD,Szeged,Szeged,HU,Europe/Budapest,QZD
RAA,Rakanda,,PG,Pacific/Port_Moresby,RAA
RAB,Tokua Airport,,PG,Pacific/Port_Moresby,RAB
RAC,John H. Batten Field,Sturtevant,US,America/Chicago,RAC
RAD,Road Town,Road Town,VG,America/Tortola,TOV
RAE,Arar Airport,'Ar'ar,SA,Asia/Riyadh,RAE
RAF,Rafaela,,AR,America/Argentina/Cordoba,RAF
RAG,Raglan,,NZ,Pacific/Auckland,RAG
RAH,Rafha Airport,As Salman,SA,Asia/Riyadh,RAH
RAI,Nelson Mandela International Airport,Praia,CV,Atlantic/Cape_Verde,RAI
RAJ,Civil Airport,Rajkot,IN,Asia/Kolkata,RAJ
RAK,Menara Airport,Marrakesh,MA,Africa/Casablanca,RAK
RAL,Riverside Municipalcipal,Pedley,US,America/Los_Angeles,RAL
RAM,Ramingining,Nhulunbuy,AU,Australia/Darwin,RAM
RAN,La Spreta,Classe,IT,Europe/Rome,RAN
RAO,Dr. Leite Lopes State Airport,Ribeirao Preto,BR,America/Sao_Paulo,RAO
RAP,Rapid City Regional Airport,Box Elder,US,America/Denver,RAP
RAQ,Sugimanuru,,ID,Asia/Makassar,RAQ
RAR,Rarotonga Airport,Avarua,CK,Pacific/Rarotonga,RAR
RAS,Rasht Airport,Rasht,IR,Asia/Tehran,RAS
RAT,Raduzhnyi,Raduzhny,RU,Asia/Yekaterinburg,RAT
RAV,Cravo Norte,Cravo Norte,CO,America/Bogota,RAV
RAW,Arawa,,PG,Pacific/Port_Moresby,RAW
RAX,Oram,,PG,Pacific/Port_Moresby,RAX
RAZ,Rawala Kot,Rawala Kot,PK,Asia/Karachi,RAZ
RBA,Sale Airport,Sale,MA,Africa/Casablanca,RBA
RBB,Borba,Borba,BR,America/Manaus,RBB
RBC,Robinvale,Ouyen,AU,Australia/Melbourne,RBC
RBD,Redbird,Duncanville,US,America/Chicago,DFW
RBE,Ratanakiri,Ban Lung,KH,Asia/Phnom_Penh,RBE
RBF,Big Bear City Airport,Big Bear City,US,America/Los_Angeles,RBF
RBG,Roseburg Municipal Airport,Roseburg,US,America/Los_Angeles,RBG
RBH,Brooks Lodge,,US,America/Anchorage,RBH
RBI,Rabi,Kekaha,FJ,Pacific/Fiji,RBI
RBJ,Rebun,,JP,Asia/Tokyo,RBJ
RBK,French Valley,Murrieta Hot Springs,US,America/Los_Angeles,RBK
RBL,Red Bluff Fss,Red Bluff,US,America/Los_Angeles,RBL
RBM,Wallmuhle,Atting,DE,Europe/Berlin,RBM
RBN,Fort Jefferson,Key West,US,America/New_York,RBN
RBO,Robore,Robore,BO,America/La_Paz,RBO
RBP,Rabaraba,,PG,Pacific/Port_Moresby,RBP
RBQ,Rurrenabaque,Rurrenabaque,BO,America/La_Paz,RBQ
RBR,Pres. Medici Airport,Rio Branco,BR,America/Rio_Branco,RBR
RBS,Orbost,Lakes Entrance,AU,Australia/Melbourne,RBS
RBT,Marsabit,Marsabit,KE,Africa/Nairobi,RBT
RBU,Roebourne,Roebourne,AU,Australia/Perth,RBU
RBV,Ramata,,SB,Pacific/Guadalcanal,RBV
RBW,Lowcountry Regional,Walterboro,US,America/New_York,RBW
RBX,Rumbek,Rumbek,SS,Africa/Juba,RBX
RBY,Ruby Airport,,US,America/Anchorage,RBY
RCA,Ellsworth AFB,Rapid City,US,America/Denver,RAP
RCB,Richards Bay Airport,Richards Bay,ZA,Africa/Johannesburg,RCB
RCE,Roche Harbor,,US,America/Los_Angeles,RCE
RCH,Riohacha Airport,Riohacha,CO,America/Bogota,RCH
RCK,Coffield,Rockdale,US,America/Chicago,RCK
RCL,Redcliffe,Scarborough,VU,Pacific/Efate,RCL
RCM,Richmond,,AU,Australia/Brisbane,RCM
RCN,American River,Kingscote,AU,Australia/Adelaide,RCN
RCO,Saint Agnant,Saint-Agnant,FR,Europe/Paris,RCO
RCP,Cinder River,,US,America/Anchorage,RCP
RCQ,Reconquista,Reconquista,AR,America/Argentina/Cordoba,RCQ
RCR,Fulton County,Rochester,US,America/Indiana/Indianapolis,RCR
RCS,Rochester,Rochester,GB,Europe/London,RCS
RCT,Miller Field,Reed City,US,America/Detroit,RCT
RCU,Rio Cuarto,Rio Cuarto,AR,America/Argentina/Cordoba,RCU
RCY,Rum Cay,,BS,America/Nassau,RCY
RDA,Rockhampton Downs,,AU,Australia/Darwin,RDA
RDB,Red Dog,,US,America/Anchorage,RDB
RDC,Redencao,,BR,America/Belem,RDC
RDD,Redding Municipal Airport,Anderson,US,America/Los_Angeles,RDD
RDE,Merdey,Merdey,ID,Asia/Jayapura,RDE
RDG,Municipalcipal/Spaatz Field,River View Park,US,America/New_York,RDG
RDL,Al Bardawil International Airport,El Hassana,EG,Africa/Cairo,RDL
RDM,Roberts Field Redmond Municipal Airport,Redmond,US,America/Los_Angeles,RDM
RDN,LTS Pulau Redang,,MY,Asia/Kuala_Lumpur,RDN
RDO,Radom Airport,Radom,PL,Europe/Warsaw,RDO
RDP,Kazi Nazrul Islam Airport,Bahula,IN,Asia/Kolkata,RDP
RDR,Grand Forks AFB,Moorhead,US,America/Chicago,RDR
RDS,Rincon de los Sauces,Anelo,AR,America/Argentina/Salta,RDS
RDT,Richard Toll,Richard-Toll,SN,Africa/Dakar,RDT
RDU,Raleigh-Durham International Airport,Morrisville,US,America/New_York,RDU
RDV,Red Devil,,US,America/Anchorage,RDV
RDZ,Marcillac Airport,Salles-la-Source,FR,Europe/Paris,RDZ
REA,Reao,,PF,Pacific/Tahiti,REA
REB,Rechlin,Rechlin,DE,Europe/Berlin,REB
REC,Guararapes-Gilberto Freyre International Airport,Recife,BR,America/Recife,REC
RED,Mifflin County,Church Hill,US,America/New_York,RED
REE,Reese AFB,Lubbock,US,America/Chicago,LBB
REG,Tito Menniti Airport,Reggio Calabria,IT,Europe/Rome,REG
REH,Rehoboth Beach,Rehoboth Beach,US,America/New_York,REH
REI,Regina,Roura,GF,America/Cayenne,REI
REL,Trelew Airport,Trelew,AR,America/Argentina/Catamarca,REL
REN,Orenburg Airport,Nezhinka,RU,Asia/Yekaterinburg,REN
REO,Rome State,Homedale,US,America/Los_Angeles,REO
REP,Siem Reap International Airport,Siem Reap,KH,Asia/Phnom_Penh,REP
REQ,Reko Diq,Requena,PK,Asia/Karachi,REQ
RER,Base Aerea Del Sur,Retalhuleu,GT,America/Guatemala,RER
RES,Resistencia Airport,Fontana,AR,America/Argentina/Cordoba,RES
RET,Stolport Airport,Rost,NO,Europe/Oslo,RET
REU,Reus Airport,Vila-seca,ES,Europe/Madrid,REU
REW,Rewa,Rewa,IN,Asia/Kolkata,REW
REX,Gen Lucio Blanco International Airport,Vamos Tamaulipas,MX,America/Matamoros,REX
REY,Reyes,Reyes,BO,America/La_Paz,REY
REZ,Resende,Resende,BR,America/Sao_Paulo,REZ
RFA,Rafai,Rafai,CF,Africa/Bangui,RFA
RFD,Chicago Rockford International Airport,Winnebago,US,America/Chicago,CHI
RFG,Rooke Field,,US,America/Chicago,RFG
RFK,Rollang Field,Rolling Fork,US,America/Chicago,RFK
RFN,Raufarhofn,,IS,Atlantic/Reykjavik,RFN
RFP,Raiatea Airport,Uturoa,PF,Pacific/Tahiti,RFP
RFR,Rio Frio,Roxana,CR,America/Costa_Rica,RFR
RFS,Rosita,Bonanza,NI,America/Managua,RFS
RGA,Rio Grande Airport,Rio Grande,AR,America/Argentina/Ushuaia,RGA
RGE,Porgera,,PG,Pacific/Port_Moresby,RGE
RGH,Balurghat,Balurghat,IN,Asia/Kolkata,RGH
RGI,Rangiroa Airport,,PF,Pacific/Tahiti,RGI
RGK,Gorno-Altaysk Airport,Aya,RU,Asia/Novokuznetsk,RGK
RGL,Rio Gallegos Internacional Airport,,AR,America/Argentina/Rio_Gallegos,RGL
RGN,Yangon International Airport,Yangon,MM,Asia/Rangoon,RGN
RGO,Orang,Hoemul-li,KP,Asia/Pyongyang,RGO
RGR,Ranger Municipalcipal,Ranger,US,America/Chicago,RGR
RGS,Burgos,Cardenajimeno,ES,Europe/Madrid,RGS
RGT,Japura,Rengat,ID,Asia/Jakarta,RGT
RHA,Reykholar,Borgarnes,IS,Atlantic/Reykjavik,RHA
RHD,Rio Hondo Airport,Termas de Rio Hondo,AR,America/Argentina/Cordoba,RHD
RHE,Reims,Betheny,FR,Europe/Paris,RHE
RHG,Ruhengeri,Musanze,RW,Africa/Kigali,RHG
RHI,Oneida County Airport,Rhinelander,US,America/Chicago,RHI
RHL,Roy Hill,,AU,Australia/Perth,RHL
RHN,Rosh Pina,Oranjemund,NA,Africa/Windhoek,RHN
RHO,Rhodes Airport,Kremasti,GR,Europe/Athens,RHO
RHP,Ramechhap,,NP,Asia/Kathmandu,RHP
RHR,Al Hamra SPB,,AE,Asia/Dubai,RHR
RHT,Alxa Right Banner,Ehen Hudag,CN,Asia/Chongqing,RHT
RHV,Reid-Hillview,,US,America/Los_Angeles,SJC
RIA,Santa Maria Airport,Santa Maria,BR,America/Sao_Paulo,RIA
RIB,Gen Buech Airport,Riberalta,BO,America/La_Paz,RIB
RIC,Richmond International Airport (Byrd Field),Fort Lee,US,America/New_York,RIC
RID,Richmond Municipalcipal Airport,Richmond,US,America/Indiana/Indianapolis,RID
RIE,Rice Lake,Rice Lake,US,America/Chicago,RIE
RIF,Reynolds,Richfield,US,America/Denver,RIF
RIG,Rio Grande,Rio Grande,BR,America/Sao_Paulo,RIG
RIH,Scarlett Martínez International Airport,Rio Hato,PA,America/Panama,RIH
RIJ,Rioja,Rioja,PE,America/Lima,RIJ
RIK,Carrillo,Samara,CR,America/Costa_Rica,RIK
RIL,Garfield County,Rifle,US,America/Denver,RIL
RIM,Rodriguez De Mendoza,Churuja,PE,America/Lima,RIM
RIN,Ringi Cove,,SB,Pacific/Guadalcanal,RIN
RIR,Riverside Fla-Bob,,US,America/Los_Angeles,RAL
RIS,Rishiri Airport,Rishiri Town,JP,Asia/Tokyo,RIS
RIT,Rio Tigre,Las Minas,PA,America/Panama,RIT
RIV,March ARB,Rubidoux,US,America/Los_Angeles,RAL
RIW,Riverton Airport,Riverton,US,America/Denver,RIW
RIX,Riga International Airport,Pinki,LV,Europe/Riga,RIX
RIY,Riyan Mukalla,Ghayl Ba Wazir,YE,Asia/Aden,RIY
RIZ,Rio Alzucar,El Espino de Santa Rosa,PA,America/Panama,RIZ
RJA,Rajahmundry Airport,Rajahmundry,IN,Asia/Kolkata,RJA
RJB,Rajbiraj,Rajbiraj,NP,Asia/Kathmandu,RJB
RJH,Rajshahi Airport,Rajshahi,BD,Asia/Dhaka,RJH
RJI,Rajouri,Rajaori,IN,Asia/Kolkata,RJI
RJK,Rijeka Airport,Omisalj,HR,Europe/Zagreb,RJK
RJL,Agoncillo Airport,Agoncillo,ES,Europe/Madrid,RJL
RJM,Marinda Airport,Saonek,ID,Asia/Jayapura,RJM
RJN,Rafsanjan,Rafsanjan,IR,Asia/Tehran,RJN
RKA,Aratika-Nord,,PF,Pacific/Tahiti,RKA
RKC,Yreka,Yreka,US,America/Los_Angeles,RKC
RKD,Knox County Regional Airport,South Thomaston,US,America/New_York,RKD
RKE,Roskilde Airport,Havdrup,DK,Europe/Copenhagen,CPH
RKH,Rock Hill,Rock Hill,US,America/New_York,RKH
RKI,Rokot,Sirukam,ID,Asia/Jakarta,RKI
RKO,Sipora,Kerang,ID,Asia/Jakarta,RKO
RKP,Aransas County,Rockport,US,America/Chicago,RKP
RKR,Robert S Kerr,Poteau,US,America/Chicago,RKR
RKS,Rock Springs-Sweetwater County Airport,Rock Springs,US,America/Denver,RKS
RKT,Ras Al Khaimah International Airport,Ras al-Khaimah,AE,Asia/Dubai,RKT
RKU,Kairuku,Port Moresby,PG,Pacific/Port_Moresby,RKU
RKV,Reykjavik International Airport,Kopavogur,IS,Atlantic/Reykjavik,REK
RKW,Rockwood Municipal Airport,Rockwood,US,America/New_York,RKW
RKY,Rokeby,,AU,Australia/Brisbane,RKY
RKZ,Peace,Car,CN,Asia/Shanghai,RKZ
RLA,National,,US,America/Chicago,RLA
RLD,Richland,Richland,US,America/Los_Angeles,RLD
RLG,Laage Airport,Laage,DE,Europe/Berlin,RLG
RLI,Reilly AHP,Anniston,US,America/Chicago,ANB
RLK,Bayannur Tianjitai Airport,Xamba,CN,Asia/Shanghai,RLK
RLO,Valle Del Conlara,Libertador General San Martin,AR,America/Argentina/San_Luis,RLO
RLP,Rosella Plains,,AU,Australia/Brisbane,RLP
RLR,Relais de la Reine,Ranohira,MG,Indian/Antananarivo,RLR
RLT,Arlit,Arlit,NE,Africa/Niamey,RLT
RLU,Bornite Upper,,US,America/Anchorage,RLU
RMA,Roma Airport,,AU,Australia/Brisbane,RMA
RMB,Buraimi,Al Buraymi,OM,Asia/Muscat,RMB
RMD,Ramagundam,Ramgundam,IN,Asia/Kolkata,RMD
RME,Griffiss AFB,Rome,US,America/New_York,RME
RMF,Marsa Alam International Airport,Marsa Alam,EG,Africa/Cairo,RMF
RMG,Richard B Russell,Shannon,US,America/New_York,RMG
RMI,Miramare Airport,Rivazzurra,IT,Europe/Rome,RMI
RMK,Renmark,Renmark West,AU,Australia/Adelaide,RMK
RML,Ratmalana,Galkissa,LK,Asia/Colombo,CMB
RMN,Rumginae,,PG,Pacific/Port_Moresby,RMN
RMP,Rampart,,US,America/Anchorage,RMP
RMQ,Taichung International Airport,Fengyuan,TW,Asia/Taipei,RMQ
RMS,Ramstein,Ramstein-Miesenbach,DE,Europe/Berlin,RMS
RMT,Rimatara,,PF,Pacific/Tahiti,RMT
RMU,Corvera International,Fuente-Alamo de Murcia,ES,Europe/Madrid,RMU
RMY,Mariposa-Yosemite,Marshall,US,America/Los_Angeles,RMY
RMZ,Tobolsk Remezov Airport,Tobolsk,RU,Asia/Yekaterinburg,RMZ
RNA,Ulawa Airport,,SB,Pacific/Guadalcanal,RNA
RNB,Kallinge Airport,,SE,Europe/Stockholm,RNB
RNC,Warren County,Woodbury,US,America/Chicago,RNC
RND,Randolph AFB,,US,America/Chicago,SAT
RNE,Renaison,Saint-Leger-sur-Roanne,FR,Europe/Paris,RNE
RNG,Rangely,Rangely,US,America/Denver,RNG
RNH,New Richmond Municipal Airport,New Richmond,US,America/Chicago,RNH
RNI,Corn Island,Corn Island,NI,America/Managua,RNI
RNJ,Yoron Airport,Nago,JP,Asia/Tokyo,RNJ
RNL,Rennell,Kirakira,SB,Pacific/Guadalcanal,RNL
RNM,Qarn Alam,Escondido,OM,Asia/Muscat,RNM
RNN,Bornholm Airport,Ronne,DK,Europe/Copenhagen,RNN
RNO,Reno/Tahoe International Airport,Sparks,US,America/Los_Angeles,RNO
RNP,Rongelap Island,Rongelap,MH,Pacific/Majuro,RNP
RNR,Robinson River,,PG,Pacific/Port_Moresby,RNR
RNS,Rennes Airport,Saint-Jacques-de-la-Lande,FR,Europe/Paris,RNS
RNT,Renton,Renton,US,America/Los_Angeles,RNT
RNU,Ranau,,MY,Asia/Kuching,RNU
RNZ,Rensselaer,Rensselaer,US,America/Chicago,RNZ
ROA,Roanoke-Blacksburg Regional Airport,Hollins,US,America/New_York,ROA
ROB,Roberts International Airport,Kakata,LR,Africa/Monrovia,MLW
ROC,Greater Rochester International Airport,,US,America/New_York,ROC
ROD,Robertson,Ashton,ZA,Africa/Johannesburg,ROD
ROF,Yreka Rohrer Field,,US,America/Los_Angeles,SIY
ROG,Rogers,Little Flock,US,America/Chicago,ROG
ROH,Robinhood,,AU,Australia/Brisbane,ROH
ROI,Roi Et Airport,Chiang Khwan,TH,Asia/Bangkok,ROI
ROK,Rockhampton Airport,West Rockhampton,AU,Australia/Brisbane,ROK
ROL,Roosevelt,Roosevelt,US,America/Denver,ROL
RON,Rondon,Puerto Rondon,CO,America/Bogota,RON
ROO,Rondonopolis Airport,Rondonopolis,BR,America/Cuiaba,ROO
ROP,Rota Airport,Yigo Village,MP,Pacific/Saipan,ROP
ROR,Airai Airport,Ngetkib,PW,Pacific/Palau,ROR
ROS,Fisherton Airport,Funes,AR,America/Argentina/Cordoba,ROS
ROT,Rotorua International Airport,Rotorua,NZ,Pacific/Auckland,ROT
ROU,Rousse,Ivanovo,BG,Europe/Sofia,ROU
ROV,Platov International Airport,Grushevskaya,RU,Europe/Moscow,ROV
ROW,Roswell International Air Center,Roswell,US,America/Denver,ROW
ROX,Roseau Municipal Airport,Roseau,US,America/Chicago,ROX
ROY,Rio Mayo,Rio Mayo,AR,America/Argentina/Catamarca,ROY
ROZ,US Naval Station,Mos,ES,Europe/Madrid,ROZ
RPA,Rolpa,Dhankuta,NP,Asia/Kathmandu,RPA
RPB,Roper Bar,,AU,Australia/Darwin,RPB
RPM,Ngukurr,,AU,Australia/Darwin,RPM
RPN,Rosh Pina,Rosh Pinna,IL,Asia/Jerusalem,RPN
RPR,Swami Vivekananda Airport,Bhatgaon,IN,Asia/Kolkata,RPR
RPU,San Fernando Airport,,PH,Asia/Manila,RPU
RPV,Roper Valley,,AU,Australia/Darwin,RPV
RPX,Roundup,Roundup,US,America/Denver,RPX
RQA,Ruoqiang Loulan Airport,Ruoqiang,CN,Asia/Shanghai,RQA
RQW,West,Ash Sharqat,IQ,Asia/Baghdad,RQW
RRA,Ronda,Ronda,ES,Europe/Madrid,RRA
RRE,Marree,,AU,Australia/Adelaide,RRE
RRG,Rodrigues Island Airport,Baie aux Huitres,MU,Indian/Mauritius,RRG
RRI,Barora,,SB,Pacific/Guadalcanal,RRI
RRJ,Jacarepaguá Airport,Rio de Janeiro,BR,America/Sao_Paulo,RRJ
RRK,Rourkela,Banposh,IN,Asia/Kolkata,RRK
RRL,Merrill Municipal Airport,Merrill,US,America/Chicago,RRL
RRM,Marromeu,,MZ,Africa/Maputo,RRM
RRN,Serra Norte,Vilhena,BR,America/Belem,RRN
RRO,Sorrento,Massa Lubrense,IT,Europe/Rome,RRO
RRR,Raroia,,PF,Pacific/Tahiti,RRR
RRS,Roros Airport,,NO,Europe/Oslo,RRS
RRT,Warroad,,US,America/Chicago,RRT
RRV,Robinson River,Alyangula,AU,Australia/Darwin,RRV
RSA,Santa Rosa Airport,Santa Rosa,AR,America/Argentina/Salta,RSA
RSB,Roseberth,,AU,Australia/Brisbane,RSB
RSD,South Eleuthera Airport,Governor's Harbour,BS,America/Nassau,RSD
RSE,Rose Bay,Castlecrag,AU,Australia/Sydney,SYD
RSG,Serra Pelada,Maraba,BR,America/Belem,RSG
RSH,Russian SPB,,US,America/Anchorage,RSH
RSI,Rio Sidra,Puerto Escondido,PA,America/Panama,RSI
RSJ,Rosario SPB,,US,America/Los_Angeles,RSJ
RSK,Ransiki,Ransiki,ID,Asia/Jayapura,RSK
RSL,Russell,Russell,US,America/Chicago,RSL
RSN,Ruston,Ruston,US,America/Chicago,RSN
RSP,Raspberry Strait,,US,America/Anchorage,RSP
RSS,Roseires,Ad-Damazin,SD,Africa/Khartoum,RSS
RST,Rochester International Airport,Stewartville,US,America/Chicago,RST
RSU,Yeosu Airport,,KR,Asia/Seoul,RSU
RSW,Southwest Florida International Airport,Gateway,US,America/New_York,FMY
RSX,Rouses Point,Rouses Point,US,America/New_York,RSX
RTA,Rotuma Island,Ahau,FJ,Pacific/Fiji,RTA
RTB,Roatan Airport,Coxen Hole,HN,America/Tegucigalpa,RTB
RTC,Ratnagiri,Ratnagiri,IN,Asia/Kolkata,RTC
RTD,Rotunda,Rotonda,US,America/New_York,RTD
RTE,Marguerite Bay,,US,America/Anchorage,RTE
RTG,Ruteng,Ruteng,ID,Asia/Makassar,RTG
RTI,Roti,Batutua Satu,ID,Asia/Makassar,RTI
RTL,Spirit Lake,Spirit Lake,US,America/Chicago,RTL
RTM,Rotterdam The Hague Airport,Delfshaven,NL,Europe/Amsterdam,RTM
RTN,Crews Field,Raton,US,America/Denver,RTN
RTP,Rutland Plains,,AU,Australia/Brisbane,RTP
RTS,Rottnest Island,Mosman Park,AU,Australia/Perth,RTS
RTW,Saratov Tsentralny Airport,Saratov,RU,Europe/Samara,RTW
RTY,Merty,The Sill,AU,Australia/Adelaide,RTY
RUA,Arua,Arua,UG,Africa/Kampala,RUA
RUD,Shahrud,Shahrud,IR,Asia/Tehran,RUD
RUE,Butembo,Russellville,CD,Africa/Lubumbashi,RUE
RUF,Yuruf,,ID,Asia/Jayapura,RUF
RUG,Rugao,Rucheng,CN,Asia/Shanghai,RUG
RUH,King Khaled International Airport,Riyadh,SA,Asia/Riyadh,RUH
RUI,Ruidoso Sierra Blanca Regional Airport,,US,America/Denver,RUI
RUK,Rukumkot,Salyan,NP,Asia/Kathmandu,RUK
RUL,Maavaarulaa Airport,Viligili,MV,Indian/Maldives,RUL
RUM,Rumjatar,Ramechhap,NP,Asia/Kathmandu,RUM
RUN,Reunion Roland Garros Airport,Sainte-Marie,RE,Indian/Reunion,RUN
RUP,Rupsi,Gauripur,IN,Asia/Kolkata,RUP
RUR,Rurutu,,PF,Pacific/Tahiti,RUR
RUS,Marau Sound,Auki,SB,Pacific/Guadalcanal,RUS
RUT,Rutland Airport,Rutland,US,America/New_York,RUT
RUU,Ruti,,PG,Pacific/Port_Moresby,RUU
RUV,Rubelsanto,Chisec,GT,America/Guatemala,RUV
RUY,Copan,San Buenaventura,HN,America/Tegucigalpa,RUY
RVA,Farafangana,Farafangana,MG,Indian/Antananarivo,RVA
RVC,Rivercess,Cestos City,LR,Africa/Monrovia,RVC
RVD,Rio Verde Airport,Santa Helena de Goias,BR,America/Sao_Paulo,RVD
RVE,Los Colonizadores,Municipio de Fortul,CO,America/Bogota,RVE
RVH,Rzhevka,Yanino Vtoroye,RU,Europe/Moscow,LED
RVI,Rostov Airport,Imeni Chkalova,RU,Europe/Moscow,ROV
RVK,Ryumsjoen Airport,Rorvik,NO,Europe/Oslo,RVK
RVN,Rovaniemi Airport,Rovaniemi,FI,Europe/Helsinki,RVN
RVO,Reivilo,Pampierstad,ZA,Africa/Johannesburg,RVO
RVR,Green River,East Carbon City,US,America/Denver,RVR
RVS,R.Lloyd Jones,Tulsa,US,America/Chicago,TUL
RVT,Ravensthorpe,Ravensthorpe,AU,Australia/Perth,RVT
RVV,Raivavae,,PF,Pacific/Tahiti,RVV
RVY,Rivera,Santana do Livramento,UY,America/Montevideo,RVY
RWB,Rowan Bay,,US,America/Anchorage,RWB
RWF,Redwood Falls Municipal,Redwood Falls,US,America/Chicago,RWF
RWI,Rocky Mount-wilson,Elm City,US,America/New_York,RWI
RWL,Rawlins,Rawlins,US,America/Denver,RWL
RWN,Rovno,Tynne,UA,Europe/Kiev,RWN
RWS,Sumare,Paulinia,BR,America/Sao_Paulo,RWS
RXA,Raudha,,YE,Asia/Aden,RXA
RXE,Madison County,Rexburg,US,America/Boise,RXE
RXS,Roxas City Airport,Roxas City,PH,Asia/Manila,RXS
RYB,Rybinsk,Rybinsk,RU,Europe/Moscow,RYB
RYG,Moss Airport,Rygge,NO,Europe/Oslo,OSL
RYK,Rahim Yar Khan Airport,Sadiqabad,PK,Asia/Karachi,RYK
RYL,Royal Airport,Chirundu,ZM,Africa/Lusaka,RYL
RYN,Medis,Royan,FR,Europe/Paris,RYN
RYO,Rio Turbio,28 de Noviembre,AR,America/Argentina/Rio_Gallegos,RYO
RZA,Santa Cruz,Puerto Santa Cruz,AR,America/Argentina/Rio_Gallegos,RZA
RZE,Rzeszow International Airport,Trzebownisko,PL,Europe/Warsaw,RZE
RZH,Preobrazheniye,Preobrazheniye,RU,Asia/Vladivostok,RZH
RZN,Ryazan,Ryazan',RU,Europe/Moscow,RZN
RZP,CLR Airport,Taytay,PH,Asia/Manila,RZP
RZR,Ramsar,Ramsar,IR,Asia/Tehran,RZR
RZS,Sawan,Bozdar,PK,Asia/Karachi,RZS
RZV,Rize–Artvin Airport,,TR,Europe/Istanbul,RZV
RZZ,Halifax County,Roanoke Rapids,US,America/New_York,RZZ
SAA,Shively Field,Saratoga,US,America/Denver,SAA
SAB,J. Yrausquin Airport,Upper Hell's Gate,BQ,America/Kralendijk,SAB
SAC,Sacramento Executive Airport,Bay Point,US,America/Los_Angeles,SAC
SAD,Safford,Safford,US,America/Phoenix,SAD
SAE,Sangir,Kambu,ID,Asia/Makassar,SAE
SAF,Santa Fe,La Cienega,US,America/Denver,SAF
SAG,Shirdi,Shirdi,IN,Asia/Colombo,SAG
SAH,Sana'a International Airport,Ar Rawdah,YE,Asia/Aden,SAH
SAK,Saudarkrokur,Saudarkrokur,IS,Atlantic/Reykjavik,SAK
SAL,El Salvador International Airport,El Rosario,SV,America/El_Salvador,SAL
SAM,Salamo,,PG,Pacific/Port_Moresby,SAM
SAN,San Diego International Airport,San Diego,US,America/Los_Angeles,SAN
SAP,Ramon Villeda Morales International Airport,La Lima,HN,America/Tegucigalpa,SAP
SAQ,San Andros,San Andros,BS,America/Nassau,SAQ
SAR,Sparta Community,Sparta,US,America/Chicago,SAR
SAS,Salton City,Salton City,US,America/Los_Angeles,SAS
SAT,San Antonio International Airport,Alamo Heights,US,America/Chicago,SAT
SAU,Sawu,Nahura,ID,Asia/Makassar,SAU
SAV,Savannah/Hilton Head Airport,Pooler,US,America/New_York,SAV
SAW,Sabiha Gokcen International Airport,Pendik,TR,Europe/Istanbul,IST
SAX,Sambu,Bayamon,PA,America/Panama,SAX
SAY,Siena,Rosia,IT,Europe/Rome,SAY
SAZ,Sasstown,Barclayville,LR,Africa/Monrovia,SAZ
SBA,Santa Barbara Municipal Airport,Goleta,US,America/Los_Angeles,SBA
SBB,Santa Barbara Ba,Santa Barbara,VE,America/Caracas,SBB
SBC,Selbang,,PG,Pacific/Port_Moresby,SBC
SBD,Norton AFB,Highland,US,America/Whitehorse,SBD
SBE,Suabi,,PG,Pacific/Port_Moresby,SBE
SBF,Sardeh Band,Ghazni,AF,Asia/Kabul,SBF
SBG,Maimun Saleh,Lambaro,ID,Asia/Jakarta,SBG
SBH,St. Barthelemy Airport,Gustavia,GP,America/St_Barthelemy,SBH
SBI,Sambailo,Koundara,GN,Africa/Conakry,SBI
SBJ,Sao Mateus,Conceicao da Barra,BR,America/Sao_Paulo,SBJ
SBK,Saint Brieuc-Armor,Ploufragan,FR,Europe/Paris,SBK
SBL,Yacuma,,BO,America/La_Paz,SBL
SBM,Memorial,Sheboygan Falls,US,America/Chicago,SBM
SBN,South Bend Regional,South Bend,US,America/Indiana/Indianapolis,SBN
SBO,Salina,Salina,US,America/Denver,SBO
SBP,San Luis County Regional Airport,San Luis Obispo,US,America/Los_Angeles,CSL
SBQ,Sibi,Sibi,PK,Asia/Karachi,SBQ
SBR,Saibai Island,,AU,Australia/Brisbane,SBR
SBS,Steamboat Springs,Steamboat Springs,US,America/Denver,SBS
SBT,Sabetta,,RU,Asia/Dushanbe,SBT
SBU,Springbok,Springbok,ZA,Africa/Johannesburg,SBU
SBV,Sabah,Buka,PG,Pacific/Port_Moresby,SBV
SBW,Sibu Airport,Sibu,MY,Asia/Kuching,SBW
SBX,Shelby,Shelby,US,America/Denver,SBX
SBY,Wicomico Regional Airport,Salisbury,US,America/New_York,SBY
SBZ,Sibiu Airport,Sura Mica,RO,Europe/Bucharest,SBZ
SCA,Santa Catalina,Santa Catalina,CO,America/Bogota,SCA
SCB,State,West Point,US,America/Chicago,SCB
SCC,Prudhoe Bay/Deadhorse Airport,,US,America/Anchorage,SCC
SCD,Sulaco,Sulaco,HN,America/Tegucigalpa,SCD
SCE,University Park Airport,Houserville,US,America/New_York,SCE
SCF,Scottsdale Airport,Paradise Valley,US,America/Phoenix,PHX
SCG,Spring Creek,,AU,Australia/Brisbane,SCG
SCH,Schenectady County,,US,America/New_York,SCH
SCI,San Cristobal,San Cristobal,VE,America/Caracas,SCI
SCJ,Smith Cove,,US,America/Anchorage,SCJ
SCK,Stockton Airport,French Camp,US,America/Los_Angeles,SAC
SCL,Arturo Merino Benitez Airport,,CL,America/Santiago,SCL
SCM,SPB,,US,America/Anchorage,SCM
SCN,Ensheim Airport,Sankt Ingbert,DE,Europe/Berlin,SCN
SCO,Aktau International Airport,Aktau,KZ,Asia/Aqtau,SCO
SCP,St Crepin,Brantome,FR,Europe/Paris,SCP
SCQ,Santiago De Compostela Airport,Oroso,ES,Europe/Madrid,SCQ
SCR,Scandinavian Mountains Airport,Innbygda,SE,Europe/Stockholm,SCR
SCS,Scatsta,Lerwick,GB,Europe/London,SDZ
SCT,Socotra,Hadibu,YE,Asia/Aden,SCT
SCU,Antonio Maceo Airport,Santiago de Cuba,CU,America/Havana,SCU
SCV,Suceava Airport,Plopeni,RO,Europe/Bucharest,SCV
SCW,Syktyvkar Airport,Syktyvkar,RU,Europe/Moscow,SCW
SCX,Salina Cruz,Salina Cruz,MX,America/Mexico_City,SCX
SCY,San Cristobal Airport,Puerto Baquerizo Moreno,EC,Pacific/Galapagos,SCY
SCZ,Santa Cruz Island,Lata,SB,Pacific/Guadalcanal,SCZ
SDB,Langebaanweg,Saldanha,ZA,Africa/Johannesburg,SDB
SDC,Sandcreek,Lethem,GY,America/Guyana,SDC
SDD,Lubango Airport,Lubango,AO,Africa/Luanda,SDD
SDE,Santiago Del Estero Airport,Santiago del Estero,AR,America/Argentina/Cordoba,SDE
SDF,Louisville International Airport,Audubon Park,US,America/Kentucky/Louisville,SDF
SDG,Sanandaj Airport,Sanandaj,IR,Asia/Tehran,SDG
SDH,Santa Rosa Copan,Santa Rosa de Copan,HN,America/Tegucigalpa,SDH
SDI,Saidor,,PG,Pacific/Port_Moresby,SDI
SDJ,Sendai Airport,Iwanuma,JP,Asia/Tokyo,SDJ
SDK,Sandakan Airport,Taman Rajawali,MY,Asia/Kuching,SDK
SDL,Sundsvall-Timra Airport,Bergeforsen,SE,Europe/Stockholm,SDL
SDM,Brown Field Municipalcipal,,US,America/Los_Angeles,SAN
SDN,Sandane Airport,Sandane,NO,Europe/Oslo,SDN
SDO,Ryotsu Sado Island,,JP,Asia/Tokyo,SDO
SDP,Sand Point Municipal Airport,Sand Point,US,America/Anchorage,SDP
SDQ,Las Americas International Airport,Boca Chica,DO,America/Santo_Domingo,SDQ
SDR,Santander Airport,El Astillero,ES,Europe/Madrid,SDR
SDS,Sado Shima,Ryotsu-minato,JP,Asia/Tokyo,SDS
SDT,Saidu Sharif,Saidu Sharif,PK,Asia/Karachi,SDT
SDU,Santos Dumont Airport,Rio de Janeiro,BR,America/Sao_Paulo,RIO
SDV,Dov Hoz Airport,Tel Aviv,IL,Asia/Jerusalem,TLV
SDW,Sindhudurg Airport,Sindhudurg,IN,Asia/Kolkata,SDW
SDX,Sedona,Sedona,US,America/Phoenix,SDX
SDY,Richland Municipal Airport,Sidney,US,America/Denver,SDY
SDZ,Shetland Islands	Metropolitan Area,,GB,Europe/London,SDZ
SEA,Seattle-Tacoma International Airport,SeaTac,US,America/Los_Angeles,SEA
SEB,Sebha,Sabha,LY,Africa/Tripoli,SEB
SED,Min'hat Hashnayim,`En Boqeq,IL,Asia/Jerusalem,SED
SEE,Gillespie Field,Santee,US,America/Los_Angeles,SAN
SEF,Sebring Regional Airport,Sebring,US,America/New_York,SEF
SEG,Penn Valley,Hummels Wharf,US,America/New_York,SEG
SEH,Senggeh,Sengge,ID,Asia/Jayapura,SEH
SEI,Senhor Do Bonfim,Senhor do Bonfim,BR,America/Bahia,SEI
SEK,Srednekolymsk Airport,Srednekolymsk,RU,Asia/Srednekolymsk,SEK
SEM,Craig AFB,Selmont-West Selmont,US,America/Chicago,SES
SEN,London Southend Airport,Rochford,GB,Europe/London,LON
SEO,Seguela,Seguela,CI,Africa/Abidjan,SEO
SEP,Clark Field,Stephenville,US,America/Chicago,SEP
SEQ,Sungai Pakning,Buntok,ID,Asia/Jakarta,SEQ
SER,Freeman Municipalcipal,Seymour,US,America/Indiana/Indianapolis,SER
SES,Selfield,Centreville,US,America/Chicago,SES
SET,San Esteban,San Esteban,HN,America/Tegucigalpa,SET
SEU,Seronera Airstrip,Mugumu,TZ,Africa/Dar_es_Salaam,SEU
SEV,Severodoneck,Syevyerodonets'k,UA,Europe/Kiev,SEV
SEW,Siwa,Siwa Oasis,EG,Africa/Cairo,SEW
SEY,Selibaby,Selibabi,MR,Africa/Nouakchott,SEY
SEZ,Seychelles International Airport,Cascade,SC,Indian/Mahe,SEZ
SFA,Sfax El Maou Airport,Sfax,TN,Africa/Tunis,SFA
SFB,Orlando Sanford International Airport,Midway,US,America/New_York,ORL
SFC,St Francois,Saint-Francois,GP,America/Guadeloupe,SFC
SFD,Las Flecheras,San Fernando Apure,VE,America/Caracas,SFD
SFE,San Fernando,San Fernando,PH,Asia/Manila,SFE
SFF,Felts Field,,US,America/Los_Angeles,GEG
SFG,Esperance Airport,,MF,America/Marigot,SFG
SFH,San Felipe,San Felipe,MX,America/Santa_Isabel,SFH
SFJ,Kangerlussuaq Airport,Qasigiannguit,GL,America/Godthab,SFJ
SFK,Soure,Soure,BR,America/Belem,SFK
SFL,Sao Filipe,Sao Filipe,CV,Atlantic/Cape_Verde,SFL
SFM,Sanford,Sanford (historical),US,America/New_York,SFM
SFN,Santa Fe Airport,Santo Tome,AR,America/Argentina/Cordoba,SFN
SFO,San Francisco International Airport,Millbrae,US,America/Los_Angeles,SFO
SFP,Surfers Paradise,Cedar Vale,AU,Australia/Brisbane,SFP
SFQ,Sanliurfa,Sanliurfa,TR,Europe/Istanbul,GNY
SFR,San Fernando,San Fernando,US,America/Los_Angeles,SFR
SFS,Subic Bay International,Subic Bay Freeport Zone,PH,Asia/Manila,SFS
SFT,Skelleftea Airport,Soedra Bergsbyn,SE,Europe/Stockholm,SFT
SFU,Safia,,PG,Pacific/Port_Moresby,SFU
SFV,Santa Fe Do Sul,Iturama,BR,America/Sao_Paulo,SFV
SFW,Santa Fe,Canazas,PA,America/Panama,SFW
SFX,San Felix,Upata,VE,America/Caracas,SFX
SFY,Tri-Township Airport,Savanna,US,America/Chicago,SFY
SFZ,North Central,Smithfield,US,America/New_York,SFZ
SGA,Sheghnan,Rushon,AF,Asia/Kabul,SGA
SGB,Singaua,,PG,Pacific/Port_Moresby,SGB
SGC,Surgut Airport,Surgut,RU,Asia/Yekaterinburg,SGC
SGD,Sonderborg Airport,Sonderborg,DK,Europe/Copenhagen,SGD
SGE,Siegerland Airport,Siegen,DE,Europe/Berlin,SGE
SGF,Springfield-Branson National Airport,Willard,US,America/Chicago,SGF
SGG,Simanggang,,MY,Asia/Kuching,SGG
SGH,Springfield,Springfield,US,America/New_York,SGH
SGI,Sargodha Airport,Sargodha,PK,Asia/Karachi,SGI
SGJ,Sagarai,,PG,Pacific/Port_Moresby,SGJ
SGK,Sangapi,,PG,Pacific/Port_Moresby,SGK
SGL,Sangley Point NAS,Port Area,PH,Asia/Manila,MNL
SGM,San Ignacio,El Silencio,MX,America/Mazatlan,SGM
SGN,Tan Son Nhat International Airport,Quan Phu Nhuan,VN,Asia/Ho_Chi_Minh,SGN
SGO,St George,Roma,AU,Australia/Brisbane,SGO
SGP,Shay Gap,,AU,Australia/Perth,SGP
SGQ,Sanggata,Sangatta,ID,Asia/Makassar,SGQ
SGR,Sugar Land Regional,Southside Place,US,America/Chicago,SGR
SGS,Sanga Sanga,Latung,PH,Asia/Manila,SGS
SGT,Stuttgart Municipalcipal,Stuttgart,US,America/Chicago,SGT
SGU,Saint George Municipal Airport,Washington,US,America/Denver,SGU
SGV,Sierra Grande,Sierra Grande,AR,America/Argentina/Salta,SGV
SGW,Saginaw Bay,,US,America/Anchorage,SGW
SGX,Songea,Songea,TZ,Africa/Dar_es_Salaam,SGX
SGY,Skagway Municipal,Haines,US,America/Anchorage,SGY
SGZ,Songkhla,Songkhla,TH,Asia/Bangkok,SGZ
SHA,Shanghai Hongqiao International Airport,Jiangqiao,CN,Asia/Shanghai,SHA
SHB,Nakashibetsu Airport,Shibetsu,JP,Asia/Tokyo,SHB
SHC,Indaselassie,Maych'ew,ET,Africa/Addis_Ababa,SHC
SHD,Shenandoah Valley Airport,Weyers Cave,US,America/New_York,SHD
SHE,Shenyang Taoxian International Airport,Shenyang,CN,Asia/Shanghai,SHE
SHF,Shihezi Huayuan Airport,Ulan Us,CN,Asia/Shanghai,SHF
SHG,Shungnak Airport,Barrow,US,America/Anchorage,SHG
SHH,Shishmaref Airport,,US,America/Anchorage,SHH
SHI,Shimojishima,,JP,Asia/Tokyo,SHI
SHJ,Sharjah International Airport,,AE,Asia/Dubai,SHJ
SHK,Sehonghong,,LS,Africa/Maseru,SHK
SHL,Shillong Airport,Shillong,IN,Asia/Kolkata,SHL
SHM,Shirahama Airport,Tanabe,JP,Asia/Tokyo,SHM
SHN,Sanderson Field,Shelton,US,America/Los_Angeles,SHN
SHO,King Mswati III International Airport,,SZ,Africa/Mbabane,MTS
SHP,Qinhuangdao,Shanhaiguan,CN,Asia/Shanghai,SHP
SHQ,Southport,Main Beach,AU,Australia/Brisbane,SHQ
SHR,Sheridan,Sheridan,US,America/Denver,SHR
SHS,Shashi,Shashi,CN,Asia/Shanghai,SHS
SHT,Shepparton,Shepparton,AU,Australia/Melbourne,SHT
SHU,Smith Point,,AU,Australia/Darwin,SHU
SHV,Shreveport Regional Airport,Shreveport,US,America/Chicago,SHV
SHW,Sharurah Airport,Manwakh,SA,Asia/Riyadh,SHW
SHX,Shageluk Airport,,US,America/Anchorage,SHX
SHY,Shinyanga,Songwa,TZ,Africa/Dar_es_Salaam,SHY
SHZ,Seshutes,Teyateyaneng,LS,Africa/Maseru,SHZ
SIA,Xi'an Xiguan Airport,,CN,Asia/Shanghai,SIA
SIB,Sibiti,Sibiti,CG,Africa/Brazzaville,SIB
SIC,Sinop Airport,Sinop,PA,America/Panama,SIC
SID,Amilcar Cabral International Airport,Espargos,CV,Atlantic/Cape_Verde,SID
SIE,Sines,Sines,PT,Europe/Lisbon,SIE
SIF,Simara,Birganj,NP,Asia/Kathmandu,SIF
SIG,Isla Grande,San Juan,PR,America/Puerto_Rico,SJU
SIH,Silgadi Doti,Dipayal,NP,Asia/Kathmandu,SIH
SII,Sidi Ifni,Sidi Ifni,MA,Africa/Casablanca,SII
SIJ,Siglufjordur,Siglufjoerdur,IS,Atlantic/Reykjavik,SIJ
SIK,Memorial,Sikeston,US,America/Chicago,SIK
SIL,Sila,,PG,Pacific/Port_Moresby,SIL
SIM,Simbai,Rauna,PG,Pacific/Port_Moresby,SIM
SIN,Changi International Airport,Singapore,SG,Asia/Singapore,SIN
SIO,Smithton,Smithton,AU,Australia/Hobart,SIO
SIP,Simferopol International Airport,Rodnykove,KX,Europe/Simferopol,SIP
SIQ,Dabo,Dabo,ID,Asia/Jakarta,SIQ
SIR,Sion,Saviese,CH,Europe/Zurich,SIR
SIS,Sishen Airport,Kathu,ZA,Africa/Johannesburg,SIS
SIT,Sitka Airport,,US,America/Sitka,SIT
SIU,Siuna,Siuna,NI,America/Managua,SIU
SIV,County,Sullivan,US,America/Indiana/Indianapolis,SIV
SIW,Sibisa,Parapat,ID,Asia/Jakarta,SIW
SIX,Singleton,Singleton,AU,Australia/Sydney,SIX
SIY,Siskiyou County,Montague,US,America/Los_Angeles,SIY
SIZ,Sissano,,PG,Pacific/Port_Moresby,SIZ
SJA,San Juan,San Juan de Marcona,PE,America/Lima,SJA
SJB,San Joaquin,,BO,America/La_Paz,SJB
SJC,Norman Y. Mineta San Jose International Airport,Santa Clara,US,America/Los_Angeles,SJC
SJD,Los Cabos International Airport,Las Veredas,MX,America/Mazatlan,SJD
SJE,San Jose Del Gua,San Jose del Guaviare,CO,America/Bogota,SJE
SJF,St John Island,Cruz Bay,VI,America/St_Thomas,SJF
SJG,San Pedro Jagua,San Pedro,CO,America/Bogota,SJG
SJH,San Juan Del Cesar,San Juan del Cesar,CO,America/Bogota,SJH
SJI,San Jose,Babug,PH,Asia/Manila,SJI
SJJ,Sarajevo International Airport,Sarajevo,BA,Europe/Sarajevo,SJJ
SJK,Sao Jose Dos Campos,Santa Isabel,BR,America/Sao_Paulo,SJK
SJL,Da Cachoeira,Sao Gabriel da Cachoeira,BR,America/Manaus,SJL
SJM,San Juan,San Juan de la Maguana,DO,America/Santo_Domingo,SJM
SJN,St. Johns Industrial Air Park,Saint Johns,US,America/Phoenix,SJN
SJO,Juan Santamaria International Airport,Alajuela,CR,America/Costa_Rica,SJO
SJP,Sao Jose do Rio Preto Airport,Sao Jose do Rio Preto,BR,America/Sao_Paulo,SJP
SJQ,Sesheke,Sesheke,ZM,Africa/Lusaka,SJQ
SJR,San Juan D Ur,San Juan de Uraba,CO,America/Bogota,SJR
SJS,San Jose,San Pedro,BO,America/La_Paz,SJS
SJT,San Angelo Regional Airport,San Angelo,US,America/Chicago,SJT
SJU,Luis Munoz Marin International Airport,Carolina,PR,America/Puerto_Rico,SJU
SJV,San Javier,Ascension,BO,America/La_Paz,SJV
SJW,Shijiazhuang Daguocun Airport,,CN,Asia/Shanghai,SJW
SJX,Sartaneja,,BZ,America/Belize,SJX
SJY,Ilmajoki,Seinaejoki,FI,Europe/Helsinki,SJY
SJZ,Sao Jorge Island Airport,Sao Roque do Pico,PT,Atlantic/Azores,SJZ
SKA,Fairchild AFB,Spokane,US,America/Los_Angeles,GEG
SKB,Robert L. Bradshaw International Airport,Monkey Hill,KN,America/St_Kitts,SKB
SKC,Suki,Morehead,PG,Pacific/Port_Moresby,SKC
SKD,Samarkand Airport,Samarqand,UZ,Asia/Samarkand,SKD
SKE,Skien,Skien,NO,Europe/Oslo,SKE
SKF,Kelly AFB,,US,America/Chicago,SAT
SKG,Thessaloniki International Airport,Neo Rysi,GR,Europe/Athens,SKG
SKH,Surkhet,Besisahar,NP,Asia/Kathmandu,SKH
SKI,Skikda,Skikda,DZ,Africa/Algiers,SKI
SKJ,Sitkinak Cgs,,US,America/Anchorage,SKJ
SKK,Shaktoolik Airport,,US,America/Anchorage,SKK
SKL,Broadford,Isle of Skye,GB,Europe/London,SKL
SKM,Skeldon,,GY,America/Guyana,SKM
SKN,Stokmarknes Skagen Airport,Stokmarknes,NO,Europe/Oslo,SKN
SKO,Sokoto,Sokoto,NG,Africa/Lagos,SKO
SKP,Skopje Alexander the Great Airport,Petrovec,MK,Europe/Skopje,SKP
SKQ,Sekakes,Nako,LS,Africa/Maseru,SKQ
SKR,Shakiso,Kibre Mengist,ET,Africa/Addis_Ababa,SKR
SKS,Vojens,,DK,Europe/Copenhagen,SKS
SKT,Sialkot Airport,Sialkot,PK,Asia/Karachi,SKT
SKU,Skiros Airport,Skyros,GR,Europe/Athens,SKU
SKV,Mount Sinai,Saint Catherine,EG,Africa/Cairo,SKV
SKW,Intermediate,,US,America/Anchorage,SKW
SKX,Saransk Airport,Saransk,RU,Europe/Moscow,SKX
SKY,Griffing Sandusky,Port Clinton,US,America/New_York,SKY
SKZ,Sukkur Airport,Bagarji,PK,Asia/Karachi,SKZ
SLA,Martin Miguel de Guemes International Airport,Cerrillos,AR,America/Argentina/Salta,SLA
SLB,Storm Lake Municipal Airport,Storm Lake,US,America/Chicago,SLB
SLC,Salt Lake City International Airport,Salt Lake City,US,America/Denver,SLC
SLD,Sliac,Zvolen,SK,Europe/Bratislava,SLD
SLE,Mcnary Field,Keizer,US,America/Los_Angeles,SLE
SLF,Sulayel,,SA,Asia/Riyadh,SLF
SLG,Smith Field,Siloam Springs,US,America/Chicago,SLG
SLH,Sola,,VU,Pacific/Efate,SLH
SLI,Solwezi,Solwezi,ZM,Africa/Lusaka,SLI
SLJ,Stellar Air Park,Chandler,AU,Australia/Perth,SLJ
SLK,Adirondack Airport,Saranac Lake,US,America/New_York,SLK
SLL,Salalah International Airport,,OM,Asia/Muscat,SLL
SLM,Matacan Airport,Salamanca,ES,Europe/Madrid,SLM
SLN,Salina Regional Airport,Salina,US,America/Chicago,SLN
SLO,Leckrone,Salem,US,America/Chicago,SLO
SLP,San Luis Potosi Airport,Fraccion Milpillas,MX,America/Mexico_City,SLP
SLQ,Sleetmute,,US,America/Anchorage,SLQ
SLR,Sulphur Springs,Sulphur Springs,US,America/Chicago,SLR
SLS,Silistra,Silistra,BG,Europe/Sofia,SLS
SLT,Salida,Salida,US,America/Denver,SLT
SLU,George F. L. Charles Airport,Bisee,LC,America/St_Lucia,SLU
SLV,Simla,Shimla,IN,Asia/Kolkata,SLV
SLW,Plan de Guadalupe International Airport,Ramos Arizpe,MX,America/Monterrey,SLW
SLX,Salt Cay,,TC,America/Grand_Turk,SLX
SLY,Salekhard Airport,Salekhard,RU,Asia/Yekaterinburg,SLY
SLZ,Marechal Cunha Machado International Airport,Sao Luis,BR,America/Fortaleza,SLZ
SMA,Vila Do Porto Airport,Vila Franca do Campo,PT,Atlantic/Azores,SMA
SMB,Cerro Sombrero,Rio Gallegos,CL,America/Santiago,SMB
SMC,Santa Maria,,CO,America/Bogota,SMC
SMD,Smith Field,Fort Wayne,US,America/Indiana/Indianapolis,FWA
SME,Pulaski County,Somerset,US,America/New_York,SME
SMF,Sacramento International Airport,West Sacramento,US,America/Los_Angeles,SAC
SMG,Santa Maria,Quebrada Honda,PE,America/Lima,SMG
SMH,Sapmanga,,PG,Pacific/Port_Moresby,SMH
SMI,Samos Airport,Chora,GR,Europe/Athens,SMI
SMJ,Sim,,PG,Pacific/Port_Moresby,SMJ
SMK,St. Michael Airport,,US,America/Anchorage,SMK
SML,Estate Airstrip,Port Nelson,BS,America/Nassau,SML
SMM,Semporna,Semporna,MY,Asia/Kuching,SMM
SMN,Salmon,Salmon,US,America/Boise,SMN
SMO,Santa Monica,Santa Monica,US,America/Los_Angeles,SMO
SMP,Stockholm,,PG,Pacific/Port_Moresby,SMP
SMQ,H. Asan Airport,Semuda,ID,Asia/Pontianak,SMQ
SMR,Simon Bolivar International Airport,Cienaga,CO,America/Bogota,SMR
SMS,Sainte Marie,Ambodifotatra,MG,Indian/Antananarivo,SMS
SMT,Sun Moon Lake,Puli,TW,Asia/Taipei,SMT
SMU,Sheep Mountain,Sutton-Alpine,US,America/Anchorage,SMU
SMV,Samedan,Samedan,CH,Europe/Zurich,SMV
SMW,Smara,Smara,MA,Africa/Casablanca,SMW
SMX,Santa Maria Public Airport,Orcutt,US,America/Los_Angeles,SMX
SMY,Simenti,Youkounkoun,SN,Africa/Dakar,SMY
SMZ,Stoelmans Eiland,Grand-Santi,SR,America/Paramaribo,SMZ
SNA,John Wayne Airport,Irvine,US,America/Los_Angeles,SNA
SNB,Snake Bay,Leanyer,AU,Australia/Darwin,SNB
SNC,General Ulpiano Paez Airport,Salinas,EC,America/Guayaquil,SNC
SND,Seno,Wan Yai,LA,Asia/Vientiane,SND
SNE,Preguica,Vila da Ribeira Brava,CV,Atlantic/Cape_Verde,SNE
SNF,San Felipe,Boraure,VE,America/Caracas,SNF
SNG,San Ignacio De Velasco,San Ignacio de Velasco,BO,America/La_Paz,SNG
SNH,Stanthorpe,Stanthorpe,AU,Australia/Brisbane,SNH
SNI,R.E. Murray,Greenville,LR,Africa/Monrovia,SNI
SNJ,San Julian,Guane,CU,America/Havana,SNJ
SNK,Winston Field,Snyder,US,America/Chicago,SNK
SNL,Shawnee Municipal,Shawnee,US,America/Chicago,SNL
SNM,San Ignacio De M,,BO,America/La_Paz,SNM
SNN,Shannon Airport,Shannon,IE,Europe/Dublin,SNN
SNO,Sakon Nakhon Airport,Sakon Nakhon,TH,Asia/Bangkok,SNO
SNP,Saint Paul Island Airport,,US,America/Anchorage,SNP
SNQ,San Quintin,Pueblo Benito Garcia,MX,America/Santa_Isabel,SNQ
SNR,Montoir Airport,Saint-Nazaire,FR,Europe/Paris,SNR
SNS,Salinas,Salinas,US,America/Los_Angeles,SNS
SNT,Sabana De Torres,Cachira,CO,America/Bogota,SNT
SNU,Santa Clara Airport,Santa Clara,CU,America/Havana,SNU
SNV,Santa Elena,,VE,America/Caracas,SNV
SNW,Thandwe Airport,Pyay,MM,Asia/Rangoon,SNW
SNX,Sabana De Mar,Sabana de La Mar,DO,America/Santo_Domingo,SNX
SNY,Sidney,Sidney,US,America/Denver,SNY
SNZ,Santa Cruz,Santa Cruz,BR,America/Fortaleza,SNZ
SOA,Soc Trang,Huynh Huu Nghia,VN,Asia/Ho_Chi_Minh,SOA
SOB,Sármellék/Balaton,Keszthely,HU,Europe/Budapest,SOB
SOC,Adi Sumarmo International Airport,Colomadu,ID,Asia/Jakarta,SOC
SOD,Sorocaba,Sorocaba,BR,America/Sao_Paulo,SOD
SOE,Souanke,Sembe,CG,Africa/Brazzaville,SOE
SOF,Sofia Airport,Sofia,BG,Europe/Sofia,SOF
SOG,Sogndal Airport,Sogndalsfjora,NO,Europe/Oslo,SOG
SOH,Solita,,CO,America/Bogota,SOH
SOI,South Molle Island,,AU,Australia/Brisbane,SOI
SOJ,Sorkjosen Airport,Storslett,NO,Europe/Oslo,SOJ
SOK,Semongkong,Thaba-Tseka,LS,Africa/Maseru,SOK
SOL,Solomon,,US,America/Anchorage,SOL
SOM,Edmundo Barrios,San Jose de Guanipa,VE,America/Caracas,SOM
SON,Santo Pekoa International Airport,Luganville,VU,Pacific/Efate,SON
SOO,Helsinge Airport,Soderhamn,SE,Europe/Stockholm,SOO
SOP,Pinehurst-S. Pines,Whispering Pines,US,America/New_York,SOP
SOQ,Sorong Airport,Sorong,ID,Asia/Jayapura,SOQ
SOR,Al Thaurah,Subaykhan,SY,Asia/Damascus,SOR
SOT,Sodankyla,Sodankylae,FI,Europe/Helsinki,SOT
SOU,Southampton Airport,Eastleigh,GB,Europe/London,SOU
SOV,Seldovia,Homer,US,America/Anchorage,SOV
SOW,Show Low Airport,Show Low,US,America/Phoenix,SOW
SOX,Alberto Lleras Camargo,Sogamoso,CO,America/Bogota,SOX
SOY,Stronsay Airport,,GB,Europe/London,SOY
SOZ,Solenzara,Sari-Solenzara,FR,Europe/Paris,SOZ
SPA,Spartanburg Downtown Memorial,Spartanburg,US,America/New_York,SPA
SPB,SPB,,VI,America/St_Thomas,STT
SPC,La Palma Airport,Mazo,ES,Atlantic/Canary,SPC
SPD,Saidpur Airport,Saidpur,BD,Asia/Dhaka,SPD
SPE,Sepulot,Keningau,MY,Asia/Kuching,SPE
SPF,Black Hills,Spearfish,US,America/Denver,SPF
SPG,Whitted,Saint Petersburg,US,America/New_York,SPG
SPH,Sopu,,PG,Pacific/Port_Moresby,SPH
SPI,Capital Airport,Springfield,US,America/Chicago,SPI
SPJ,Eleftherios Venizelos,Krokeai,GR,Europe/Athens,SPJ
SPK,Sapporo	Metropolitan Area,Sapporo,JP,Asia/Tokyo,SPK
SPM,Spangdahlem,Pantenburg,DE,Europe/Berlin,SPM
SPN,Saipan International Airport,Saipan,MP,Pacific/Saipan,SPN
SPO,San Pablo,Mairena del Alcor,ES,Europe/Madrid,SPO
SPP,Menongue,Menongue,AO,Africa/Luanda,SPP
SPQ,Catalina SPB,San Pedro,US,America/Los_Angeles,SPQ
SPR,San Pedro,San Pedro,BZ,America/Belize,SPR
SPS,Sheppard AFB,Wichita Falls,US,America/Chicago,SPS
SPT,Sipitang,Beaufort,MY,Asia/Kuching,SPT
SPU,Split Airport,Trogir,HR,Europe/Zagreb,SPU
SPV,Sepik Plains,,PG,Pacific/Port_Moresby,SPV
SPW,Spencer Municipal,Spencer,US,America/Chicago,SPW
SPX,Houston Gulf Airport,West University Place,US,America/Chicago,HOU
SPY,San Pedro,San-Pedro,CI,Africa/Abidjan,SPY
SPZ,Springdale Municipal,Springdale,US,America/Chicago,SPZ
SQA,Santa Ynez,Topanga,US,America/Los_Angeles,SQA
SQB,Santa Ana,Talaigua Viejo,CO,America/Bogota,SQB
SQC,Southern Cross,,AU,Australia/Perth,SQC
SQD,Shangrao Sanqingshan Airport,Xuri,CN,Asia/Shanghai,SQD
SQE,San Luis De Pale,San Luis,CO,America/Bogota,SQE
SQF,Solano,,CO,America/Bogota,SQF
SQG,Sorong Airport,Simanggang,ID,Asia/Makassar,SQG
SQH,Na-San,Thi Tran Hat Lot,VN,Asia/Ho_Chi_Minh,SQH
SQI,Whiteside County,Rock Falls,US,America/Chicago,SQI
SQJ,Sanming Shaxian Airport,Langkou,CN,Asia/Shanghai,SQJ
SQK,Sidi Barani,Bardiyah,EG,Africa/Cairo,SQK
SQL,San Carlos,Redwood City,US,America/Los_Angeles,SQL
SQM,São Miguel de Aragao,Sao Miguel do Araguaia,BR,America/Sao_Paulo,SQM
SQN,Sanana,Sanana,ID,Asia/Jayapura,SQN
SQO,Gunnarn,Soderfors,SE,Europe/Stockholm,SQO
SQQ,Siauliai International Airport,Siauliai,LT,Europe/Vilnius,SQQ
SQR,Inco Soroako Waws,Kendari,ID,Asia/Makassar,SQR
SQS,Matthew Spain,San Ignacio,BZ,America/Belize,SQS
SQT,China Straits Airstrip,,PG,Pacific/Port_Moresby,SQT
SQU,Saposoa,Saposoa,PE,America/Lima,SQU
SQV,Sequim Valley Airport,Sequim,US,America/Los_Angeles,SQV
SQW,Skive Airport,,DK,Europe/Copenhagen,SQW
SQX,Sao Miguel do Oeste,Bernardo de Irigoyen,BR,America/Sao_Paulo,SQX
SQY,Sao Lourenco Do Sul,Sao Lourenco do Sul,BR,America/Sao_Paulo,SQY
SQZ,Scampton RAF Station,Burton,GB,Europe/London,SQZ
SRA,Santa Rosa,Santa Rosa,BR,America/Sao_Paulo,SRA
SRB,Santa Rosa,Placido de Castro,BO,America/La_Paz,SRB
SRC,Searcy,Searcy,US,America/Chicago,SRC
SRD,San Ramon,San Ramon,BO,America/La_Paz,SRD
SRE,Juana Azurduy de Padilla International Airport,Sucre,BO,America/La_Paz,SRE
SRF,Hamilton Field,Santa Venetia,US,America/Los_Angeles,SRF
SRG,Achmad Yani International Airport,Semarang,ID,Asia/Jakarta,SRG
SRH,Sarh,Sagh,TD,Africa/Ndjamena,SRH
SRI,Temindung Airport,Samarinda,ID,Asia/Makassar,SRI
SRJ,Capitan G Q Guardia,San Borja,BO,America/La_Paz,SRJ
SRL,Santa Rosalia,Santa Rosalia,MX,America/Mazatlan,SRL
SRM,Sandringham,,AU,Australia/Brisbane,SRM
SRN,Strahan,,AU,Australia/Hobart,SRN
SRO,Santana Ramos,Cabo San Lucas,CO,America/Bogota,SRO
SRP,Stord Airport,Sagvag,NO,Europe/Oslo,SRP
SRQ,Sarasota Bradenton International Airport,Whitfield,US,America/New_York,SRQ
SRR,Dunwich,Ruidoso,AU,Australia/Brisbane,SRR
SRS,Cartagena,San Marcos,CO,America/Bogota,SRS
SRT,Soroti,Soroti,UG,Africa/Kampala,SRT
SRU,Skypark,Santa Cruz,US,America/Los_Angeles,SRU
SRV,Stony River,,US,America/Anchorage,SRV
SRW,Rowan County,Salisbury,US,America/New_York,SRW
SRX,Sert,Qasr Abu Hadi,LY,Africa/Tripoli,SRX
SRY,Dashte Naz Airport,Surak,IR,Asia/Tehran,SRY
SRZ,El Trompillo,Santa Cruz de la Sierra,BO,America/La_Paz,SRZ
SSA,Deputado Luis Eduardo Magalhaes International Airport,Lauro de Freitas,BR,America/Bahia,SSA
SSB,SPB,,VI,America/St_Thomas,STX
SSC,Shaw AFB,,US,America/New_York,SSC
SSD,San Felipe,San Carlos de Rio Negro,CO,America/Bogota,SSD
SSE,Sholapur,Solapur,IN,Asia/Kolkata,SSE
SSF,Stinson Municipalcipal,San Antonio,US,America/Chicago,SAT
SSG,Malabo Airport,Malabo,GQ,Africa/Malabo,SSG
SSH,Sharm El Sheikh Airport,Sharm el-Sheikh,EG,Africa/Cairo,SSH
SSI,Malcolm Mckinnon,Brunswick,US,America/New_York,SSI
SSJ,Stokka Airport,Solfjellsjoen,NO,Europe/Oslo,SSJ
SSK,Sturt Creek,,AU,Australia/Perth,SSK
SSL,Santa Rosalia,Miraflores,CO,America/Bogota,SSL
SSM,Sault Ste. Marie Airport,,CA,America/Toronto,SSM
SSN,Seoul AB,Seongnam-si,KR,Asia/Seoul,SEL
SSO,Sao Lourenco,Sao Lourenco,BR,America/Sao_Paulo,SSO
SSP,Silver Plains,,AU,Australia/Brisbane,SSP
SSQ,La Sarre,La Sarre,CA,America/Montreal,SSQ
SSR,Sara,,VU,Pacific/Efate,SSR
SSS,Siassi,,PG,Pacific/Port_Moresby,SSS
SST,Santa Teresita,Arroyo Seco,AR,America/Argentina/Buenos_Aires,SST
SSU,Greenbrier,White Sulphur Springs,US,America/New_York,SSU
SSV,Siasi,Manubul,PH,Asia/Manila,SSV
SSW,Stuart Island,,US,America/Los_Angeles,SSW
SSX,Samsun Samair Airport,Samsun,TR,Europe/Istanbul,SSX
SSY,M'banza Congo,Mbanza Congo,AO,Africa/Luanda,SSY
SSZ,Santos,Sao Vicente,BR,America/Sao_Paulo,SSZ
STA,Stauning Vestjyllands Airport,Ringkobing,DK,Europe/Copenhagen,STA
STB,L Delicias,San Carlos del Zulia,VE,America/Caracas,STB
STC,Saint Cloud Regional,Saint Cloud,US,America/Chicago,STC
STD,Mayo Guerrero,San Rafael del Pinal,VE,America/Caracas,STD
STE,Stevens Point,Stevens Point,US,America/Chicago,STE
STF,Stephen Island,,AU,Australia/Brisbane,STF
STG,St. George Island Airport,Dutch Harbor,US,America/Anchorage,STG
STH,Strathmore,,AU,Australia/Brisbane,STH
STI,Cibao International Airport,Licey al Medio,DO,America/Santo_Domingo,STI
STJ,Rosecrans Memorial,Savannah,US,America/Chicago,STJ
STK,Crosson Field,Sterling,US,America/Denver,STK
STL,Lambert-St. Louis International Airport,Woodson Terrace,US,America/Chicago,STL
STM,Santarem-Maestro Wilson Fonseca Airport,Santarem,BR,America/Santarem,STM
STN,Stansted Airport,Takeley,GB,Europe/London,LON
STP,St. Paul Downtown Airport,Saint Paul,US,America/Chicago,MSP
STQ,St Marys,Saint Marys,US,America/New_York,STQ
STR,Stuttgart Airport,Leinfelden-Echterdingen,DE,Europe/Berlin,STR
STS,Sonoma County Airport,Windsor,US,America/Los_Angeles,STS
STT,Cyril E. King Airport,Charlotte Amalie,VI,America/St_Thomas,STT
STU,Santa Cruz,Corozal,BZ,America/Belize,STU
STV,Surat Gujarat Airport,Surat,IN,Asia/Kolkata,STV
STW,Stavropol Airport,Moskovskoye,RU,Europe/Moscow,STW
STX,Henry E. Rohlsen Airport,Saint Croix,VI,America/St_Thomas,STX
STY,Salto,Concordia,UY,America/Montevideo,STY
STZ,Confresa,,BR,America/Cuiaba,STZ
SUA,Witham Field,Stuart,US,America/New_York,SUA
SUB,Juanda International Airport,Semampirbarat,ID,Asia/Jakarta,SUB
SUC,Schloredt,Sundance,US,America/Denver,SUC
SUD,Stroud,Stroud,US,America/Chicago,SUD
SUE,Door County,Sturgeon Bay,US,America/Chicago,SUE
SUF,Lamezia Terme International Airport,Santa Eufemia Lamezia,IT,Europe/Rome,SUF
SUG,Surigao Airport,Mati,PH,Asia/Manila,SUG
SUH,Sur,Sur,OM,Asia/Muscat,SUH
SUI,Babusheri,Dranda,GE,Asia/Tbilisi,SUI
SUJ,Satu Mare International Airport,Madaras,RO,Europe/Bucharest,SUJ
SUK,Sakkyryr Airport,Tonghae,RU,Asia/Seoul,SUK
SUL,Sui,Dera Bugti,PK,Asia/Karachi,SUL
SUM,Sumter Municipal Airport,East Sumter,US,America/New_York,SSC
SUN,Friedman Memorial Airport,Hailey,US,America/Boise,SUN
SUO,Sun River,Sunriver,US,America/Los_Angeles,SUO
SUP,Trunojoyo,Sumurasin,ID,Asia/Jakarta,SUP
SUQ,Sucua,Sucua,EC,America/Guayaquil,SUQ
SUR,Summer Beaver,,CA,America/Toronto,SUR
SUS,Spirit of St. Louis Airport,Hazelwood,US,America/Chicago,STL
SUT,Sumbawanga,Sumbawanga,TZ,Africa/Dar_es_Salaam,SUT
SUU,Travis AFB,Vacaville,US,America/Los_Angeles,SUU
SUV,Nausori Airport,Suva,FJ,Pacific/Fiji,SUV
SUW,Richard I Bong Airport,Superior,US,America/Chicago,SUW
SUX,Sioux Gateway Airport,Sergeant Bluff,US,America/Chicago,SUX
SUY,Suntar,Suntar,RU,Asia/Yakutsk,SUY
SUZ,Suria,,PG,Pacific/Port_Moresby,SUZ
SVA,Savoonga Airport,Lavrentiya,US,America/Anchorage,SVA
SVB,Sambava,,MG,Indian/Antananarivo,SVB
SVC,Grant County Airport,Hurley,US,America/Denver,SVC
SVD,Argyle International Airport,Kingstown,VC,America/St_Vincent,SVD
SVE,Susanville,Susanville,US,America/Los_Angeles,SVE
SVF,Save,Save,BJ,Africa/Porto-Novo,SVF
SVG,Stavanger Airport Sola,Sola,NO,Europe/Oslo,SVG
SVH,Statesville Municipal,Statesville,US,America/New_York,SVH
SVI,San Vicente,Puerto Rico,CO,America/Bogota,SVI
SVJ,Helle Airport,Svolvaer,NO,Europe/Oslo,SVJ
SVK,Silver Creek,Placencia,BZ,America/Belize,SVK
SVL,Savonlinna Airport,Savonlinna,FI,Europe/Helsinki,SVL
SVM,St Pauls,,AU,Australia/Brisbane,SVM
SVN,Hunter AAF,Savannah,US,America/New_York,SAV
SVO,Sheremetyevo International Airport,Khimki,RU,Europe/Moscow,MOW
SVP,Kuito (Silva Porto),Cuito,AO,Africa/Luanda,SVP
SVQ,Seville Airport,,ES,Europe/Madrid,SVQ
SVS,Stevens Village,,US,America/Anchorage,SVS
SVT,Savuti,Katima Mulilo,BW,Africa/Gaborone,SVT
SVU,Savusavu Airport,,FJ,Pacific/Fiji,SVU
SVV,San Salvador De,,VE,America/Caracas,SVV
SVW,Sparrevohn AFS,,US,America/Anchorage,SVW
SVX,Koltsovo International Airport,Istok,RU,Asia/Yekaterinburg,SVX
SVY,Savo,,SB,Pacific/Guadalcanal,SVY
SVZ,San Antonio,San Antonio del Tachira,VE,America/Caracas,SVZ
SWA,Jieyang Chaoshan Airport,,CN,Asia/Shanghai,SWA
SWB,Shaw River,,AU,Australia/Perth,SWB
SWC,Stawell,Stawell,AU,Australia/Melbourne,SWC
SWD,Seward,Bear Creek,US,America/Anchorage,SWD
SWE,Siwea,,PG,Pacific/Port_Moresby,SWE
SWF,Stewart International Airport,Orange Lake,US,America/New_York,SWF
SWG,Satwag,,PG,Pacific/Port_Moresby,SWG
SWH,Swan Hill,Swan Hill,AU,Australia/Melbourne,SWH
SWJ,South West Bay,,VU,Pacific/Efate,SWJ
SWL,Spanish Wells,Spanish Wells,BS,America/Nassau,SWL
SWM,Suia-Missu,Sinop,BR,America/Cuiaba,SWM
SWN,Sahiwal,Sahiwal,PK,Asia/Karachi,SWN
SWO,Searcy Field,Stillwater,US,America/Chicago,SWO
SWP,Swakopmund,,NA,Africa/Windhoek,SWP
SWQ,Sultan Muhammad Kaharuddin III Airport,Karangbugis,ID,Asia/Makassar,SWQ
SWR,Silur,,PG,Pacific/Port_Moresby,SWR
SWS,Swansea Airport,Fairwood Common,GB,Europe/London,SWS
SWT,Strezhevoy Airport,Izluchinsk,RU,Asia/Novosibirsk,SWT
SWU,Suwon,Suwon-si,KR,Asia/Seoul,SWU
SWV,Severo-Evensk Airport,Evensk,RU,Asia/Karachi,SWV
SWW,Sweetwater,Sweetwater,US,America/Chicago,SWW
SWX,Shakawe,Shakawe,BW,Africa/Gaborone,SWX
SWY,Sitiawan,Lumut,MY,Asia/Kuala_Lumpur,SWY
SXA,Sialum,Finschhafen,PG,Pacific/Port_Moresby,SXA
SXB,Strasbourg Airport,,FR,Europe/Paris,SXB
SXC,Avalo Vor/WP,,US,America/Los_Angeles,AVX
SXE,Sale,Sale,AU,Australia/Melbourne,SXE
SXF,Schonefeld Airport,Schonefeld,DE,Europe/Berlin,BER
SXG,Senanga,Senanga,ZM,Africa/Lusaka,SXG
SXH,Sehulea,,PG,Pacific/Port_Moresby,SXH
SXI,Sirri Island,Abu Musa,IR,Asia/Tehran,SXI
SXJ,Shanshan,Shanshan,CN,Asia/Shanghai,SXJ
SXK,Saumlaki Olilit Airport,Tual,ID,Asia/Jayapura,SXK
SXL,Sligo,,IE,Europe/Dublin,SXL
SXM,Princess Juliana International Airport,Marigot,SX,America/Lower_Princes,SXM
SXN,Suapan,Dukwe,BW,Africa/Gaborone,SXN
SXO,Sao Felix Do Araguaia,Gurupi,BR,America/Cuiaba,SXO
SXP,Sheldon Sea Plane Base,,US,America/Anchorage,SXP
SXQ,Soldotna,Soldotna,US,America/Anchorage,SXQ
SXR,Srinagar International Airport,Soyibug,IN,Asia/Kolkata,SXR
SXS,Sahabat 16,Larap,MY,Asia/Kuching,SXS
SXT,Taman Negara,Kuala Lipis,MY,Asia/Kuala_Lumpur,SXT
SXU,Soddu,Boditi,ET,Africa/Addis_Ababa,SXU
SXV,Salem,Salem,IN,Asia/Kolkata,SXV
SXW,Sauren,,PG,Pacific/Port_Moresby,SXW
SXX,Sao Felix Do Xingu,Sao Felix do Xingu,BR,America/Belem,SXX
SXY,Sidney,Sidney,US,America/New_York,SXY
SXZ,Siirt Airport,Civankan,TR,Europe/Istanbul,SXZ
SYA,Shemya AFB,Tilichiki,US,America/Adak,SYA
SYB,Seal Bay,,US,America/Anchorage,SYB
SYC,Shiringayoc,San Lorenzo,PE,America/Lima,SYC
SYD,Sydney (Kingsford Smith) Airport,,AU,Australia/Sydney,SYD
SYE,Sadah,Saqayn,YE,Asia/Aden,SYE
SYF,Silva Bay,,CA,America/Vancouver,SYF
SYH,Syangboche,Namche Bazar,NP,Asia/Kathmandu,SYH
SYI,Bomar Field,Shelbyville,US,America/Chicago,SYI
SYJ,Sirjan,Sirjan,IR,Asia/Tehran,SYJ
SYK,Stykkisholmur,Stykkisholmur,IS,Atlantic/Reykjavik,SYK
SYL,Roberts AAF,San Miguel,US,America/Los_Angeles,SYL
SYM,Pu'er Simao Airport,Simao,CN,Asia/Shanghai,SYM
SYN,Carleton,Stanton,US,America/Chicago,SYN
SYO,Shonai Airport,Tsuruoka,JP,Asia/Tokyo,SYO
SYP,Santiago,Santiago de Veraguas,PA,America/Panama,SYP
SYQ,Tobias Bolaños International,San Rafael,CR,America/Costa_Rica,SYQ
SYR,Hancock International Airport,North Syracuse,US,America/New_York,SYR
SYS,Yeosu,Yeosu,KR,Asia/Seoul,SYS
SYT,Charolais Bourgogne S.,Saint-Yan,FR,Europe/Paris,SYT
SYU,Warraber Island,,AU,Australia/Brisbane,SYU
SYV,Sylvester,Sylvester,US,America/New_York,SYV
SYW,Sehwen Sharif,Sehwan,PK,Asia/Karachi,SYW
SYX,Sanya Phoenix International Airport,,CN,Asia/Shanghai,SYX
SYY,Stornoway Airport,Stornoway,GB,Europe/London,SYY
SYZ,Shiraz International Airport,Shiraz,IR,Asia/Tehran,SYZ
SZA,Soyo Airport,Soio,AO,Africa/Luanda,SZA
SZB,Sultan Abdul Aziz Shah Airport,Kampung Baru Subang,MY,Asia/Kuala_Lumpur,KUL
SZC,Guanacaste,,CR,America/Costa_Rica,SZC
SZE,Semera Airport,Dubti,ET,Africa/Addis_Ababa,SZE
SZF,Samsun-Carsamba Airport,Dikbiyik,TR,Europe/Istanbul,SZF
SZG,W. A. Mozart Salzburg Airport,,AT,Europe/Vienna,SZG
SZH,Senipah,Samboja,ID,Asia/Makassar,SZH
SZI,Zaisan,Zaysan,KZ,Asia/Almaty,SZI
SZJ,Siguanea,Nueva Gerona,CU,America/Havana,SZJ
SZK,Skukuza Airport,,ZA,Africa/Johannesburg,SZK
SZL,Whiteman AFB,Warrensburg,US,America/Chicago,SZL
SZM,Sesriem,Maltahohe,NA,Africa/Windhoek,SZM
SZN,Santa Cruz Island,Isla Vista,US,America/Los_Angeles,SBA
SZP,Oxnard,Santa Paula,US,America/Los_Angeles,SZP
SZQ,Saenz Pena,Caseros,AR,America/Argentina/Buenos_Aires,SZQ
SZR,Stara Zagora,Stara Zagora,BG,Europe/Sofia,SZR
SZS,Stewart Island,Bluff,NZ,Pacific/Auckland,SZS
SZT,San Cristobal Airport,Mitziton,MX,America/Mexico_City,SZT
SZU,Segou,Segou,ML,Africa/Bamako,SZU
SZV,Suzhou,Shuangta,CN,Asia/Shanghai,SZV
SZW,Parchim Airport,Domsuhl,DE,Europe/Berlin,SZW
SZX,Shenzhen Bao'an International Airport,Fuyong,CN,Asia/Shanghai,SZX
SZY,Olsztyn-Mazury Airport,Michalow-Reginow,PL,Europe/Warsaw,SZY
SZZ,Goleniow Airport,Goleniow,PL,Europe/Warsaw,SZZ
TAA,Tarapaina,Taro'a,SB,Pacific/Guadalcanal,TAA
TAB,A.N.R. Robinson International Airport,Scarborough,TT,America/Port_of_Spain,TAB
TAC,D. Z. Romualdez Airport,Panalanoy,PH,Asia/Manila,TAC
TAD,Las Animas,Trinidad,US,America/Denver,TAD
TAE,Daegu International Airport,Daegu,KR,Asia/Seoul,TAE
TAF,Tafaraoui,Es Senia,DZ,Africa/Algiers,ORN
TAG,Bohol-Panglao,Tagbilaran City,PH,Asia/Manila,TAG
TAH,Tanna Airport,Isangel,VU,Pacific/Efate,TAH
TAI,Al Janad,Dhi as Sufal,YE,Asia/Aden,TAI
TAJ,Tadji,,PG,Pacific/Port_Moresby,ATP
TAK,Takamatsu Airport,Takamatsu-shi,JP,Asia/Tokyo,TAK
TAL,Ralph Calhoun,,US,America/Anchorage,TAL
TAM,Tampico International Airport,Tampico,MX,America/Monterrey,TAM
TAN,Tangalooma,Woorim,AU,Australia/Brisbane,TAN
TAO,Qingdao Liuting International Airport,,CN,Asia/Shanghai,TAO
TAP,Tapachula International Airport,Tapachula,MX,America/Mexico_City,TAP
TAQ,Tarcoola,Coober Pedy,AU,Australia/Adelaide,TAQ
TAR,M. A. Grottag,Monteiasi,IT,Europe/Rome,TAR
TAS,Yuzhny Airport,Tashkent,UZ,Asia/Tashkent,TAS
TAT,Poprad/Tatry Airport,Svit,SK,Europe/Bratislava,TAT
TAU,Tauramena,Tauramena,CO,America/Bogota,TAU
TAV,Tau Island Airport,Ta`u,AS,Pacific/Pago_Pago,TAV
TAW,Tacuarembo,Tacuarembo,UY,America/Montevideo,TAW
TAX,Taliabu,Bobong,ID,Asia/Jayapura,TAX
TAY,Tartu Airport,Ulenurme,EE,Europe/Tallinn,TAY
TAZ,Dashoguz,Dasoguz,TM,Asia/Ashgabat,TAZ
TBA,Tabibuga,,PG,Pacific/Port_Moresby,TBA
TBB,Tuy Hoa Airport,Tuy Hoa,VN,Asia/Ho_Chi_Minh,TBB
TBC,Tuba City,Tuba City,US,America/Shiprock,TBC
TBD,Timbiqui,Timbiqui,CO,America/Bogota,TBD
TBE,Timbunke,Angoram,PG,Pacific/Port_Moresby,TBE
TBF,Tabiteuea North,,KI,Pacific/Tarawa,TBF
TBG,Tabubil Airport,,PG,Pacific/Port_Moresby,TBG
TBH,Romblon,Tugdan,PH,Asia/Manila,TBH
TBI,New Bright,Arthur's Town,BS,America/Nassau,TBI
TBJ,Tabarka,Tabarka,TN,Africa/Tunis,TBJ
TBK,Timber Creek,,AU,Australia/Darwin,TBK
TBL,Tableland,,AU,Australia/Perth,TBL
TBM,Tumbang Samba,Halimaung Jaya (F-3),ID,Asia/Makassar,TBM
TBN,Forney AAF,Fort Leonard Wood,US,America/Chicago,TBN
TBO,Tabora Airport,Tabora,TZ,Africa/Dar_es_Salaam,TBO
TBP,Capitan FAP Pedro Canga Rodriguez Airport,Tumbes,PE,America/Lima,TBP
TBQ,Tarabo,,PG,Pacific/Port_Moresby,TBQ
TBR,Statesboro-Bulloch County Airport,Statesboro,US,America/New_York,TBR
TBS,Tbilisi International Airport,Didi Lilo,GE,Asia/Tbilisi,TBS
TBT,Tabatinga International Airport,Tabatinga,BR,America/Manaus,TBT
TBU,Fua'amotu International Airport,Vaini,TO,Pacific/Tongatapu,TBU
TBV,Tabal,Ailuk,MH,Pacific/Majuro,TBV
TBW,Tambov Donskoye Airport,Tambov,RU,Europe/Moscow,TBW
TBX,Tambelan Airport,Pulo Batal,ID,Asia/Jakarta,TBX
TBY,Tsabong,Tshabong,BW,Africa/Gaborone,TBY
TBZ,Tabriz Airport,Tabriz,IR,Asia/Tehran,TBZ
TCA,Tennant Creek,Tennant Creek,AU,Australia/Darwin,TCA
TCB,Treasure Cay Airport,Cooper's Town,BS,America/Nassau,TCB
TCC,Tucumcari,Tucumcari,US,America/Denver,TCC
TCD,Tarapaca,Tarapaca,CO,America/Bogota,TCD
TCE,Tulcea,Tulcea,RO,Europe/Bucharest,TCE
TCF,Tocoa,Tocoa,HN,America/Tegucigalpa,TCF
TCG,Tacheng,Qaxa,CN,Asia/Shanghai,TCG
TCH,Tchibanga,Tchibanga,GA,Africa/Libreville,TCH
TCI,Terney Airport,Terney,RU,Asia/Vladivostok,TCI
TCJ,Torembi Airport,,PG,Pacific/Port_Moresby,TCJ
TCK,Tinboli Airport,Ambunti,PG,Pacific/Port_Moresby,TCK
TCL,Van De Graaf,Northport,US,America/Chicago,TCL
TCM,McChord AFB,Steilacoom,US,America/Los_Angeles,TIW
TCN,Tehuacan,San Isidro Vista Hermosa,MX,America/Mexico_City,TCN
TCO,La Florida Airport,Tumaco,CO,America/Bogota,TCO
TCP,Taba International,,EG,Africa/Cairo,TCP
TCQ,Tacna Airport,Tacna,PE,America/Lima,TCQ
TCR,Tuticorin Airport,Korampallam,IN,Asia/Kolkata,TCR
TCS,Truth or Consequences,Truth or Consequences,US,America/Denver,TCS
TCT,Takotna,,US,America/Anchorage,TCT
TCU,Thaba Nchu,Thaba Nchu,ZA,Africa/Johannesburg,TCU
TCW,Tocumwal,Finley,AU,Australia/Sydney,TCW
TCX,Tabas,Tabas,IR,Asia/Tehran,TCX
TCY,Terrace Bay,Khorixas,NA,Africa/Windhoek,TCY
TCZ,Tengchong Tuofeng Airport,Tengyue,CN,Asia/Shanghai,TCZ
TDA,Trinidad,San Luis de Palenque,CO,America/Bogota,TDA
TDB,Tetabedi,,PG,Pacific/Port_Moresby,TDB
TDD,Teniente Jorge Henrich Arauz Airport,Trinidad,BO,America/La_Paz,TDD
TDG,Tandag,Socorro,PH,Asia/Manila,TDG
TDJ,Tadjoura,Tadjoura,DJ,Africa/Djibouti,TDJ
TDK,Taldy-Kurgan,Taldykorgan,KZ,Asia/Almaty,TDK
TDL,Tandil,Tandil,AR,America/Argentina/Buenos_Aires,TDL
TDN,Theda Station,,AU,Australia/Perth,TDN
TDO,Winlock,Winlock,US,America/Los_Angeles,TDO
TDP,Trompeteros,Marigot,PE,America/Lima,TDP
TDR,Theodore,,AU,Australia/Brisbane,TDR
TDS,Sasereme,,PG,Pacific/Port_Moresby,TDS
TDT,Tanda Tula,,ZA,Africa/Johannesburg,TDT
TDV,Tanandava,Manja,MG,Indian/Antananarivo,TDV
TDW,Tradewind,Amarillo,US,America/Chicago,AMA
TDX,Trat Airport,Laem Ngop,TH,Asia/Bangkok,TDX
TDZ,Toledo,Toledo,US,America/New_York,TOL
TEA,Tela,Tela,HN,America/Tegucigalpa,TEA
TEB,Teterboro Airport,Moonachie,US,America/New_York,TEB
TEC,Telemaco Borba,Telemaco Borba,BR,America/Sao_Paulo,TEC
TED,Thisted,Hanstholm,DK,Europe/Copenhagen,TED
TEE,Cheikh Larbi Tebessi Airport,Tebessa,DZ,Africa/Algiers,TEE
TEF,Telfer Airport,,AU,Australia/Perth,TEF
TEG,Tenkodogo,Tenkodogo,BF,Africa/Ouagadougou,TEG
TEH,Tetlin,,US,America/Anchorage,TEH
TEI,Tezu,Tezu,IN,Asia/Kolkata,TEI
TEK,Tatitlek,,US,America/Anchorage,TEK
TEL,Telupid,Ranau,MY,Asia/Kuching,TEL
TEM,Temora,Junee,AU,Australia/Sydney,TEM
TEN,Tongren Airport,Chatian,CN,Asia/Shanghai,TEN
TEO,Terapo,Kerema,PG,Pacific/Port_Moresby,TEO
TEP,Teptep,,PG,Pacific/Port_Moresby,TEP
TEQ,Corlu,Tekirdag,TR,Europe/Istanbul,TEQ
TER,Lajes Field,Praia da Vitoria,PT,Atlantic/Azores,TER
TES,Tessenei,Teseney,ER,Africa/Asmara,TES
TET,Matundo Airport,Tete,MZ,Africa/Maputo,TET
TEU,Manapouri,Te Anau,NZ,Pacific/Auckland,TEU
TEV,Teruel Airport,Cella,ES,Europe/Madrid,TEV
TEX,Telluride Regional,,US,America/Denver,TEX
TEY,Thingeyri,Isafjoerdur,IS,Atlantic/Reykjavik,TEY
TEZ,Tezpur Airport,Tezpur,IN,Asia/Kolkata,TEZ
TFB,Tifalmin,,PG,Pacific/Port_Moresby,TFB
TFF,Tefe Airport,Tefe,BR,America/Manaus,TFF
TFI,Tufi,,PG,Pacific/Port_Moresby,TFI
TFL,Teofilo Otoni,Teofilo Otoni,BR,America/Sao_Paulo,TFL
TFM,Telefomin,,PG,Pacific/Port_Moresby,TFM
TFN,Tenerife North Airport,La Laguna,ES,Atlantic/Canary,TCI
TFR,Ramadan,Al Khankah,EG,Africa/Cairo,TFR
TFS,Tenerife South Airport,San Isidro,ES,Atlantic/Canary,TCI
TFT,Taftan,Khash,PK,Asia/Karachi,TFT
TFU,Chengdu Tianfu International Airport,Jiancheng,CN,Asia/Chongqing,TFU
TFY,Muhammad Taufiq Kiemas Airport,Krui,ID,Asia/Jakarta,TFY
TGA,Tengah Air Base,Johor Bahru,SG,Asia/Singapore,TGA
TGB,Tagbita,Susupu,PH,Asia/Manila,TGB
TGC,Tanjung Manis Airport,Sarikei,MY,Asia/Kuching,TGC
TGD,Podgorica Airport,Mojanovici,ME,Europe/Podgorica,TGD
TGE,Sharpe Field,Tuskegee,US,America/Chicago,TGE
TGG,Sultan Mahmud Airport,Kuala Terengganu,MY,Asia/Kuala_Lumpur,TGG
TGH,Tongoa,,VU,Pacific/Efate,TGH
TGI,Tingo Maria,Tingo Maria,PE,America/Lima,TGI
TGJ,Tiga,Tadine,NC,Pacific/Noumea,TGJ
TGK,Taganrog,Taganrog,RU,Europe/Moscow,TGK
TGL,Tagula,Samarai,PG,Pacific/Port_Moresby,TGL
TGM,Transilvania,Sancraiu de Mures,RO,Europe/Bucharest,TGM
TGN,La Trobe Regional,Traralgon,AU,Australia/Melbourne,TGN
TGO,Tongliao Airport,Tongliao,CN,Asia/Shanghai,TGO
TGP,Podkamennaya Tunguska Airport,Podkamennaya Tunguska,RU,Asia/Krasnoyarsk,TGP
TGQ,Tangara da Serra,Nova Olimpia,BR,America/Cuiaba,TGQ
TGR,Touggourt Airport,Touggourt,DZ,Africa/Algiers,TGR
TGS,Chokwe,Chokwe,MZ,Africa/Maputo,TGS
TGT,Tanga Airport,Tanga,TZ,Africa/Dar_es_Salaam,TGT
TGU,Toncontin Airport,Tegucigalpa,HN,America/Tegucigalpa,TGU
TGV,Targovishte,Suedinenie,BG,Europe/Sofia,TGV
TGZ,Angel Albino Corzo International Airport,Ignacio Allende,MX,America/Mexico_City,TGZ
THA,Tullahoma/William Northern Field,,US,America/Chicago,THA
THB,Thaba-Tseka,Bergville,LS,Africa/Maseru,THB
THC,Tchien,Zwedru,LR,Africa/Monrovia,THC
THD,Bai Thuong Airport,Thi Tran Tho Xuan,VN,Asia/Ho_Chi_Minh,THD
THE,Teresina Airport,Teresina,BR,America/Fortaleza,THE
THG,Thangool,,AU,Australia/Brisbane,THG
THH,Taharoa,Raglan,NZ,Pacific/Auckland,THH
THI,Tichitt,'Ayoun el 'Atrous,MR,Africa/Nouakchott,THI
THK,Thakhek,Thakhek,LA,Asia/Vientiane,THK
THL,Tachilek Airport,Mae Sai,MM,Asia/Rangoon,THL
THM,Thompsonfield,Mexico,US,America/Chicago,THM
THN,Trollhattan Airport,Trollhattan,SE,Europe/Stockholm,THN
THO,Thorshofn,,IS,Atlantic/Reykjavik,THO
THP,Hot Springs,Thermopolis,US,America/Denver,THP
THQ,Maijishan,Beidao,CN,Asia/Shanghai,THQ
THR,Mehrabad International Airport,Tehran,IR,Asia/Tehran,THR
THS,Sukhothai Airport,Si Samrong,TH,Asia/Bangkok,THS
THT,Tamchakett,Kiffa,MR,Africa/Nouakchott,THT
THU,Pituffik Airport,,GL,America/Thule,THU
THV,York Airport,Valley View,US,America/New_York,THV
THW,Harbour SPB,,LK,Asia/Colombo,TRR
THX,Turukhansk Airport,Turukhansk,RU,Asia/Krasnoyarsk,THX
THY,Thohoyandou,Thohoyandou,ZA,Africa/Johannesburg,THY
THZ,Tahoua,Tahoua,NE,Africa/Niamey,THZ
TIA,Tirana International Airport,Preze,AL,Europe/Tirane,TIA
TIB,Tibu,Tibu,CO,America/Bogota,TIB
TIC,Tinak Island,Arno,MH,Pacific/Majuro,TIC
TID,Bouchekif Abde Al-hafidh Boussof,Tiaret,DZ,Africa/Algiers,TID
TIE,Tippi,Tippi,ET,Africa/Addis_Ababa,TIE
TIF,Taif Airport,Ta'if,SA,Asia/Riyadh,TIF
TIG,Tingwon,,PG,Pacific/Port_Moresby,TIG
TIH,Tikehau Atoll Airport,,PF,Pacific/Tahiti,TIH
TII,Tirinkot,Tarinkot,AF,Asia/Kabul,TII
TIJ,Tijuana Airport,Tijuana,MX,America/Tijuana,TIJ
TIK,Tinker AFB,Midwest City,US,America/Chicago,OKC
TIL,Inverlake,Bembridge,CA,America/Edmonton,TIL
TIM,Timika Airport,Mapurujaya,ID,Asia/Jayapura,TIM
TIN,Tindouf Airport,Tindouf,DZ,Africa/Algiers,TIN
TIO,Tilin,Nay Pyi Taw,MM,Asia/Rangoon,TIO
TIP,Tripoli International Airport,Al 'Aziziyah,LY,Africa/Tripoli,TIP
TIQ,Tinian International,San Jose Village,MP,Pacific/Saipan,TIQ
TIR,Tirupati Airport,Renigunta,IN,Asia/Kolkata,TIR
TIS,Thursday Island,,AU,Australia/Brisbane,TIS
TIU,Timaru Airport,Timaru,NZ,Pacific/Auckland,TIU
TIV,Tivat Airport,Tivat,ME,Europe/Podgorica,TIV
TIW,Industrial,Wollochet,US,America/Los_Angeles,TIW
TIX,Space Coast Regional,Port Saint John,US,America/New_York,TIX
TIY,Tidjikja,Tidjikja,MR,Africa/Nouakchott,TIY
TIZ,Tari Airport,Tari,PG,Pacific/Port_Moresby,TIZ
TJA,Capitan Oriel Lea Plaza Airport,Tarija,BO,America/La_Paz,TJA
TJB,Tanjung Balai,Tanjungbalai,ID,Asia/Jakarta,TJB
TJC,Ticantiki,Nargana,PA,America/Panama,TJC
TJG,Tanjung Warukin,Simpang,ID,Asia/Jakarta,TJG
TJH,Tajima,Toyooka,JP,Asia/Tokyo,TJH
TJI,Capiro,Trujillo,HN,America/Tegucigalpa,TJI
TJK,Tokat,Yesilyurt,TR,Europe/Istanbul,TJK
TJL,Três Lagoas Airport,Tres Lagoas,BR,America/Campo_Grande,TJL
TJM,Roshchino International Airport,Moskovskiy,RU,Asia/Yekaterinburg,TJM
TJN,Takume,Atuona,PF,Pacific/Tahiti,TJN
TJQ,Bulutumbang Airport,Tanjung Pandan,ID,Asia/Jakarta,TJQ
TJS,Tanjung Selor,Tanjung Palas,ID,Asia/Makassar,TJS
TJU,Kulyab Airport,Kulob,TJ,Asia/Dushanbe,TJU
TJV,Thanjavur,Thanjavur,IN,Asia/Kolkata,TJV
TKA,Talkeetna,,US,America/Anchorage,TKA
TKB,Tekadu,,PG,Pacific/Port_Moresby,TKB
TKC,Tiko,Mutengene,CM,Africa/Douala,TKC
TKD,Takoradi Airport,,GH,Africa/Accra,TKD
TKE,Tenakee SPB,Sitka,US,America/Anchorage,TKE
TKF,Truckee-Tahoe,Truckee,US,America/Los_Angeles,TKF
TKG,Radin Inten II Airport,Natar,ID,Asia/Jakarta,TKG
TKH,Nakhon Sawan,Takhli,TH,Asia/Bangkok,TKH
TKI,Tokeen,,US,America/Anchorage,TKI
TKJ,Tok,,US,America/Anchorage,TKJ
TKK,Chuuk International Airport,Weno Town,FM,Pacific/Chuuk,TKK
TKL,Taku SPB,,US,America/Anchorage,TKL
TKM,El Peten,,GT,America/Guatemala,TKM
TKN,Tokunoshima,Naze,JP,Asia/Tokyo,TKN
TKO,Tlokoeng,Mokhotlong,LS,Africa/Maseru,TKO
TKP,Takapoto,,PF,Pacific/Tahiti,TKP
TKQ,Kigoma Airport,Kigoma,TZ,Africa/Dar_es_Salaam,TKQ
TKR,Thakurgaon,Thakurgaon,BD,Asia/Dhaka,TKR
TKS,Tokushima Awaodori Airport,Narutocho-mitsuishi,JP,Asia/Tokyo,TKS
TKT,Tak,Tak,TH,Asia/Bangkok,TKT
TKU,Turku Airport,Turku,FI,Europe/Helsinki,TKU
TKV,Tatakoto,,PF,Pacific/Tahiti,TKV
TKW,Tekin,Porgera,PG,Pacific/Port_Moresby,TKW
TKX,Takaroa,Tautira,PF,Pacific/Tahiti,TKX
TKY,Turkey Creek,,AU,Australia/Perth,TKY
TKZ,Tokoroa,Tokoroa,NZ,Pacific/Auckland,TKZ
TLA,Teller Airport,,US,America/Anchorage,TLA
TLB,Tarbela,Khalabat,PK,Asia/Karachi,TLB
TLC,Toluca International Airport,Toluca,MX,America/Mexico_City,MEX
TLD,Limpopo Valley,Mathathane,BW,Africa/Gaborone,TLD
TLE,Tulear,Toliara,MG,Indian/Antananarivo,TLE
TLF,Telida,Y,US,America/Anchorage,TLF
TLG,Tulagi Island,Tulaghi,SB,Pacific/Guadalcanal,TLG
TLH,Tallahassee International Airport,Tallahassee,US,America/New_York,TLH
TLI,Tolitoli,Tolitoli,ID,Asia/Makassar,TLI
TLJ,Tatalina AFS,,US,America/Anchorage,TLJ
TLK,Talakan,Vitim,RU,Asia/Yakutsk,TLK
TLL,Tallinn Airport,Tallinn,EE,Europe/Tallinn,TLL
TLM,Zenata Airport,Remchi,DZ,Africa/Algiers,TLM
TLN,Hyeres Airport,,FR,Europe/Paris,TLN
TLO,Tol,,PG,Pacific/Port_Moresby,TLO
TLP,Tumolbil,,PG,Pacific/Port_Moresby,TLP
TLQ,Turpan Jiaohe Airport,Laochenglu,CN,Asia/Shanghai,TLQ
TLR,Mefford Field,Tulare,US,America/Los_Angeles,TLR
TLS,Toulouse-Blagnac Airport,Blagnac,FR,Europe/Paris,TLS
TLT,Tuluksak Airport,,US,America/Anchorage,TLT
TLU,Tolu,Tolu,CO,America/Bogota,TLU
TLV,Ben Gurion International Airport,Kefar Habad,IL,Asia/Jerusalem,TLV
TLW,Talasea,,PG,Pacific/Port_Moresby,TLW
TLX,Talca,Talca,CL,America/Santiago,TLX
TLY,Plastun Airport,Plastun,RU,Asia/Vladivostok,TLY
TLZ,Catalao,Catalao,BR,America/Sao_Paulo,TLZ
TMA,Henry Tift Myers,Unionville,US,America/New_York,TMA
TMB,Tamiami,Country Walk,US,America/New_York,MIA
TMC,Tambolaka Airport,Maredakamau,ID,Asia/Makassar,TMC
TMD,Timbedra,Nema,MR,Africa/Nouakchott,TMD
TME,Gabriel Vargas Santos Airport,Tame,CO,America/Bogota,TME
TMF,Thimarafushi Airport,Veymandoo,MV,Indian/Maldives,TMF
TMG,Tomanggong,Lahad Datu,MY,Asia/Kuching,TMG
TMH,Tanahmerah,Tanahmerah,ID,Asia/Jayapura,TMH
TMI,Tumling Tar Airport,,NP,Asia/Kathmandu,TMI
TMJ,Termez Airport,Tirmiz,UZ,Asia/Samarkand,TMJ
TMK,Tamky,Tam Ky,VN,Asia/Ho_Chi_Minh,TMK
TML,Tamale Airport,Tamale,GH,Africa/Accra,TML
TMM,Tamatave,Toamasina,MG,Indian/Antananarivo,TMM
TMN,Tamana Island,Toga Village,KI,Pacific/Tarawa,TMN
TMO,Tumeremo,Guasipati,VE,America/Caracas,TMO
TMP,Tampere-Pirkkala Airport,Pirkkala,FI,Europe/Helsinki,TMP
TMQ,Tambao,Tin-Akoff,BF,Africa/Ouagadougou,TMQ
TMR,Aguenar - Hadj Bey Akhamok Airport,Tamanrasset,DZ,Africa/Algiers,TMR
TMS,Sao Tome Island Airport,Sao Tome,ST,Africa/Sao_Tome,TMS
TMT,Trombetas,Abidos,BR,America/Santarem,TMT
TMU,Tambor Airport,Paquera,CR,America/Costa_Rica,TMU
TMW,Tamworth Airport,Phillip,AU,Australia/Sydney,TMW
TMX,Timimoun Airport,Timimoun,DZ,Africa/Algiers,TMX
TMY,Tiom,Karubaga,ID,Asia/Jayapura,TMY
TMZ,Thames,Thames,NZ,Pacific/Auckland,TMZ
TNA,Jinan Yaoqiang International Airport,Jinan,CN,Asia/Shanghai,TNA
TNB,Tanah Grogot,Tanahgrogot,ID,Asia/Makassar,TNB
TNC,Tin City Afs,,US,America/Anchorage,TNC
TND,Trinidad,Trinidad,CU,America/Havana,TND
TNE,Tanegashima,Nishinoomote,JP,Asia/Tokyo,TNE
TNF,Toussus-le-noble,Villiers-le-Bacle,FR,Europe/Paris,TNF
TNG,Tangier Ibn Battouta Airport,Boukhalef,MA,Africa/Casablanca,TNG
TNH,Tonghua Sanyuanpu Airport,Hulutao,CN,Asia/Shanghai,TNH
TNI,Satna,Satna,IN,Asia/Kolkata,TNI
TNJ,Kidjang Airport,Tanjungpinang,ID,Asia/Jakarta,TNJ
TNK,Tununak,,US,America/Anchorage,TNK
TNL,Ternopol,Ternopil',UA,Europe/Kiev,TNL
TNM,Teniente R. Marsh Martin,Stanley,AQ,America/Santiago,TNM
TNN,Tainan Airport,Tainan,TW,Asia/Taipei,TNN
TNO,Tamarindo,Santa Cruz,CR,America/Costa_Rica,TNO
TNP,Twentynine Palms,Twentynine Palms,US,America/Los_Angeles,TNP
TNQ,Teraina,,KI,Pacific/Kiritimati,TNQ
TNR,Antananarivo Airport,Antananarivo,MG,Indian/Antananarivo,TNR
TNS,Tungsten,,CA,America/Dawson_Creek,TNS
TNT,Dade Collier,Miami,US,America/New_York,MIA
TNU,Newton Municipal Airport,Newton,US,America/Chicago,TNU
TNV,Tabuaeran,Napari Village,KI,Pacific/Kiritimati,TNV
TNW,Jumandy,,EC,America/Guayaquil,TNW
TNX,Stung Treng,Stung Treng,KH,Asia/Phnom_Penh,TNX
TNZ,Tosontsengel,Tosontsengel,MN,Asia/Hovd,TNZ
TOA,Torrance Airport,Torrance,US,America/Los_Angeles,TOA
TOB,Tobruk,Tobruk,LY,Africa/Tripoli,TOB
TOC,Toccoa RG Letourneau Field,Toccoa,US,America/New_York,TOC
TOD,Tioman,Kampung Tekek,MY,Asia/Kuala_Lumpur,TOD
TOE,Tozeur Airport,Tozeur,TN,Africa/Tunis,TOE
TOF,Tomsk Airport,Tomsk,RU,Asia/Novokuznetsk,TOF
TOG,Togiak Village,,US,America/Anchorage,TOG
TOH,Torres Airstrip,,VU,Pacific/Efate,TOH
TOI,Troy Municipal Airport,Troy,US,America/Chicago,TOI
TOJ,Torrejon AFB,San Fernando de Henares,ES,Europe/Madrid,MAD
TOK,Torokina,,PG,Pacific/Port_Moresby,TOK
TOL,Toledo Express Airport,Whitehouse,US,America/New_York,TOL
TOM,Tombouctou,Timbuktu,ML,Africa/Bamako,TOM
TON,Tonu,,PG,Pacific/Port_Moresby,TON
TOO,San Vito,San Vito,CR,America/Costa_Rica,TOO
TOP,Philip Billard,Topeka,US,America/Chicago,TOP
TOQ,Barriles,Tocopilla,CL,America/Santiago,TOQ
TOR,Torrington Municipal Airport,Torrington,US,America/Denver,TOR
TOS,Tromso/Langnes Airport,Tromso,NO,Europe/Oslo,TOS
TOT,Coronie,Totness,SR,America/Paramaribo,TOT
TOU,Touho,Touho,NC,Pacific/Noumea,TOU
TOV,West End SPB,,VG,America/Tortola,TOV
TOW,Toledo,Toledo,BR,America/Sao_Paulo,TOW
TOX,Tobolsk,Tobol'sk,RU,Asia/Yekaterinburg,TOX
TOY,Toyama Airport,Toyama-shi,JP,Asia/Tokyo,TOY
TOZ,Touba,Touba,CI,Africa/Abidjan,TOZ
TPA,Tampa International Airport,Egypt Lake-Leto,US,America/New_York,TPA
TPC,Tarapoa,Montalvo,EC,America/Guayaquil,TPC
TPE,Taiwan Taoyuan International Airport,Taoyuan City,TW,Asia/Taipei,TPE
TPF,Peter O'Knight,Tampa,US,America/New_York,TPA
TPG,Taiping,Taiping,MY,Asia/Kuala_Lumpur,TPG
TPH,Tonopah Airport,,US,America/Los_Angeles,TPH
TPI,Tapini,,PG,Pacific/Port_Moresby,TPI
TPJ,Taplejung Suketar,,NP,Asia/Kathmandu,TPJ
TPK,Tapaktuan,Tapaktuan,ID,Asia/Jakarta,TPK
TPL,Draughon-miller Central Texas Regional,Morgans Point Resort,US,America/Chicago,TPL
TPN,Tiputini,Pantoja,EC,America/Guayaquil,TPN
TPO,Tanalian Point,Anchor Point,US,America/Anchorage,TPO
TPP,Cad. FAP Guillermo del Castillo Paredes Airport,Tarapoto,PE,America/Lima,TPP
TPQ,Tepic Airport,Tepic,MX,America/Mazatlan,TPQ
TPR,Tom Price,,AU,Australia/Perth,TPR
TPS,Trapani-Birgi Airport,Marsala,IT,Europe/Rome,TPS
TPT,Tapeta,Toulepleu Guere,LR,Africa/Monrovia,TPT
TPU,Tikapur,Tikapur,NP,Asia/Kathmandu,TPU
TPX,Tupai,Faanui,PF,Pacific/Tahiti,TPX
TQD,Al Taqaddum AB,Al Fallujah,IQ,Asia/Baghdad,TQD
TQL,Tarko-Sale,Tarko-Sale,RU,Asia/Yekaterinburg,TQL
TQN,Taluqan,Taloqan,AF,Asia/Kabul,TQN
TQP,Trepell Airport,,AU,Australia/Brisbane,TQP
TQQ,Maranggo Airport,Lasehao,ID,Asia/Makassar,TQQ
TQR,San Domino Island,Isole Tremiti,IT,Europe/Rome,TQR
TQS,Tres Esquinas,Solano,CO,America/Bogota,TQS
TRA,Tarama,Hirara,JP,Asia/Tokyo,TRA
TRB,Gonzalo,Turbo,CO,America/Bogota,TRB
TRC,Francisco Sarabia International Airport,Torreon,MX,America/Monterrey,TRC
TRD,Trondheim Airport Vaernes,Stjordal,NO,Europe/Oslo,TRD
TRE,Tiree Airport,Barra,GB,Europe/London,TRE
TRF,Torp Sandefjord Airport,Sandefjord,NO,Europe/Oslo,OSL
TRG,Tauranga City Airport,Tauranga,NZ,Pacific/Auckland,TRG
TRH,Trona,Searles Valley,US,America/Los_Angeles,TRH
TRI,Tri-Cities Regional Airport,Spurgeon,US,America/New_York,TRI
TRJ,Tarakbits,Mindiptana,PG,Pacific/Port_Moresby,TRJ
TRK,Juwata International Airport,Tarakan,ID,Asia/Makassar,TRK
TRL,Terrell Field,Terrell,US,America/Chicago,TRL
TRM,Thermal,East Hemet,US,America/Los_Angeles,TRM
TRN,Turin Airport,Caselle Torinese,IT,Europe/Rome,TRN
TRO,Taree Airport,Cundletown,AU,Australia/Sydney,TRO
TRP,Tree Point Heliport,,US,America/Anchorage,TRP
TRQ,Tarauaca,Tarauaca,BR,America/Rio_Branco,TRQ
TRR,China Bay,Trincomalee,LK,Asia/Colombo,TRR
TRS,Trieste - Friuli Venezia Giulia Airport,Ronchi dei Legionari,IT,Europe/Rome,TRS
TRT,Tremonton,Tremonton,US,America/Denver,TRT
TRU,Trujillo Airport,Huanchaco,PE,America/Lima,TRU
TRV,Trivandrum International Airport,Thiruvananthapuram,IN,Asia/Kolkata,TRV
TRW,Bonriki Airport,Betio Village,KI,Pacific/Tarawa,TRW
TRX,Memorial,Trenton,US,America/Chicago,TRX
TRY,Tororo,Tororo,UG,Africa/Kampala,TRY
TRZ,Tiruchirapalli International Airport,Tiruchirappalli,IN,Asia/Kolkata,TRZ
TSA,Taipei Songshan Airport,Taipei,TW,Asia/Taipei,TPE
TSB,Tsumeb,Tsumeb,NA,Africa/Windhoek,TSB
TSC,Taisha,Taisha,EC,America/Guayaquil,TSC
TSD,Tshipise,Messina,ZA,Africa/Johannesburg,TSD
TSE,Astana (Nursultan) International Airport,Astana,KZ,Asia/Almaty,TSE
TSF,Treviso Airport,Treviso,IT,Europe/Rome,VCE
TSG,Intermediate,,US,America/Anchorage,TSG
TSH,Tshikapa,Tshikapa,CD,Africa/Lubumbashi,TSH
TSI,Tsili Tsili,,PG,Pacific/Port_Moresby,TSI
TSJ,Tsushima Airport,Busan,JP,Asia/Tokyo,TSJ
TSK,Taskul,Kavieng,PG,Pacific/Port_Moresby,TSK
TSL,Tamuin,Tamuin,MX,America/Mexico_City,TSL
TSM,Taos,Taos,US,America/Denver,TSM
TSN,Tianjin Binhai International Airport,,CN,Asia/Shanghai,TSN
TSO,Tresco,Hugh Town,GB,Europe/London,ISC
TSP,Kern County,Tehachapi,US,America/Los_Angeles,TSP
TSQ,Torres,Torres,BR,America/Sao_Paulo,TSQ
TSR,Timisoara Traian Vuia International Airport,Giarmata-Vii,RO,Europe/Bucharest,TSR
TSS,East 34th St Heliport,East Newark,US,America/New_York,NYC
TST,Trang Airport,Trang,TH,Asia/Bangkok,TST
TSU,Tabiteuea South,Temaiku Village,KI,Pacific/Tarawa,TSU
TSV,Townsville Airport,Townsville,AU,Australia/Brisbane,TSV
TSW,Tsewi,,PG,Pacific/Port_Moresby,TSW
TSX,Tanjung Santan,Bontang Baru,ID,Asia/Makassar,TSX
TSY,Tasikmalaya,Jati,ID,Asia/Jakarta,TSY
TSZ,Tsetserleg,Jargalant,MN,Asia/Ulaanbaatar,TSZ
TTA,Tan Tan Airport,Tan-Tan,MA,Africa/Casablanca,TTA
TTB,Arbatax,Tortoli,IT,Europe/Rome,TTB
TTC,Taltal,Taltal,CL,America/Santiago,TTC
TTD,Troutdale,La Center,US,America/Los_Angeles,TTD
TTE,Babullah Airport,Ternate,ID,Asia/Jayapura,TTE
TTG,Tartagal,Tartagal,AR,America/Argentina/Salta,TTG
TTH,Thumrait,Salalah,OM,Asia/Muscat,TTH
TTI,Tetiaroa Island,Mahina,PF,Pacific/Tahiti,TTI
TTJ,Tottori Airport,Tottori,JP,Asia/Tokyo,TTJ
TTL,Turtle Island,,FJ,Pacific/Fiji,TTL
TTM,Tablon De Tamara,Pore,CO,America/Bogota,TTM
TTN,Trenton-Mercer Airport,Ewing,US,America/New_York,PHL
TTO,Britton Municipal Airport,Britton,US,America/Chicago,TTO
TTQ,Tortuquero,Cariari,CR,America/Costa_Rica,TTQ
TTR,Tana Toraja,Tangratte,ID,Asia/Makassar,TTR
TTS,Tsaratanana,,MG,Indian/Antananarivo,TTS
TTT,Taitung Airport,Taitung City,TW,Asia/Taipei,TTT
TTU,Sania Ramel,Tetouan,MA,Africa/Casablanca,TTU
TTW,Tissa Tank,Wattegama,LK,Asia/Colombo,TTW
TTX,Mungalalu Truscott Airbase,,AU,Australia/Perth,TTX
TUA,Tulcan,Tulcan,EC,America/Guayaquil,TUA
TUB,Tubuai,Moerai,PF,Pacific/Tahiti,TUB
TUC,Benj Matienzo,San Miguel de Tucuman,AR,America/Argentina/Tucuman,TUC
TUD,Tambacounda,Tambacounda,SN,Africa/Dakar,TUD
TUE,Tupile,Nombre de Dios,PA,America/Panama,TUE
TUF,Val de Loire Airport,Parcay-Meslay,FR,Europe/Paris,TUF
TUG,Tuguegarao Airport,Carig,PH,Asia/Manila,TUG
TUH,Arnold AFS,Tullahoma,US,America/Chicago,THA
TUI,Turaif Airport,Turayf,SA,Asia/Riyadh,TUI
TUJ,Tum,Bako,ET,Africa/Addis_Ababa,TUJ
TUK,Turbat Airport,Turbat,PK,Asia/Karachi,TUK
TUL,Tulsa International Airport,Owasso,US,America/Chicago,TUL
TUM,Tumut,Tumut,AU,Australia/Sydney,TUM
TUN,Tunis-Carthage International Airport,Ariana,TN,Africa/Tunis,TUN
TUO,Taupo Airport,Taupo,NZ,Pacific/Auckland,TUO
TUP,Tupelo Regional Airport,Tupelo,US,America/Chicago,TUP
TUQ,Tougan,Tougan,BF,Africa/Ouagadougou,TUQ
TUR,Tucurui,Tucurui,BR,America/Belem,TUR
TUS,Tucson International Airport,Summit,US,America/Phoenix,TUS
TUT,Tauta,,PG,Pacific/Port_Moresby,TUT
TUU,Tabuk Regional Airport,Tabuk,SA,Asia/Riyadh,TUU
TUV,Tucupita,Tucupita,VE,America/Caracas,TUV
TUW,Tubala,Mulatupo,PA,America/Panama,TUW
TUX,Tumbler Ridge,Tumbler Ridge,CA,America/Vancouver,TUX
TUY,Tulum,Tulum,MX,America/Cancun,TUY
TUZ,Tucuma,Tupa,BR,America/Belem,TUZ
TVA,Morafenobe,Mahabe,MG,Indian/Antananarivo,TVA
TVC,Cherry Capital Airport,Traverse City,US,America/Detroit,TVC
TVF,Thief River Falls Regional Airport,Thief River Falls,US,America/Chicago,TVF
TVI,Thomasville Municipal Airport,Thomasville,US,America/New_York,TVI
TVL,South Lake Tahoe,South Lake Tahoe,US,America/Los_Angeles,TVL
TVS,Tangshan Sannuhe Airport,Fengrun,CN,Asia/Shanghai,TVS
TVU,Matei Airport,Lambasa,FJ,Pacific/Fiji,TVU
TVY,Dawe Airport,Dawei,MM,Asia/Rangoon,TVY
TWA,Twin Hills,,US,America/Anchorage,TWA
TWB,Toowoomba,Wilsonton Heights,AU,Australia/Brisbane,TWB
TWC,Tumxuk Tangwangcheng Airport,Aqal,CN,Asia/Shanghai,TWC
TWD,Port Townsend,Port Townsend,US,America/Los_Angeles,TWD
TWE,Taylor,,US,America/Anchorage,TWE
TWF,Magic Valley Regional Airport,Twin Falls,US,America/Boise,TWF
TWH,Two Harbors,Avalon,US,America/Los_Angeles,AVX
TWN,Tewantin,Noosaville,AU,Australia/Brisbane,TWN
TWP,Torwood,,AU,Australia/Brisbane,TWP
TWT,Tawitawi,Bongao,PH,Asia/Manila,TWT
TWU,Tawau Airport,Tawau,MY,Asia/Kuching,TWU
TWY,Tawa,,PG,Pacific/Port_Moresby,TWY
TWZ,Pukaki/Twizel,Pleasant Point,NZ,Pacific/Auckland,MON
TXC,Balbasovo Air Base,Orsha,BY,Europe/Minsk,TXC
TXE,Rembele Airport,Simpang Teritit,ID,Asia/Jakarta,TXE
TXF,Teixeira de Freitas Airport,Teixeira,BR,America/Bahia,TXF
TXG,Taichung,Taichung,TW,Asia/Taipei,TXG
TXK,Texarkana Municipal Airport,Texarkana,US,America/Chicago,TXK
TXL,Tegel Airport,Tegel,DE,Europe/Berlin,BER
TXM,Teminabuan,Teminabuan,ID,Asia/Jayapura,TXM
TXN,Huangshan Tunxi International Airport,Yiqi,CN,Asia/Shanghai,TXN
TXR,Tanbar,,AU,Australia/Brisbane,TXR
TXU,Tabou,Tabou,CI,Africa/Abidjan,TXU
TYA,Tula,Tula,RU,Europe/Moscow,TYA
TYB,Tibooburra,,AU,Australia/Sydney,TYB
TYC,Taiyuan Yaocheng Airport,Mengfeng,CN,Asia/Shanghai,TYC
TYD,Tynda Airport,Tynda,RU,Asia/Yakutsk,TYD
TYE,Tyonek,Nikiski,US,America/Anchorage,TYE
TYF,Torsby Airport,Torsby,SE,Europe/Stockholm,TYF
TYG,Thylungra,,AU,Australia/Brisbane,TYG
TYL,Captain FAP Victor Montes Arias Airport,Talara,PE,America/Lima,TYL
TYM,Staniel Cay,Black Point,BS,America/Nassau,TYM
TYN,Taiyuan Wusu International Airport,Xiaodian,CN,Asia/Shanghai,TYN
TYP,Tobermorey,,AU,Australia/Darwin,TYP
TYR,Tyler Pounds Regional Airport,Chandler,US,America/Chicago,TYR
TYS,McGhee Tyson Airport,Alcoa,US,America/New_York,TYS
TYT,Treinta-y-Tres,Treinta y Tres,UY,America/Montevideo,TYT
TYZ,Taylor,Taylor,US,America/Phoenix,TYZ
TZA,Municipal,Belize City,BZ,America/Belize,BZE
TZC,Tuscola Area,Caro,US,America/Detroit,TZC
TZL,Tuzla International Airport,Svojat,BA,Europe/Sarajevo,TZL
TZM,Tizimin,Tizimin,MX,America/Merida,TZM
TZN,South Andros,Andros Town,BS,America/Nassau,TZN
TZO,Tsimiroro,,MG,Indian/Antananarivo,TZO
TZX,Trabzon Airport,Trabzon,TR,Europe/Istanbul,TZX
UAB,Adana-Incirlik Airbase,Yuregir,TR,Europe/Istanbul,ADA
UAC,San Luis Rio Colorado,San Luis Rio Colorado,MX,America/Hermosillo,UAC
UAE,Mount Aue,Minj,PG,Pacific/Port_Moresby,UAE
UAH,Ua Huka,,PF,Pacific/Marquesas,UAH
UAI,Suai,Suai,TL,Asia/Dili,UAI
UAK,Narsarsuaq Airport,Narsaq,GL,America/Godthab,UAK
UAL,Luau,Luau,AO,Africa/Luanda,UAL
UAM,Andersen AFB,Hagatna Village,GU,Pacific/Guam,GUM
UAP,Ua Pou,Taiohae,PF,Pacific/Marquesas,UAP
UAQ,San Juan Airport,San Juan,AR,America/Argentina/San_Juan,UAQ
UAR,Bouarfa,,MA,Africa/Casablanca,UAR
UAS,Samburu,Isiolo,KE,Africa/Nairobi,UAS
UAX,Uaxactun,San Jose,GT,America/Guatemala,UAX
UBA,Uberaba Airport,Uberaba,BR,America/Sao_Paulo,UBA
UBB,Mabuiag Island,,AU,Australia/Brisbane,UBB
UBI,Buin,Panguna,PG,Pacific/Port_Moresby,UBI
UBJ,Yamaguchi Ube Airport,Ube,JP,Asia/Tokyo,UBJ
UBN,New Ulaanbaatar International Airport,Zuunmod,MN,Asia/Ulaanbaatar,UBN
UBP,Ubon Ratchathani International Airport,Ubon Ratchathani,TH,Asia/Bangkok,UBP
UBR,Ubrub,,ID,Asia/Jayapura,UBR
UBS,Lowndes County,Columbus,US,America/Chicago,UBS
UBT,Ubatuba,Ubatuba,BR,America/Sao_Paulo,UBT
UBU,Kalumburu,,AU,Australia/Perth,UBU
UCA,Oneida County,Clark Mills,US,America/New_York,UCA
UCB,Ulanqab Jining Airport,Jining,MN,Asia/Shanghai,UCB
UCC,Yucca Flat,Beatty,US,America/Los_Angeles,UCC
UCE,Eunice,Eunice,US,America/Chicago,UCE
UCK,Lutsk,Luts'k,UA,Europe/Kiev,UCK
UCN,Buchanan,Buchanan,LR,Africa/Monrovia,UCN
UCT,Ukhta Airport,Sosnogorsk,RU,Europe/Moscow,UCT
UCY,Everett-Stewart,Union City,US,America/Chicago,UCY
UDA,Undarra,Ravenshoe,AU,Australia/Brisbane,UDA
UDD,Bermuda Dunes,Bermuda Dunes,US,America/Los_Angeles,PSP
UDE,Volkel,Uden,NL,Europe/Amsterdam,UDE
UDI,Uberlandia-Ten. Cel. Av. Cesar Bombonato Airport,Uberlandia,BR,America/Sao_Paulo,UDI
UDJ,Uzhgorod,Uzhhorod,UA,Europe/Uzhgorod,UDJ
UDN,Airfield,Pasian di Prato,IT,Europe/Rome,UDN
UDO,Udomxay,Muong Xen,LA,Asia/Vientiane,UDO
UDR,Maharana Pratap Airport,Udaipur,IN,Asia/Kolkata,UDR
UEE,Queenstown,Queenstown,AU,Australia/Hobart,UEE
UEL,Quelimane Airport,Quelimane,MZ,Africa/Maputo,UEL
UEN,Urengoy,Urengoy,RU,Asia/Yekaterinburg,UEN
UEO,Kume-jima Airport,Naha-shi,JP,Asia/Tokyo,UEO
UER,Puertollano,Puertollano,ES,Europe/Madrid,UER
UES,Waukesha,Waukesha,US,America/Chicago,UES
UET,Quetta Airport,Kot Malik,PK,Asia/Karachi,UET
UFA,Ufa International Airport,Avdon,RU,Asia/Yekaterinburg,UFA
UGA,Bulgan,Bulgan,MN,Asia/Ulaanbaatar,UGA
UGB,Ugashik Bay,,US,America/Anchorage,PIP
UGC,Urgench Airport,Urganch,UZ,Asia/Samarkand,UGC
UGI,Uganik,,US,America/Anchorage,UGI
UGL,Union Glacier Blue-Ice Runway,,AQ,Antarctica/South_Pole,UGL
UGN,Memorial,Waukegan,US,America/Chicago,UGN
UGO,Uige,Uige,AO,Africa/Luanda,UGO
UGS,Ugashik,,US,America/Anchorage,UGS
UGT,Umnugobitour,Dalandzadgad,MN,Asia/Ulaanbaatar,UGT
UGU,Zugapa,Beoga,ID,Asia/Jayapura,UGU
UHE,Kunovice,Uherske Hradiste,CZ,Europe/Prague,UHE
UHS,Aleksandrovsk-Sakhalinskiy Airport,Aleksandrovsk-Sakhalinskiy,RU,Asia/Sakhalin,UHS
UIB,El Carano Airport,Quibdo,CO,America/Bogota,UIB
UIH,Phu Cat Airport,Qui Nhon,VN,Asia/Ho_Chi_Minh,UIH
UII,Utila,Corozal,HN,America/Tegucigalpa,UII
UIK,Ust-Ilimsk,Ust'-Ilimsk,RU,Asia/Irkutsk,UIK
UIL,Quillayute State,Forks,US,America/Los_Angeles,UIL
UIN,Quincy Municipal Airport,Payson,US,America/Chicago,UIN
UIO,Mariscal Sucre International Airport,Quito,EC,America/Guayaquil,UIO
UIP,Pluguffan Airport,Pluguffan,FR,Europe/Paris,UIP
UIQ,Quine Hill,,VU,Pacific/Efate,UIQ
UIR,Quirindi,Quirindi,AU,Australia/Sydney,UIR
UIT,Jaluit Island,Jabor,MH,Pacific/Majuro,UIT
UIZ,Berz-Macomb,Utica,US,America/Detroit,UIZ
UJE,Ujae Island,Ujae,MH,Pacific/Majuro,UJE
UJN,Uljin,Cheongsong gun,KR,Asia/Seoul,UJN
UJU,Uiju Airfield,Uiju,KP,Asia/Pyongyang,UJU
UKA,Ukunda Airport,Gazi,KE,Africa/Nairobi,UKA
UKB,Kobe Airport,Kobe,JP,Asia/Tokyo,OSA
UKG,Ust-Kuiga,Ust-Kuyga,RU,Asia/Yakutsk,UKG
UKH,Mukhaizna,Hayma',OM,Asia/Muscat,UKH
UKI,Ukiah,Ukiah,US,America/Los_Angeles,UKI
UKK,Ust-Kamenogorsk Airport,Belusovka,KZ,Asia/Almaty,UKK
UKN,Waukon Municipal Airport,Waukon,US,America/Chicago,UKN
UKR,Mukeiras,Mukayras,YE,Asia/Aden,UKR
UKS,Belbek,Inkerman,KX,Europe/Simferopol,UKS
UKT,Upper Bucks,Quakertown,US,America/New_York,UKT
UKU,Nuku,,PG,Pacific/Port_Moresby,UKU
UKX,Ust-Kut Airport,Ust'-Kut,RU,Asia/Irkutsk,UKX
UKY,Kyoto,Kyoto,JP,Asia/Tokyo,UKY
ULA,San Julian,San Julian,AR,America/Argentina/Rio_Gallegos,ULA
ULB,Ulei,Lakatoro,VU,Pacific/Efate,ULB
ULC,Los Cerrillos,Lo Prado,CL,America/Santiago,SCL
ULD,Ulundi,Ulundi,ZA,Africa/Johannesburg,ULD
ULE,Sule,Kokopo,PG,Pacific/Port_Moresby,ULE
ULG,Ulgit,OElgiy,MN,Asia/Hovd,ULG
ULH,Prince Abdul Majeed bin Abdulaziz Airport,Al 'Ula,SA,Asia/Riyadh,ULH
ULI,Ulithi,Fais,FM,Pacific/Chuuk,ULI
ULK,Lensk Airport,Lensk,RU,Asia/Yakutsk,ULK
ULL,Mull,Isle Of Mull,GB,Europe/London,ULL
ULM,New Ulm,New Ulm,US,America/Chicago,ULM
ULN,Chinggis Khaan International Airport,,MN,Asia/Ulaanbaatar,ULN
ULO,Ulaangom,Ulaangom,MN,Asia/Hovd,ULO
ULP,Quilpie,,AU,Australia/Brisbane,ULP
ULQ,Farfan,Tulua,CO,America/Bogota,ULQ
ULS,Mulatos,Necocli,CO,America/Bogota,ULS
ULU,Gulu,Gulu,UG,Africa/Kampala,ULU
ULV,Baratayevka,,RU,Europe/Samara,ULY
ULX,Ulusaba,Thulamahashi,ZA,Africa/Johannesburg,ULX
ULY,Ulyanovsk Vostochny Airport,Isheyevka,RU,Europe/Samara,ULY
ULZ,Uliastai,Uliastay,MN,Asia/Hovd,ULZ
UMA,Punta De Maisi,Maisi,CU,America/Havana,UMA
UMB,North Shore,,US,America/Anchorage,UMB
UMC,Umba,,PG,Pacific/Port_Moresby,UMC
UMD,Uummannaq,Uummannaq,GL,America/Godthab,UMD
UME,Umea Airport,Umea,SE,Europe/Stockholm,UME
UMI,Quincemil,Quince Mil,PE,America/Lima,UMI
UMM,Summit,Healy,US,America/Anchorage,UMM
UMR,Woomera,Roxby Downs,AU,Australia/Adelaide,UMR
UMS,Ust-Maya,Ust-Maya,RU,Asia/Yakutsk,UMS
UMT,Umiat,,US,America/Anchorage,UMT
UMU,Ernesto Geisel,Umuarama,BR,America/Sao_Paulo,UMU
UMY,Sumy,Sumy,UA,Europe/Kiev,UMY
UMZ,Mena Intermountain Municipal Airport,Mena,US,America/Chicago,UMZ
UNA,Una,Una,BR,America/Bahia,UNA
UNC,Unguia,Ungia,CO,America/Bogota,UNC
UND,Kunduz,Kunduz,AF,Asia/Kabul,UND
UNE,Qachas Nek,Zastron,LS,Africa/Maseru,UNE
UNG,Kiunga,Kiunga,PG,Pacific/Port_Moresby,UNG
UNI,Union Island,,VC,America/St_Vincent,UNI
UNK,Unalakleet Airport,,US,America/Anchorage,UNK
UNN,Ranong Airport,Ranong,TH,Asia/Bangkok,UNN
UNR,Underkhaan,Undurkhaan,MN,Asia/Ulaanbaatar,UNR
UNS,Umnak,Unalaska,US,America/Anchorage,UMB
UNT,Baltasound,,GB,Europe/London,UNT
UNU,Dodge County,Juneau,US,America/Chicago,UNU
UOA,Mururoa Airstrip,,PF,Pacific/Tahiti,UOA
UOL,Buol,Kali,ID,Asia/Makassar,UOL
UON,Muong Sai,Muang Xay,LA,Asia/Vientiane,UON
UOS,Franklin County,Sewanee,US,America/Chicago,UOS
UOX,University-Oxford,University,US,America/Chicago,UOX
UPA,Punta Alegre,Chambas,CU,America/Havana,UPA
UPB,Playa Baracoa,Bauta,CU,America/Havana,UPB
UPG,Sultan Hasanuddin International Airport,Makassar,ID,Asia/Makassar,UPG
UPL,Upala,Bijagua,CR,America/Costa_Rica,UPL
UPN,Licenciado y General Ignacio Lopez Rayon Airport,Uruapan,MX,America/Mexico_City,UPN
UPP,Upolu Point,Hawi,US,Pacific/Honolulu,UPP
UPR,Upiara,,PG,Pacific/Port_Moresby,UPR
UPV,Upavon,Rushall,GB,Europe/London,UPV
UQE,Queen,,US,America/Anchorage,UQE
URA,Uralsk Airport,Oral,KZ,Asia/Oral,URA
URB,Ernesto Pochler,Castilho,BR,America/Sao_Paulo,URB
URC,Urumqi Diwopu International Airport,,CN,Asia/Shanghai,URC
URD,Burg Feuerstein,Ebermannstadt,DE,Europe/Berlin,URD
URE,Kuressaare Airport,Kuressaare,EE,Europe/Tallinn,URE
URG,Ruben Berta Airport,Uruguaiana,BR,America/Sao_Paulo,URG
URI,Uribe,Mesetas,CO,America/Bogota,URI
URJ,Uraj Airport,Uray,RU,Asia/Yekaterinburg,URJ
URM,Uriman,,VE,America/Caracas,URM
URN,Urgoon,Urgun,AF,Asia/Kabul,URN
URO,Boos,Boos,FR,Europe/Paris,URO
URR,Urrao,Urrao,CO,America/Bogota,URR
URS,Kursk Vostochny Airport,Kursk,RU,Europe/Moscow,URS
URT,Surat Thani Airport,Phunphin,TH,Asia/Bangkok,URT
URU,Uroubi,Popondetta,PG,Pacific/Port_Moresby,URU
URY,Gurayat Airport,Al Qurayyat,SA,Asia/Riyadh,URY
URZ,Uruzgan,Uruzgan,AF,Asia/Kabul,URZ
USA,Concord-Padgett Regional Airport,Harrisburg,US,America/New_York,USA
USC,Union County Airport,Union,US,America/New_York,USC
USH,Malvinas Argentinas International Airport,Ushuaia,AR,America/Argentina/Ushuaia,USH
USI,Mabaruma,Mabaruma,GY,America/Guyana,USI
USJ,Usharal,Sarkand,KZ,Asia/Almaty,USJ
USK,Usinsk Airport,Usinsk,RU,Europe/Moscow,USK
USL,Useless Loop,Carnarvon,AU,Australia/Perth,USL
USM,Koh Samui Airport,Ko Samui,TH,Asia/Bangkok,USM
USN,Ulsan Airport,Ulsan,KR,Asia/Seoul,USN
USO,Usino,,PG,Pacific/Port_Moresby,USO
USQ,Usak,Usak,TR,Europe/Istanbul,USQ
USR,Ust-Nera Airport,Ust-Nera,RU,Asia/Ust-Nera,USR
USS,Sancti Spiritus,Sancti Spiritus,CU,America/Havana,USS
UST,St. Augustine Airport,Villano Beach,US,America/New_York,UST
USU,Busuanga Airport,,PH,Asia/Manila,USU
UTA,Mutare,Mutare,ZW,Africa/Harare,UTA
UTB,Muttaburra,,AU,Australia/Brisbane,UTB
UTC,Soesterberg,De Bilt,NL,Europe/Amsterdam,UTC
UTD,Nutwood Downs,,AU,Australia/Darwin,UTD
UTG,Quthing,Quthing,LS,Africa/Maseru,UTG
UTH,Udon Thani International Airport,Udon Thani,TH,Asia/Bangkok,UTH
UTI,Utti,Kouvola,FI,Europe/Helsinki,UTI
UTK,Utirik Island,Utrik,MH,Pacific/Majuro,UTK
UTL,Torremolinos,Torremolinos,ES,Europe/Madrid,UTL
UTM,Tunica Municipalcipal Airport,Tunica,US,America/Chicago,UTM
UTN,Upington Airport,Upington,ZA,Africa/Johannesburg,UTN
UTO,Indian Mountain AFS,,US,America/Anchorage,UTO
UTP,Utapao Airport,Ban Chang,TH,Asia/Bangkok,UTP
UTR,Uttaradit,Uttaradit,TH,Asia/Bangkok,UTR
UTS,Ust-Tsilma,Ust-Tsilma,RU,Europe/Moscow,UTS
UTT,Umtata Airport,Mthatha,ZA,Africa/Johannesburg,UTT
UTU,Ustupo,El Porvenir,PA,America/Panama,UTU
UTW,Queenstown,Queenstown,ZA,Africa/Johannesburg,UTW
UUA,Bugulma Airport,Bugul'ma,RU,Europe/Moscow,UUA
UUD,Ulan-Ude Airport,Zarechnyy,RU,Asia/Irkutsk,UUD
UUK,Kuparuk,,US,America/Anchorage,UUK
UUN,Baruun-Urt,Baruun-Urt,MN,Asia/Choibalsan,UUN
UUS,Yuzhno-Sakhalinsk Airport,Yuzhno-Sakhalinsk,RU,Asia/Srednekolymsk,UUS
UUU,Manumu,,PG,Pacific/Port_Moresby,UUU
UVA,Garner Field,Uvalde,US,America/Chicago,UVA
UVE,Ouvea Airport,Fayaoue,NC,Pacific/Noumea,UVE
UVF,Hewanorra Airport,Vieux Fort,LC,America/St_Lucia,SLU
UVI,União da Vitória Airport,Porto Uniao,BR,America/Sao_Paulo,UVI
UVL,Kharga,Al Kharijah,EG,Africa/Cairo,UVL
UVO,Uvol,,PG,Pacific/Port_Moresby,UVO
UWA,Ware,Ware,US,America/New_York,UWA
UYL,Nyala,Nyala,SD,Africa/Khartoum,UYL
UYN,Yulin Yuyang Airport,Yulin,CN,Asia/Shanghai,UYN
UYU,Uyuni,Uyuni,BO,America/La_Paz,UYU
UZC,Uzice-Ponikve,Bajina Basta,RS,Europe/Belgrade,UZC
UZH,Unayzah,Unaizah,SA,Asia/Riyadh,UZH
UZM,Hope Bay,,CA,America/Cambridge_Bay,UZM
UZR,Urzhar Airport,Urzhar,KZ,Asia/Almaty,UZR
UZU,Curuzu Cuatia,Curuzu Cuatia,AR,America/Argentina/Cordoba,UZU
VAA,Vaasa Airport,Ristinummi,FI,Europe/Helsinki,VAA
VAB,Yavarate,Mitu,CO,America/Bogota,VAB
VAC,Varrelbusch,Garrel,DE,Europe/Berlin,VAC
VAD,Moody AFB,,US,America/New_York,VLD
VAF,Chabeuil,Malissard,FR,Europe/Paris,VAF
VAG,Major-Brigadeiro Trompowsky Airport,Varginha,BR,America/Sao_Paulo,VAG
VAH,Vallegrande,Vallegrande,BO,America/La_Paz,VAH
VAI,Vanimo Airport,Vanimo,PG,Pacific/Port_Moresby,VAI
VAK,Chevak Airport,,US,America/Nome,VAK
VAL,Valenca,Valenca,BR,America/Bahia,VAL
VAM,Villa International Airport Maamigili,Mahibadhoo,MV,Indian/Maldives,VAM
VAN,Van Ferit Melen Airport,Van,TR,Europe/Istanbul,VAN
VAO,Suavanao Airstrip,,SB,Pacific/Guadalcanal,VAO
VAP,Valparaiso,Valparaiso,CL,America/Santiago,VAP
VAR,Varna Airport,Aksakovo,BG,Europe/Sofia,VAR
VAS,Sivas Airport,Sivas,TR,Europe/Istanbul,VAS
VAT,Vatomandry,Andovoranto,MG,Indian/Antananarivo,VAT
VAU,Vatukoula,,FJ,Pacific/Fiji,VAU
VAV,Lupepau'u Airport,Neiafu,TO,Pacific/Tongatapu,VAV
VAW,Vardoe Airport,Vuorea,NO,Europe/Oslo,VAW
VBA,Ann,Minbu,MM,Asia/Rangoon,VBA
VBC,Mandalay Chanmyathazi Airport,Mandalay,MM,Asia/Yangon,VBC
VBG,Vandenberg AFB,Lompoc,US,America/Los_Angeles,LPC
VBM,Blue Mountain,,US,America/Anchorage,VBM
VBP,Bokpyin Airport,Tha Sae,MM,Asia/Rangoon,VBP
VBS,Montichiari Airport,Vighizzolo,IT,Europe/Rome,VRN
VBV,Vanuabalavu,Alo,FJ,Pacific/Fiji,VBV
VBY,Visby Airport,Visby,SE,Europe/Stockholm,VBY
VCA,Can Tho Airport,Can Tho,VN,Asia/Ho_Chi_Minh,VCA
VCB,View Cove,,US,America/Anchorage,VCB
VCC,New Vacaria Airport,Vacaria,BR,America/Sao_Paulo,VCC
VCD,Victoria River Downs,Katherine,AU,Australia/Darwin,VCD
VCE,Venice Marco Polo Airport,Tessera,IT,Europe/Rome,VCE
VCF,Valcheta Airport,Valcheta,AR,America/Argentina/Salta,VCF
VCH,Vichadero,Isidoro Noblia,UY,America/Montevideo,VCH
VCL,Chu Lai International Airport,Nui Thanh,VN,Asia/Ho_Chi_Minh,VCL
VCP,Viracopos Airport,Indaiatuba,BR,America/Sao_Paulo,SAO
VCR,Carora,Carora,VE,America/Caracas,VCR
VCS,Con Dao,Vinh Binh,VN,Asia/Ho_Chi_Minh,VCS
VCT,County-Foster,Victoria,US,America/Chicago,VCT
VCV,Southern California Logistics,Victorville,US,America/Los_Angeles,VCV
VDA,Ovda Airport,Eilat,IL,Asia/Jerusalem,ETH
VDB,Valdres Lufthavn Leirin,Fagernes,NO,Europe/Oslo,VDB
VDC,Vitoria Da Conquista Airport,Vitoria da Conquista,BR,America/Bahia,VDC
VDE,Hierro Airport,Valverde,ES,Atlantic/Canary,VDE
VDH,Dong Hoi Airport,Kwang Binh,VN,Asia/Ho_Chi_Minh,VDH
VDI,Vidalia Municipal Airport,Vidalia,US,America/New_York,VDI
VDM,Gobernador Edgardo Castello Airport,Viedma,AR,America/Argentina/Salta,VDM
VDO,Van Don,Cam Pha Mines,VN,Asia/Ho_Chi_Minh,VDO
VDP,Valle De Pascua,Valle de La Pascua,VE,America/Caracas,VDP
VDR,Villa Dolores,Villa Dolores,AR,America/Argentina/Cordoba,VDR
VDS,Vadso Airport,Vadso,NO,Europe/Oslo,VDS
VDU,Tom O'Connor Oilfield,Refugio,US,America/Chicago,RFG
VDY,Jindal,Sandur,IN,Asia/Kolkata,VDY
VDZ,Valdez Municipal Airport,Valdez,US,America/Anchorage,VDZ
VEE,Venetie,Eielson Air Force Base,US,America/Anchorage,VEE
VEG,Maikwak,Mahdia,GY,America/Guyana,VEG
VEL,Vernal Regional Airport,Naples,US,America/Denver,VEL
VER,Veracruz International Airport,Hacienda Sotavento,MX,America/Mexico_City,VER
VEV,Barakoma,Buala,SB,Pacific/Guadalcanal,VEV
VEX,Tioga Municipal Airport,Mansfield,US,America/Chicago,VEX
VEY,Vestmannaeyjar,Vestmannaeyjar,IS,Atlantic/Reykjavik,VEY
VFA,Victoria Falls Airport,Victoria Falls,ZW,Africa/Harare,VFA
VGA,Vijayawada Airport,Gannavaram,IN,Asia/Kolkata,VGA
VGD,Vologda Airport,Vologda,RU,Europe/Moscow,VGD
VGG,Vangrieng,Tolga,LA,Asia/Vientiane,VGG
VGO,Vigo Airport,Redondela,ES,Europe/Madrid,VGO
VGS,General Villegas,General Villegas,AR,America/Argentina/Buenos_Aires,VGS
VGT,North Air Terminal,Paradise,US,America/Los_Angeles,LAS
VGZ,Villagarzon,Villagarzon,CO,America/Bogota,VGZ
VHC,Saurimo,Saurimo,AO,Africa/Luanda,VHC
VHM,Vilhelmina Airport,Vilhelmina,SE,Europe/Stockholm,VHM
VHN,Culberson County,Van Horn,US,America/Chicago,VHN
VHV,Verhnevilyuisk,Verkhnevilyuysk,RU,Asia/Yakutsk,VHV
VHY,Charmeil,Creuzier-le-Vieux,FR,Europe/Paris,VHY
VHZ,Vahitahi,,PF,Pacific/Tahiti,VHZ
VIA,Vienna,Videira,BR,America/Sao_Paulo,VIA
VIB,Villa Constitucion,Ciudad Constitucion,MX,America/Mazatlan,VIB
VIC,Trissino,,IT,Europe/Rome,VIC
VIE,Vienna International Airport,Fischamend Dorf,AT,Europe/Vienna,VIE
VIF,Vieste,Vieste,IT,Europe/Rome,VIF
VIG,El Vigia,El Vigia,VE,America/Caracas,VIG
VIH,Rolla National,Belle,US,America/Chicago,VIH
VII,Vinh Airport,Hung Nguyen,VN,Asia/Ho_Chi_Minh,VII
VIJ,Virgin Gorda Airport,Tortola,VG,America/Tortola,VIJ
VIK,Airstrip,,US,America/Anchorage,VIK
VIL,Dakhla Airport,Dakhla,MA,Africa/Casablanca,VIL
VIN,Havryshivka Vinnytsia International Airport,Vinnytsya,UA,Europe/Kiev,VIN
VIQ,Viqueque,Viqueque,TL,Asia/Dili,VIQ
VIR,Virginia,Durban,ZA,Africa/Johannesburg,DUR
VIS,Visalia,Goshen,US,America/Los_Angeles,VIS
VIT,Vitoria Airport,Salvatierra,ES,Europe/Madrid,VIT
VIU,Viru Harbour Airstrip,Gizo,SB,Pacific/Guadalcanal,VIU
VIV,Vivigani,,PG,Pacific/Port_Moresby,VIV
VIX,Eurico de Aguiar Salles Airport,Vila Velha,BR,America/Sao_Paulo,VIX
VIY,Villa Coublay,Velizy-Villacoublay,FR,Europe/Paris,PAR
VJB,Xai Xai,Xai-Xai,MZ,Africa/Maputo,VJB
VJI,Virginia Highlands,Abingdon,US,America/New_York,VJI
VJQ,Gurue,Mutuali,MZ,Africa/Maputo,VJQ
VKG,Rach Gia Airport,Rach Gia,VN,Asia/Ho_Chi_Minh,VKG
VKO,Vnukovo Airport,Vnukovo,RU,Europe/Moscow,MOW
VKS,Vicksburg,Vicksburg,US,America/Chicago,VKS
VKT,Vorkuta Airport,Vorkuta,RU,Europe/Moscow,VKT
VKW,West Kavik,,US,America/Anchorage,VKW
VLA,Vandalia,Vandalia,US,America/Chicago,VLA
VLC,Valencia Airport,,ES,Europe/Madrid,VLC
VLD,Valdosta Regional Airport,Valdosta,US,America/New_York,VLD
VLE,J t Robidoux,Grand Canyon Village,US,America/Phoenix,VLE
VLG,Villa Gesell,Mar del Plata,AR,America/Argentina/Buenos_Aires,VLG
VLI,Bauerfield Airport,,VU,Pacific/Efate,VLI
VLK,Volgodonsk,Tsimlyansk,RU,Europe/Moscow,VLK
VLL,Valladolid Airport,Villanubla,ES,Europe/Madrid,VLL
VLM,Villamontes,Villamontes,BO,America/La_Paz,VLM
VLN,Arturo Michelena International Airport,Los Guayos,VE,America/Caracas,VLN
VLO,Stolport,Vallejo,US,America/Los_Angeles,VLO
VLP,Vila Rica,Conceicao do Araguaia,BR,America/Cuiaba,VLP
VLR,Vallenar,Vallenar,CL,America/Santiago,VLR
VLS,Valesdir,Port-Vila,VU,Pacific/Efate,VLS
VLU,Velikiye Luki,Velikiye Luki,RU,Europe/Moscow,VLU
VLV,Carvajal,Valera,VE,America/Caracas,VLV
VLY,Anglesey Airport,Valley,GB,Europe/London,VLY
VME,Villa Mercedes,Villa Mercedes,AR,America/Argentina/San_Luis,VME
VMI,INC,Porto Murtinho,PY,America/Asuncion,VMI
VMU,Baimuru,,PG,Pacific/Port_Moresby,VMU
VNA,Saravane,Salavan,LA,Asia/Vientiane,VNA
VNC,Venice Municipalcipal,South Venice,US,America/New_York,VNC
VND,Vangaindrano,Vangaindrano,MG,Indian/Antananarivo,VND
VNE,Meucon,Vannes,FR,Europe/Paris,VNE
VNG,Viengxay,Vangviang,LA,Asia/Vientiane,VNG
VNO,Vilnius International Airport,Naujamiestis,LT,Europe/Vilnius,VNO
VNR,Vanrook,,AU,Australia/Brisbane,VNR
VNS,Lal Bahadur Shastri International Airport,Baragaon,IN,Asia/Kolkata,VNS
VNT,Ventspils,Khandbari,LV,Europe/Riga,VNT
VNX,Vilanculos Airport,Maxixe,MZ,Africa/Maputo,VNX
VNY,Van Nuys Airport,Northridge,US,America/Los_Angeles,LAX
VOD,Vodochody,,CZ,Europe/Prague,PRG
VOG,Volgograd International Airport,Gumrak,RU,Europe/Volgograd,VOG
VOH,Vohemar,Sambava,MG,Indian/Antananarivo,VOH
VOI,Voinjama,Voinjama,LR,Africa/Monrovia,VOI
VOK,Volk Field,New Lisbon,US,America/Chicago,VOK
VOL,Nea Anchialos,Nea Ionia,GR,Europe/Athens,VOL
VOT,Votuporanga,Votuporanga,BR,America/Sao_Paulo,VOT
VOZ,Voronezh Airport,Podgornoye,RU,Europe/Moscow,VOZ
VPE,Ondjiva,Ondjiva,AO,Africa/Luanda,VPE
VPG,Vipingo,Takaungu,KE,Africa/Nairobi,VPG
VPN,Vopnafjordur,Egilsstadir,IS,Atlantic/Reykjavik,VPN
VPS,Destin Fort Walton Beach Airport,Eglin Village,US,America/Chicago,VPS
VPY,Chimoio Airport,Chimoio,MZ,Africa/Maputo,VPY
VPZ,Porter County,Valparaiso,US,America/Chicago,VPZ
VQQ,Cecil Field,Jacksonville,US,America/New_York,JAX
VQS,Antonio Rivera Rodriguez Airport,Esperanza,PR,America/Puerto_Rico,VQS
VRA,Juan Gualberto Gomez Airport,Matanzas,CU,America/Havana,VRA
VRB,Vero Beach Municipal Airport,Vero Beach,US,America/New_York,VRB
VRC,Virac Airport,Calatagan,PH,Asia/Manila,VRC
VRE,Vredendal,Vredendal,ZA,Africa/Johannesburg,VRE
VRI,Varandey,Parma,RU,Europe/Moscow,VRI
VRK,Varkaus,Varkaus,FI,Europe/Helsinki,VRK
VRL,Vila Real Airport,Vila Real,PT,Europe/Lisbon,VRL
VRN,Verona Villafranca Airport,Dossobuono,IT,Europe/Rome,VRN
VRO,Kawama,Varadero,CU,America/Havana,VRO
VRS,Versailles,Versailles,US,America/Chicago,VRS
VRU,Vryburg,Vryburg,ZA,Africa/Johannesburg,VRU
VRY,Stolport (Not operational),Sorland,NO,Europe/Oslo,VRY
VRZ,Lavras Airport,Lavras,BR,America/Sao_Paulo,VRZ
VSA,Carlos Rovirosa Perez International Airport,El Bajio,MX,America/Mexico_City,VSA
VSE,Viseu Airport,Viseu,PT,Europe/Lisbon,VSE
VSF,State,Springfield,US,America/New_York,VSF
VSG,Lugansk,Luhansk,UA,Europe/Kiev,VSG
VSK,Vista Field,Kennewick,US,America/Los_Angeles,VSK
VSO,Phuoclong,Thi Tran Phuoc Long,VN,Asia/Ho_Chi_Minh,VSO
VST,Vasteras/Hasslo Airport,Vasteras,SE,Europe/Stockholm,STO
VTA,Victoria,Las Vegas,HN,America/Tegucigalpa,VTA
VTB,Vitebsk,Vitebsk,BY,Europe/Minsk,VTB
VTE,Wattay International Airport,Si Chiang Mai,LA,Asia/Vientiane,VTE
VTF,Vatulele,Nadi,FJ,Pacific/Fiji,VTF
VTG,Vung Tau,Vung Tau,VN,Asia/Ho_Chi_Minh,VTG
VTL,Vittel,Vittel,FR,Europe/Paris,VTL
VTM,Nevatim AFB,Dimona,IL,Asia/Jerusalem,VTM
VTN,Miller Field,Valentine,US,America/Chicago,VTN
VTU,Las Tunas,Las Tunas,CU,America/Havana,VTU
VTZ,Vishakhapatnam Airport,Gajuwaka,IN,Asia/Kolkata,VTZ
VUP,Valledupar Airport,Valledupar,CO,America/Bogota,VUP
VUS,Velikij Ustyug Airport,Velikiy Ustyug,RU,Europe/Moscow,VUS
VUU,Mvuu Camp,Blantyre,MW,Africa/Blantyre,VUU
VVB,Mahanoro,Mahanoro,MG,Indian/Antananarivo,VVB
VVC,La Vanguardia Airport,Villavicencio,CO,America/Bogota,VVC
VVI,Viru Viru International Airport,La Belgica,BO,America/La_Paz,SRZ
VVK,Vastervik,Vaestervik,SE,Europe/Stockholm,VVK
VVN,Malvinas,Pangoa,PE,America/Lima,VVN
VVO,Vladivostok International Airport,Artem,RU,Asia/Vladivostok,VVO
VVZ,Illizi Airport,Illizi,DZ,Africa/Algiers,VVZ
VXC,Lichinga Airport,Lichinga,MZ,Africa/Maputo,VXC
VXE,Cesaria Evora International Airport,Mindelo,CV,Atlantic/Cape_Verde,VXE
VXO,Vaxjo Airport,Vaexjoe,SE,Europe/Stockholm,VXO
VYD,Vryheid,Vryheid,ZA,Africa/Johannesburg,VYD
VYI,Vilyuisk,Vilyuysk,RU,Asia/Yakutsk,VYI
VYS,Illinois Valley Regnl,Peru,US,America/Chicago,VYS
WAA,Wales Airport,,US,America/Anchorage,WAA
WAB,Wabag,,PG,Pacific/Port_Moresby,WAB
WAC,Waca,Areka,ET,Africa/Addis_Ababa,WAC
WAD,Andriamena,,MG,Indian/Antananarivo,WAD
WAE,Wadi Ad Dawasir Airport,As Sulayyil,SA,Asia/Riyadh,WAE
WAF,Wana,Wana,PK,Asia/Karachi,WAF
WAG,Wanganui Airport,Wanganui,NZ,Pacific/Auckland,WAG
WAH,Wahpeton,Wahpeton,US,America/Chicago,WAH
WAI,Antsohihy,,MG,Indian/Antananarivo,WAI
WAJ,Wawoi Falls,,PG,Pacific/Port_Moresby,WAJ
WAK,Ankazoabo,Ankazoabo,MG,Indian/Antananarivo,WAK
WAL,Wallops Flight Center,Chincoteague,US,America/New_York,WAL
WAM,Ambatondrazaka,Ambatondrazaka,MG,Indian/Antananarivo,WAM
WAN,Waverney,,AU,Australia/Brisbane,WAN
WAO,Wabo,Ihu,PG,Pacific/Port_Moresby,WAO
WAP,Alto Palena,Palena,CL,America/Santiago,WAP
WAQ,Antsalova,,MG,Indian/Antananarivo,WAQ
WAR,Waris,Banda,ID,Asia/Jayapura,WAR
WAT,Waterford,Waterford,IE,Europe/Dublin,WAT
WAU,Wauchope,Port Macquarie,AU,Australia/Darwin,WAU
WAV,Kalkgurung,,AU,Australia/Darwin,WAV
WAW,Frederic Chopin Airport,Wlochy,PL,Europe/Warsaw,WAW
WAX,Zuwarah,Zuwarah,LY,Africa/Tripoli,WAX
WAY,Greene County,Waynesboro,US,America/New_York,WAY
WAZ,Warwick,Warwick,AU,Australia/Brisbane,WAZ
WBA,Wahai,Wahai,ID,Asia/Jayapura,WBA
WBB,Stebbins Airport,,US,America/Anchorage,WBB
WBC,Wapolu,,PG,Pacific/Port_Moresby,WBC
WBD,Befandriana,,MG,Indian/Antananarivo,WBD
WBE,Bealanana,Bealanana,MG,Indian/Antananarivo,WBE
WBG,Schleswig-jagel,Jagel,DE,Europe/Berlin,WBG
WBI,Broker Inn,,US,America/Denver,WBU
WBK,Community,West Branch,US,America/Detroit,WBK
WBM,Wapenamanda Airport,,PG,Pacific/Port_Moresby,WBM
WBN,Cummings Park,Woburn,US,America/New_York,WBN
WBO,Beroroha,,MG,Indian/Antananarivo,WBO
WBQ,Beaver,Fairbanks,US,America/Anchorage,WBQ
WBR,Big Rapids,Big Rapids,US,America/Detroit,WBR
WBU,Boulder Municipal,,US,America/Denver,WBU
WBW,Wilkes-Barre/Wyoming Valley,Wilkes-Barre,US,America/New_York,AVP
WCA,Gamboa,Castro,CL,America/Santiago,WCA
WCD,Carosue Dam Airport,Stoneville,AU,Australia/Perth,WCD
WCH,Chaiten,Chaiten,CL,America/Santiago,WCH
WCR,Chandalar,Ester,US,America/Anchorage,WCR
WDA,Wadi Ain,Al Hajab,YE,Asia/Aden,WDA
WDB,Deep Bay,,US,America/Sitka,WDB
WDG,Enid Woodring Mun.,Enid,US,America/Chicago,WDG
WDH,Hosea Kutako International Airport,,NA,Africa/Windhoek,WDH
WDI,Wondai,Wondai,AU,Australia/Brisbane,WDI
WDN,Waldron Island,,US,America/Los_Angeles,WDN
WDR,Winder,Winder,US,America/New_York,WDR
WDS,Shiyan Wudangshan Airport,Luancheng,CN,Asia/Shanghai,WDS
WDY,Kodiak Fss,Kodiak,US,America/Anchorage,ADQ
WEA,Parker County,Weatherford,US,America/Chicago,WEA
WED,Wedau,,PG,Pacific/Port_Moresby,WED
WEF,Weifang Airport,Weifang,CN,Asia/Shanghai,WEF
WEH,Weihai International Airport,Dashuipo,CN,Asia/Shanghai,WEH
WEI,Weipa Airport,Weipa,AU,Australia/Brisbane,WEI
WEL,Welkom,Welkom,ZA,Africa/Johannesburg,WEL
WEP,Weam,Kwikila,PG,Pacific/Port_Moresby,WEP
WES,Weasua Airport,Bopolu,LR,Africa/Monrovia,WES
WET,Wagethe,Bomomani,ID,Asia/Jayapura,WET
WEW,Wee Waa,Narrabri,AU,Australia/Sydney,WEW
WFB,Waterfront SPB,,US,America/Sitka,KTN
WFD,Woodford,Adlington,GB,Europe/London,WFD
WFI,Fianarantsoa,Fianarantsoa,MG,Indian/Antananarivo,WFI
WFK,Frenchville,Madawaska,US,America/New_York,WFK
WGA,Wagga Wagga Airport,Forest Hill,AU,Australia/Sydney,WGA
WGB,Bahawalnagar,Bahawalnagar,PK,Asia/Karachi,WGB
WGC,Warangal,Warangal,IN,Asia/Kolkata,WGC
WGE,Walgett,Lightning Ridge,AU,Australia/Sydney,WGE
WGN,Waitangi,Dargaville,NZ,Pacific/Auckland,WGN
WGO,Winchester Regional,Winchester,US,America/New_York,WGO
WGP,Waingapu Airport,Mangga Dua,ID,Asia/Makassar,WGP
WGT,Wangaratta,Wangaratta,AU,Australia/Melbourne,WGT
WGU,Wagau,,PG,Pacific/Port_Moresby,WGU
WGY,Wagny,Acurenam,GA,Africa/Libreville,WGY
WHA,Wuhu Xuanzhou Airport,Xinfeng,CN,Asia/Shanghai,WHA
WHB,Eliwana Airport,Eliwana,AU,Australia/Perth,WHB
WHD,SPB,,US,America/Sitka,WHD
WHF,Wadi Halfa,Abu Sunbul,SD,Africa/Khartoum,WHF
WHH,Hiltons Har H,,US,America/Denver,WBU
WHK,Whakatane Airport,Whakatane,NZ,Pacific/Auckland,WHK
WHL,Welshpool,Morwell,AU,Australia/Melbourne,WHL
WHO,Franz Josef,Hokitika,NZ,Pacific/Auckland,WHO
WHP,Whiteman,Los Angeles,US,America/Los_Angeles,LAX
WHS,Whalsay,Shetland,GB,Europe/London,WHS
WHT,Wharton,Wharton,US,America/Chicago,WHT
WHU,Wuhu,Jinghu,CN,Asia/Shanghai,WHU
WIB,Wilbarger County,Pekanbaru,US,America/Chicago,WIB
WIC,Wick Airport,Wick,GB,Europe/London,WIC
WIE,Air Base,Wiesbaden,DE,Europe/Berlin,WIE
WIK,Surfdale,Pakuranga,NZ,Pacific/Auckland,WIK
WIL,Wilson Airport,Nairobi,KE,Africa/Nairobi,NBO
WIN,Winton Airport,Hughenden,AU,Australia/Brisbane,WIN
WIO,Wilcannia,Broken Hill,AU,Australia/Sydney,WIO
WIR,Wairoa,Wairoa,NZ,Pacific/Auckland,WIR
WIT,Wittenoom,,AU,Australia/Perth,WIT
WIU,Witu,Kimbe,PG,Pacific/Port_Moresby,WIU
WJA,Woja,Airuk,MH,Pacific/Majuro,WJA
WJF,William J Fox,Lancaster,US,America/Los_Angeles,WJF
WJR,Wajir Airport,Wajir,KE,Africa/Nairobi,WJR
WJU,Wonju Airport,Wonju,KR,Asia/Seoul,WJU
WKA,Wanaka,Wanaka,NZ,Pacific/Auckland,WKA
WKB,Warracknabeal,Horsham,AU,Australia/Melbourne,WKB
WKF,Waterkloof AFB,Colesberg,ZA,Africa/Johannesburg,PRY
WKI,Hwange,Hwange,ZW,Africa/Harare,WKI
WKJ,Hokkaido Airport,Makubetsu,JP,Asia/Tokyo,WKJ
WKK,Aleknagik,,US,America/Anchorage,WKK
WKL,Waikoloa Airport,Kalaoa,US,Pacific/Honolulu,WKL
WKN,Wakunai,Arawa,PG,Pacific/Port_Moresby,WKN
WKR,Walker's Cay,High Rock,BS,America/Nassau,WKR
WLA,Wallal,,AU,Australia/Perth,WLA
WLB,Labouchere Bay,,US,America/Sitka,WLB
WLC,Walcha,Enmore,AU,Australia/Sydney,WLC
WLD,Arkansas City,Winfield,US,America/Chicago,WLD
WLE,Miles Airport,Westcourt,AU,Australia/Brisbane,WLE
WLG,Wellington International Airport,Wellington,NZ,Pacific/Auckland,WLG
WLH,Walaha,Saratamata,VU,Pacific/Efate,WLH
WLK,Selawik Airport,,US,America/Anchorage,WLK
WLL,Wollogorang,Mount Isa,AU,Australia/Darwin,WLL
WLM,Waltham,Waltham,US,America/New_York,WLM
WLN,Little Naukati,,US,America/Sitka,WLN
WLO,Waterloo,,AU,Australia/Darwin,WLO
WLP,West Angelas Airport,Tom Price,AU,Australia/Perth,WLP
WLR,Loring,,US,America/Sitka,WLR
WLS,Wallis Island Airport,Mata-Utu,WF,Pacific/Wallis,WLS
WLW,Glenn County,Rancho Tehama Reserve,US,America/Los_Angeles,WLW
WMA,Mandritsara,Antsirabe Afovoany,MG,Indian/Antananarivo,WMA
WMB,Warrnambool,Warrnambool,AU,Australia/Melbourne,WMB
WMC,Winnemucca,Winnemucca,US,America/Los_Angeles,WMC
WMD,Mandabe,Beroroha,MG,Indian/Antananarivo,WMD
WME,Mount Keith,,AU,Australia/Perth,WME
WMH,Mountain Home,Mountain Home,US,America/Chicago,WMH
WMI,Warsaw-Modlin Airport,Zakroczym,PL,Europe/Warsaw,WAW
WMK,SPB,,US,America/Anchorage,WMK
WML,Malaimbandy,,MG,Indian/Antananarivo,WML
WMN,Maroantsetra,Maroantsetra,MG,Indian/Antananarivo,WMN
WMO,White Mountain Airport,Nome,US,America/Anchorage,WMO
WMP,Mampikony,Tsaratanana,MG,Indian/Antananarivo,WMP
WMR,Mananara,Mananara,MG,Indian/Antananarivo,WMR
WMT,Zunyi Maotai Airport,Daba,CN,Asia/Shanghai,WMT
WMV,Madirovalo,Ambato Boeny,MG,Indian/Antananarivo,WMV
WMX,Wamena Airport,Wurigelebur,ID,Asia/Jayapura,WMX
WNA,Napakiak Sea Plane Base,,US,America/Anchorage,WNA
WNC,Naukati Bay SPB,,US,America/Anchorage,WNC
WND,Windarra,,AU,Australia/Perth,WND
WNE,Wora Na Ye,Omboue,GA,Africa/Libreville,WNE
WNH,Wenshan Puzhehei Airport,Wenshan City,CN,Asia/Shanghai,WNH
WNI,Matahora Airport,Katabu,ID,Asia/Makassar,WNI
WNN,Wunnummin Lake Airport,,CA,America/Winnipeg,WNN
WNP,Naga Airport,San Agustin,PH,Asia/Manila,WNP
WNR,Windorah,,AU,Australia/Brisbane,WNR
WNS,Nawabshah,Nawabshah,PK,Asia/Karachi,WNS
WNU,Wanuma,Madang,PG,Pacific/Port_Moresby,WNU
WNZ,Wenzhou Longwan International Airport,Qidu,CN,Asia/Shanghai,WNZ
WOA,Wonenara,,PG,Pacific/Port_Moresby,WOA
WOD,Wood River,Wood River,US,America/Anchorage,WOD
WOE,Woensdrecht,Woensdrecht,NL,Europe/Amsterdam,WOE
WOG,Woodgreen Airport,,AU,Australia/Darwin,WOG
WOK,Wonken,Santa Elena de Uairen,VE,America/Caracas,WOK
WOL,Wollongong,Albion Park Rail,AU,Australia/Sydney,WOL
WON,Wondoola,,AU,Australia/Brisbane,WON
WOO,Woodchopper,,US,America/Anchorage,WOO
WOR,Moramba,,MG,Indian/Antananarivo,WOR
WOS,Wonsan,,KP,Asia/Pyongyang,WOS
WOT,Wonan,Ma-kung,TW,Asia/Taipei,WOT
WOW,Willow,Willow,US,America/Anchorage,WOW
WPA,Puerto Aisen,Puerto Aisen,CL,America/Santiago,WPA
WPB,Port Berge,Antsohihy,MG,Indian/Antananarivo,WPB
WPC,Pincher Creek,,CA,America/Edmonton,WPC
WPK,Wrotham Park,Mareeba,AU,Australia/Brisbane,WPK
WPL,Powell Lake,,CA,America/Vancouver,WPL
WPM,Wipim,,PG,Pacific/Port_Moresby,WPM
WPO,North Fork Valley,Paonia,US,America/Denver,WPO
WPR,Porvenir,Punta Arenas,CL,America/Santiago,WPR
WPU,Puerto Williams,Ushuaia,CL,America/Santiago,WPU
WRA,Warder,Dhuusamarreeb,ET,Africa/Addis_Ababa,WRA
WRB,Robins AFB,Centerville,US,America/New_York,MCN
WRE,Whangarei Airport,Whangarei,NZ,Pacific/Auckland,WRE
WRG,Wrangell Airport,,US,America/Anchorage,WRG
WRH,Wrench Creek,,US,America/Anchorage,WRH
WRI,Mc Guire AFB,Groveville,US,America/New_York,WRI
WRL,Worland Municipalcipal,Worland,US,America/Denver,WRL
WRN,Windarling Airport,Merredin,AU,Australia/Perth,WRN
WRO,Wroclaw Airport,Smolec,PL,Europe/Warsaw,WRO
WRT,Warton Aerodrome,Warton,GB,Europe/London,WRT
WRW,Warrawagine,Port Hedland,AU,Australia/Perth,WRW
WRY,Westray Airport,Kirkwall,GB,Europe/London,WRY
WRZ,Wirawila,Tangalla,LK,Asia/Colombo,WRZ
WSA,Wasua,Daru,PG,Pacific/Port_Moresby,WSA
WSB,SPB,Virginia City,US,America/Anchorage,WSB
WSD,Condron AAF,White Sands,US,America/Denver,WSD
WSF,Sarichef,Akutan,US,America/Anchorage,WSF
WSG,County,Washington,US,America/New_York,WSG
WSH,Brookhaven,Mastic Beach,US,America/New_York,WSH
WSJ,San Juan SPB,Kodiak Station,US,America/Anchorage,WSJ
WSK,Chongqing Wushan Airport,Quchi,CN,Asia/Shanghai,WSK
WSM,Wiseman,Nuiqsut,US,America/Anchorage,WSM
WSN,South Naknek,Dillingham,US,America/Anchorage,WSN
WSO,Washabo,Skeldon,SR,America/Paramaribo,WSO
WSP,Waspam,Waspam,NI,America/Managua,WSP
WSR,Wasior,Wasior,ID,Asia/Jayapura,WSR
WST,Westerly State,Westerly,US,America/New_York,WST
WSU,Wasu,Lae,PG,Pacific/Port_Moresby,WSU
WSX,Westsound,Friday Harbor,US,America/Los_Angeles,WSX
WSY,Whitsunday Airstrip,Proserpine,AU,Australia/Brisbane,WSY
WSZ,Westport Airport,Westport,NZ,Pacific/Auckland,WSZ
WTA,Tambohorano,Maintirano,MG,Indian/Antananarivo,WTA
WTB,Toowoomba Wellcamp Airport,Westbrook,AU,Australia/Queensland,TWB
WTC,World Trade Center,,US,America/New_York,NYC
WTD,West End,West End,BS,America/Nassau,WTD
WTE,Wotje Island,Wotje,MH,Pacific/Majuro,WTE
WTK,Noatak,Kotzebue,US,America/Anchorage,WTK
WTL,Tuntutuliak,,US,America/Anchorage,WTL
WTN,Waddington RAF Station,Waddington,GB,Europe/London,WTN
WTO,Wotho Island,Wotho,MH,Pacific/Majuro,WTO
WTP,Woitape,Kokoda,PG,Pacific/Port_Moresby,WTP
WTR,White River,Whiteriver,US,America/Phoenix,WTR
WTS,Tsiroanomandidy,Tsiroanomandidy,MG,Indian/Antananarivo,WTS
WTT,Wantoat,Kainantu,PG,Pacific/Port_Moresby,WTT
WTZ,Whitianga,Whitianga,NZ,Pacific/Auckland,WTZ
WUA,Wuhai Airport,Wuhai,CN,Asia/Shanghai,WUA
WUD,Wudinna,Caralue,AU,Australia/Adelaide,WUD
WUG,Wau,,PG,Pacific/Port_Moresby,WUG
WUH,Wuhan Tianhe International Airport,,CN,Asia/Shanghai,WUH
WUI,Murrin Murrin Airport,Kalgoorlie,AU,Australia/Perth,WUI
WUM,Wasum,Kandrian,PG,Pacific/Port_Moresby,WUM
WUN,Wiluna,,AU,Australia/Perth,WUN
WUS,Wuyishan Airport,Xingtian,CN,Asia/Shanghai,WUS
WUT,Xinzhou Wutaishan Airport,Jinchang,CN,Asia/Shanghai,WUT
WUU,Wau,Wau,SS,Africa/Juba,WUU
WUV,Wuvulu Island,Aitape,PG,Pacific/Port_Moresby,WUV
WUX,Sunan Shuofang International Airport,Shuofang,CN,Asia/Shanghai,WUX
WUZ,Changzhoudao,Longxu,CN,Asia/Shanghai,WUZ
WVB,Rooikop Airport,Walvis Bay,NA,Africa/Windhoek,WVB
WVI,Watsonville,Watsonville,US,America/Los_Angeles,WVI
WVK,Manakara,Manakara,MG,Indian/Antananarivo,WVK
WVL,Robert Lafleur,Oakland,US,America/New_York,WVL
WVN,Wilhelmshaven,Wilhelmshaven,DE,Europe/Berlin,WVN
WWA,Wasilla,Wasilla,US,America/Anchorage,WWA
WWD,Cape May County,Erma,US,America/New_York,WWD
WWI,Woodie Woodie,,AU,Australia/Perth,WWI
WWK,Boram Airport,Wewak,PG,Pacific/Port_Moresby,WWK
WWP,Whale Pass,Petersburg,US,America/Anchorage,WWP
WWR,West Woodward,Woodward,US,America/Chicago,WWR
WWT,Newtok,Hooper Bay,US,America/Anchorage,WWT
WWY,West Wyalong,West Wyalong,AU,Australia/Sydney,WWY
WXN,Wanxian Airport,Wuqiao,CN,Asia/Shanghai,WXN
WYA,Whyalla Airport,Whyalla,AU,Australia/Adelaide,WYA
WYB,SPB,,US,America/Anchorage,WYB
WYE,Yengema,Motema,SL,Africa/Freetown,WYE
WYN,Wyndham,Kununurra,AU,Australia/Perth,WYN
WYS,Yellowstone Airport,West Yellowstone,US,America/Denver,WYS
WZA,Wa Airport,Wa,GH,Africa/Accra,WZA
WZQ,Urad Middle Banner,Haliut,CN,Asia/Shanghai,WZQ
WZY,Paradise Island Seaplane Base,Nassau,BS,America/Nassau,NAS
XAA,Yerevan Stadium,Yerevan,AM,Asia/Yerevan,EVN
XAI,Xinyang Minggang Airport,Minggang,CN,Asia/Shanghai,XAI
XAL,Alamos,Alamos,MX,America/Hermosillo,XAL
XAP,Chapeco Airport,Chapeco,BR,America/Sao_Paulo,XAP
XAR,Aribinda,Deou,BF,Africa/Ouagadougou,XAR
XAU,Saul,Camopi,GF,America/Cayenne,XAU
XAY,Xayabury,Con Cuong,LA,Asia/Vientiane,XAY
XBB,Blubber Bay,,CA,America/Vancouver,XBB
XBE,Bearskin Lake,,CA,America/Winnipeg,XBE
XBG,Bogande,Bogande,BF,Africa/Ouagadougou,XBG
XBJ,Birjand Airport,Birjand,IR,Asia/Tehran,XBJ
XBL,Buno Bedelle,Bedele,ET,Africa/Addis_Ababa,XBL
XBN,Biniguni,Alotau,PG,Pacific/Port_Moresby,XBN
XBO,Boulsa,Boulsa,BF,Africa/Ouagadougou,XBO
XBR,Brockville,Brockville,CA,America/Toronto,XBR
XBW,Killineq,Aylmer,CA,America/Montreal,XBW
XCH,Christmas Island Airport,Flying Fish Cove,CX,Indian/Christmas,XCH
XCL,Cluff Lake,,CA,America/Regina,XCL
XCM,Chatham,Walpole Island,CA,America/Toronto,XCM
XCN,Coron Airport,Coron,PH,Asia/Manila,XCN
XCO,Colac,Colac,AU,Australia/Melbourne,XCO
XCR,Chalons Vatry Airport,Mailly-le-Camp,FR,Europe/Paris,PAR
XDE,Diebougou,Diebougou,BF,Africa/Ouagadougou,XDE
XDJ,Djibo,Djibo,BF,Africa/Ouagadougou,XDJ
XEN,Xingcheng,Kuancheng,CN,Asia/Shanghai,XEN
XEO,Harbour,,GL,America/Godthab,XEO
XEQ,Harbour,Nanortalik,GL,America/Godthab,XEQ
XES,Lake Geneva Aire Estates Airport,Lake Geneva,US,America/Chicago,XES
XEX,Aerogare,Torcy,FR,Europe/Paris,PAR
XFN,Xiangyang Airport,Shuanggou,CN,Asia/Shanghai,XFN
XFW,Hamburg Finkenwerder Airport,Isernhagen Farster Bauerschaft,DE,Europe/Berlin,HAM
XFZ,Charny,Breakeyville,CA,America/Montreal,YQB
XGA,Gaoua,Gaoua,BF,Africa/Ouagadougou,XGA
XGG,Gorom-Gorom,Gorom-Gorom,BF,Africa/Ouagadougou,XGG
XGL,Granville Lake,,CA,America/Winnipeg,XGL
XGN,Xangongo,Outapi,AO,Africa/Luanda,XGN
XGR,Kangiqsualujjuaq Airport,,CA,America/Montreal,XGR
XHN,"Guillemins, Raiway Stn",Liege,BE,Europe/Brussels,LGG
XIC,Xichang Airport,Xichang,CN,Asia/Shanghai,XIC
XIE,Xienglom,Chaloem Phra Kiat,LA,Asia/Vientiane,XIE
XIG,Xinguara,Sao Geraldo do Araguaia,BR,America/Belem,XIG
XIJ,Ahmed Al Jaber,Al Ahmadi,KW,Asia/Kuwait,XIJ
XIL,Xilinhot Airport,Xilin Hot,CN,Asia/Shanghai,XIL
XIN,Xingning,Shejiang,CN,Asia/Shanghai,XIN
XIQ,Harbour,Ilulissat,GL,America/Godthab,XIQ
XIY,Xianyang International Airport,Dizhang,CN,Asia/Shanghai,SIA
XJD,Al Udeid AB,Ar Rayyan,QA,Asia/Qatar,XJD
XJH,Hong Kong Harbour,Wan Chai,HK,Asia/Hong_Kong,HKG
XJM,Mangla Airport,Jhelum,PK,Asia/Karachi,XJM
XKA,Kantchari,Diapaga,BF,Africa/Ouagadougou,XKA
XKH,Xieng Khouang Airport,Muang Phonsavan,LA,Asia/Vientiane,XKH
XKO,Kemano,,CA,America/Vancouver,XKO
XKS,Kasabonika,,CA,America/Winnipeg,XKS
XKY,Kaya,Kaya,BF,Africa/Ouagadougou,XKY
XLB,Lac Brochet,,CA,America/Winnipeg,XLB
XLF,Leaf Bay,,CA,America/Montreal,XLF
XLO,Long Xuyen,Lap Vo,VN,Asia/Ho_Chi_Minh,XLO
XLS,St Louis,Saint-Louis,SN,Africa/Dakar,XLS
XLU,Leo,Leo,BF,Africa/Ouagadougou,XLU
XLW,Lemwerder,Lemwerder,DE,Europe/Berlin,XLW
XMA,Maramag,Maramag,PH,Asia/Manila,XMA
XMC,Mallacoota,Eden,AU,Australia/Melbourne,XMC
XMD,Madison,Madison,US,America/Chicago,XMD
XMG,Mahendranagar,Banbasa,NP,Asia/Kathmandu,XMG
XMH,Manihi,Tiarei,PF,Pacific/Tahiti,XMH
XMI,Masasi,Masasi,TZ,Africa/Dar_es_Salaam,XMI
XML,Minlaton,Honiton,AU,Australia/Adelaide,XML
XMN,Xiamen Gaoqi International Airport,Yingcun,CN,Asia/Shanghai,XMN
XMP,Macmillan Pass,,CA,America/Whitehorse,XMP
XMS,Macas,Macas,EC,America/Guayaquil,XMS
XMY,Yam Island,Thursday Island,AU,Australia/Brisbane,XMY
XNA,Northwest Arkansas Regional,Cave Springs,US,America/Chicago,FYV
XNG,Quang Ngai,Quang Ngai,VN,Asia/Ho_Chi_Minh,XNG
XNH,Nasiriyah Airport,An Nasiriyah,IQ,Asia/Baghdad,XNH
XNN,Xining Caojiabao Airport,Gaozhai,CN,Asia/Shanghai,XNN
XNT,Xingtai,Xingtai,CN,Asia/Shanghai,XNT
XNU,Nouna,Nouna,BF,Africa/Ouagadougou,XNU
XNY,39th Street Ferry,Weehawken,US,America/New_York,NYC
XOF,Stratford International Rail Station,,GB,Europe/London,LON
XPA,Pama,Pama,BF,Africa/Ouagadougou,XPA
XPK,Pukatawagan,,CA,America/Winnipeg,XPK
XPL,Coronel Enrique Soto Cano AB,Comayagua,HN,America/Tegucigalpa,XPL
XPP,Poplar River,,CA,America/Winnipeg,XPP
XPR,Pine Ridge,Pine Ridge,US,America/Denver,XPR
XPU,West Kuparuk,Prudhoe Bay,US,America/Anchorage,XPU
XPZ,Harbour,Saint-Tropez,FR,Europe/Paris,LTT
XQP,Quepos Airport,Quepos,CR,America/Costa_Rica,XQP
XQU,Qualicum,Parksville,CA,America/Vancouver,XQU
XRH,Richmond AFB,Richmond,AU,Australia/Sydney,XRH
XRQ,Xinbarag Youqi Baogede Airport,Hulun,CN,Asia/Shanghai,XRQ
XRR,Ross River,,CA,America/Whitehorse,XRR
XRY,Jerez Airport,,ES,Europe/Madrid,XRY
XSB,Sir Bani Yas Island Airport,,AE,Asia/Dubai,XSB
XSC,International,Cockburn Town,TC,America/Grand_Turk,XSC
XSD,Test Range,Tonopah,US,America/Los_Angeles,TPH
XSE,Sebba,Sebba,BF,Africa/Ouagadougou,XSE
XSI,South Indian Lake,,CA,America/Winnipeg,XSI
XSM,St Marys,Leonardtown,US,America/New_York,XSM
XSO,Siocon,Siocon,PH,Asia/Manila,XSO
XSP,Seletar,,SG,Asia/Singapore,SIN
XTG,Thargomindah,Bourke,AU,Australia/Brisbane,XTG
XTL,Tadoule Lake,,CA,America/Winnipeg,XTL
XTO,Taroom,Taroom,AU,Australia/Brisbane,XTO
XTR,Tara,Chinchilla,AU,Australia/Brisbane,XTR
XTT,Etoile,Paris,FR,Europe/Paris,PAR
XUZ,Xuzhou Guanyin Airport,Suicheng,CN,Asia/Shanghai,XUZ
XVL,Vinh Long,Vinh Long,VN,Asia/Ho_Chi_Minh,XVL
XWA,Williston Basin International Airport,Williston,CA,America/Toronto,XWA
XWZ,Nykoping,Nykoping,SE,Europe/Stockholm,XWZ
XXK,Katrineholm,Katrineholm,SE,Europe/Stockholm,XXK
XYA,Yandina,Honiara,SB,Pacific/Guadalcanal,XYA
XYE,Ye,Sangkhla Buri,MM,Asia/Rangoon,XYE
XYP,Avesta Krylbo,,SE,Europe/Stockholm,XYP
XYR,Yellow River,Ubrub,PG,Pacific/Port_Moresby,XYR
XZA,Zabre,Po,BF,Africa/Ouagadougou,XZA
YAA,Anahim Lake,,CA,America/Vancouver,YAA
YAB,Arctic Bay,,CA,America/Iqaluit,YAB
YAC,Cat Lake,,CA,America/Winnipeg,YAC
YAD,Moose Lake,,CA,America/Winnipeg,YAD
YAE,Alta Lake,,CA,America/Vancouver,YAE
YAF,Asbestos Hill,Asbestos,CA,America/Montreal,YAF
YAG,Fort Frances Municipal Airport,International Falls,CA,America/Winnipeg,YAG
YAH,Lagrande 4,,CA,America/Montreal,YAH
YAI,Chillan,Chillan,CL,America/Santiago,YAI
YAJ,Lyall Harbour,,CA,America/Vancouver,YAJ
YAK,Yakutat Airport,,US,America/Yakutat,YAK
YAL,Alert Bay,,CA,America/Vancouver,YAL
YAM,Sault Ste. Marie Airport,Sault Ste. Marie,CA,America/Toronto,YAM
YAN,Yangambi,Yangambi,CD,Africa/Lubumbashi,YAN
YAO,Yaounde Airport,Yaounde,CM,Africa/Douala,YAO
YAP,Yap International Airport,Colonia,FM,Pacific/Chuuk,YAP
YAQ,Maple Bay,,CA,America/Vancouver,YAQ
YAR,Lagrande 3,Chapais,CA,America/Montreal,YAR
YAS,Yasawa Island,Ba,FJ,Pacific/Fiji,YAS
YAT,Attawapiskat,,CA,America/Toronto,YAT
YAU,Kattiniq/donaldson,,CA,America/Montreal,YAU
YAV,Miners Bay,,CA,America/Vancouver,YAV
YAW,Shearwater,Dartmouth,CA,America/Halifax,YHZ
YAX,Angling Lake Airport,,CA,America/Winnipeg,YAX
YAY,St Anthony,Lewisporte,CA,America/St_Johns,YAY
YAZ,Tofino Airport,,CA,America/Vancouver,YAZ
YBA,Banff,Banff,CA,America/Edmonton,YBA
YBB,Kugaaruk,,CA,America/Cambridge_Bay,YBB
YBC,Baie-Comeau Airport,Baie-Comeau,CA,America/Montreal,YBC
YBD,New Westminster,New Westminster,CA,America/Vancouver,YBD
YBE,Uranium City,,CA,America/Regina,YBE
YBF,Bamfield,,CA,America/Vancouver,YBF
YBG,Saguenay-Bagotville Airport,,CA,America/Montreal,YBG
YBH,Bull Harbour,,CA,America/Vancouver,YBH
YBI,Black Tickle,,CA,America/Goose_Bay,YBI
YBJ,Baie Johan Beetz,,CA,America/Montreal,YBJ
YBK,Baker Lake,,CA,America/Rankin_Inlet,YBK
YBL,Campbell River Airport,,CA,America/Vancouver,YBL
YBM,Bronson Creek,,CA,America/Vancouver,YBM
YBN,Borden,Summerside,CA,America/Toronto,YBN
YBO,Bob Quinn Lake,Ketchikan,CA,America/Vancouver,YBO
YBP,Yibin Caiba Airport,Yibin,CN,Asia/Shanghai,YBP
YBQ,Telegraph Harbour,,CA,America/Vancouver,YBQ
YBR,Brandon Municipal Airport,Brandon,CA,America/Winnipeg,YBR
YBS,Musselwhite,,CA,America/Toronto,YBS
YBT,Brochet,,CA,America/Winnipeg,YBT
YBV,Berens River Airport,,CA,America/Winnipeg,YBV
YBW,Springbank,,CA,America/Vancouver,YBW
YBX,Blanc Sablon,,CA,America/Blanc-Sablon,YBX
YBY,Bonnyville,Bonnyville,CA,America/Edmonton,YBY
YCA,Courtenay,,CA,America/Vancouver,YCA
YCB,Cambridge Bay Airport,,CA,America/Cambridge_Bay,YCB
YCC,Regional,Cornwall,CA,America/Toronto,YCC
YCD,Nanaimo Airport,,CA,America/Vancouver,YCD
YCE,Centralia,South Huron,CA,America/Toronto,YCE
YCF,Cortes Bay,,CA,America/Vancouver,YCF
YCG,Castlegar Airport,Castlegar,CA,America/Vancouver,YCG
YCH,Miramichi,Miramichi,CA,America/Moncton,YCH
YCI,Caribou Island,,CA,America/Toronto,YCI
YCJ,Cape St James,,CA,America/Vancouver,YCJ
YCK,Colville Lake,,CA,America/Yellowknife,YCK
YCL,Charlo,Carleton-sur-Mer,CA,America/Moncton,YCL
YCM,Niagara District Airport,Niagara-on-the-Lake,CA,America/Toronto,YCM
YCN,Cochrane,,CA,America/Toronto,YCN
YCO,Kugluktuk Airport,,CA,America/Cambridge_Bay,YCO
YCP,Co-op Point,,CA,America/Winnipeg,YCP
YCQ,Chetwynd,,CA,America/Dawson_Creek,YCQ
YCR,Cross Lake,,CA,America/Winnipeg,YCR
YCS,Chesterfield Inlet,,CA,America/Rankin_Inlet,YCS
YCT,Coronation,Hanna,CA,America/Edmonton,YCT
YCU,Yuncheng Airport,Yuncheng,CN,Asia/Shanghai,YCU
YCV,Cartierville,,CA,America/Montreal,YCV
YCW,Chilliwack Municipalcipal Airport,Chilliwack,CA,America/Vancouver,YCW
YCX,Gagetown,,CA,America/Moncton,YCX
YCY,Clyde River,,CA,America/Iqaluit,YCY
YCZ,Fairmont Hot Springs,Invermere,CA,America/Edmonton,YCZ
YDA,Dawson City Airport,,CA,America/Dawson,YDA
YDB,Burwash Landings,,CA,America/Whitehorse,YDB
YDC,Industrial Airport,Drayton Valley,CA,America/Edmonton,YDC
YDE,Paradise River,,CA,America/Goose_Bay,YDE
YDF,Deer Lake Regional Airport,,CA,America/St_Johns,YDF
YDG,Digby,Digby,CA,America/Halifax,YDG
YDH,Daniels Harbour,,CA,America/St_Johns,YDH
YDI,Davis Inlet,,CA,America/Goose_Bay,YDI
YDJ,Hatchet Lake,,CA,America/Regina,YDJ
YDK,Main Duck Island,,CA,America/Toronto,YDK
YDL,Dease Lake,,CA,America/Vancouver,YDL
YDN,Dauphin,Dauphin,CA,America/Winnipeg,YDN
YDO,St Methode,Dolbeau-Mistassini,CA,America/Montreal,YDO
YDP,Nain,,CA,America/Goose_Bay,YDP
YDQ,Dawson Creek,Dawson Creek,CA,America/Dawson_Creek,YDQ
YDR,Broadview,Esterhazy,CA,America/Regina,YDR
YDS,Desolation Sound,,CA,America/Vancouver,YDS
YDT,Boundary Bay Airport,,CA,America/Vancouver,YVR
YDU,Kasba Lake,,CA,America/Yellowknife,YDU
YDV,Bloodvein,,CA,America/Winnipeg,YDV
YDW,Obre Lake,,CA,America/Yellowknife,YDW
YDX,Doc Creek,,CA,America/Vancouver,YDX
YEB,Bar River,Sault Ste. Marie,CA,America/Toronto,YEB
YEC,Yecheon,Mungyeong,KR,Asia/Seoul,YEC
YED,Namao Field,,CA,America/Edmonton,YEA
YEG,Edmonton International Airport,Leduc,CA,America/Edmonton,YEA
YEH,Yinchuan Helanshan Airport,Yinchuan,CN,Asia/Shanghai,YEH
YEI,Yenisehir Airport,Hamzabey,TR,Europe/Istanbul,YEI
YEK,Arviat,,CA,America/Rankin_Inlet,YEK
YEL,Elliot Lake,,CA,America/Toronto,YEL
YEM,East Manitoulin,Little Current,CA,America/Toronto,YEM
YEN,Estevan,Estevan,CA,America/Regina,YEN
YEO,Yeovilton,Sherborne,GB,Europe/London,YEO
YEP,Estevan Point,,CA,America/Vancouver,YEP
YEQ,Yenkis,Wabag,PG,Pacific/Port_Moresby,YEQ
YER,Fort Severn,,CA,America/Toronto,YER
YES,Yasouj,Yasuj,IR,Asia/Tehran,YES
YET,Edson,Edson,CA,America/Edmonton,YET
YEU,Eureka,,CA,America/Rankin_Inlet,YEU
YEV,Inuvik Mike Zubko Airport,,CA,America/Inuvik,YEV
YEY,Amos,Amos,CA,America/Montreal,YEY
YFA,Fort Albany,,CA,America/Toronto,YFA
YFB,Iqaluit Airport,,CA,America/Iqaluit,YFB
YFC,Fredericton International Airport,Oromocto,CA,America/Moncton,YFC
YFE,Forestville,Forestville,CA,America/Montreal,YFE
YFG,Fontanges,,CA,America/Montreal,YFG
YFH,Fort Hope,,CA,America/Toronto,YFH
YFI,Firebag,,CA,America/Edmonton,HZP
YFJ,Snare Lake,,CA,America/Yellowknife,YFJ
YFL,Fort Reliance,,CA,America/Yellowknife,YFL
YFO,Flin Flon Airport,,CA,America/Winnipeg,YFO
YFR,Fort Resolution,,CA,America/Yellowknife,YFR
YFS,Fort Simpson,,CA,America/Yellowknife,YFS
YFX,Fox Harbour (St Lewis),,CA,America/St_Johns,YFX
YGA,Gagnon,,CA,America/Montreal,YGA
YGB,Gillies Bay,,CA,America/Vancouver,YGB
YGC,Grande Cache,Grande Cache,CA,America/Edmonton,YGC
YGE,Gorge Harbor,,CA,America/Vancouver,YGE
YGG,Ganges Harbor,North Cowichan,CA,America/Vancouver,YGG
YGH,Fort Good Hope,,CA,America/Yellowknife,YGH
YGJ,Miho Airport,Sakaiminato,JP,Asia/Tokyo,YGJ
YGK,Kingston/Norman Rogers Airport,,CA,America/Toronto,YGK
YGL,La Grande Airport,,CA,America/Montreal,YGL
YGM,Gimli,,CA,America/Winnipeg,YGM
YGN,Greenway Sound,,CA,America/Vancouver,YGN
YGO,Gods Lake Narrows Airport,,CA,America/Winnipeg,YGO
YGP,Michel-Pouliot Gaspe Airport,Gaspe,CA,America/Montreal,YGP
YGQ,Geraldton,,CA,America/Toronto,YGQ
YGR,Iles De La Madeleine,Souris,CA,America/Halifax,YGR
YGS,Germansen,,CA,America/Vancouver,YGS
YGT,Igloolik Airport,,CA,America/Iqaluit,YGT
YGV,Havre St Pierre,,CA,America/Montreal,YGV
YGW,Kuujjuarapik Airport,,CA,America/Montreal,YGW
YGX,Gillam,,CA,America/Winnipeg,YGX
YGY,Deception,,CA,America/Montreal,YGY
YGZ,Grise Fiord,,CA,America/Iqaluit,YGZ
YHA,Port Hope Simpson,,CA,America/St_Johns,YHA
YHB,Hudson Bay,Hudson Bay,CA,America/Regina,YHB
YHC,Hakai Pass,,CA,America/Vancouver,YHC
YHD,Dryden Regional Airport,,CA,America/Winnipeg,YHD
YHE,Hope,Hope,CA,America/Vancouver,YHE
YHF,Hearst,,CA,America/Toronto,YHF
YHG,Charlottetown,,CA,America/St_Johns,YHG
YHH,Harbor SPB,,CA,America/Vancouver,YBL
YHI,Holman,,CA,America/Yellowknife,YHI
YHK,Gjoa Haven Airport,,CA,America/Cambridge_Bay,YHK
YHM,Hamilton Airport,Ancaster,CA,America/Toronto,YTO
YHN,Hornepayne,,CA,America/Toronto,YHN
YHO,Hopedale,,CA,America/Goose_Bay,YHO
YHP,Poplar Hill,,CA,America/Winnipeg,YHP
YHR,Chevery,,CA,America/Blanc-Sablon,YHR
YHS,Sechelt,,CA,America/Vancouver,YHS
YHT,Haines Junction,Haines Junction,CA,America/Whitehorse,YHT
YHU,St. Hubert Airport,,CA,America/Montreal,YMQ
YHY,Hay River,,CA,America/Yellowknife,YHY
YHZ,Halifax Stanfield International Airport,Cole Harbour,CA,America/Halifax,YHZ
YIA,Yogyakarta International Airport,Srandakan,ID,Asia/Jakarta,YIA
YIB,Atikokan,,CA,America/Atikokan,YIB
YIC,Yichun Mingyueshan Airport,Hutian,CN,Asia/Shanghai,YIC
YIE,Arxan Yiershi Airport,Wenquan,CN,Asia/Shanghai,YIE
YIF,Pakuashipi,,CA,America/Blanc-Sablon,YIF
YIG,Big Bay Marina,,CA,America/Vancouver,YIG
YIH,Yichang Sanxia Airport,Yunchi,CN,Asia/Shanghai,YIH
YIK,Ivujivik,,CA,America/Montreal,YIK
YIN,Yining Airport,Dadamtu,CN,Asia/Shanghai,YIN
YIO,Pond Inlet Airport,,CA,America/Iqaluit,YIO
YIP,Willow Run Airport,Belleville,US,America/Detroit,DTT
YIV,Island Lake Airport,,CA,America/Winnipeg,YIV
YIW,Yiwu Airport,Yiwu,CN,Asia/Shanghai,YIW
YJA,Jasper Airport,Jasper Park Lodge,CA,America/Edmonton,YJA
YJF,Fort Liard,,CA,America/Yellowknife,YJF
YJN,St Jean,Saint-Jean-sur-Richelieu,CA,America/Montreal,YJN
YJO,Johnny Mountain,,CA,America/Vancouver,YJO
YJP,Jasper-hinton,Hinton,CA,America/Edmonton,YJP
YJS,Samjiyon,Changbai,KP,Asia/Pyongyang,YJS
YJT,Stephenville,Stephenville,CA,America/St_Johns,YJT
YKA,Kamloops Airport,Kamloops,CA,America/Vancouver,YKA
YKC,Collins Bay,Kingston,CA,America/Regina,YKC
YKD,Township Airport,Wingham,CA,America/Toronto,YKD
YKE,Knee Lake,,CA,America/Winnipeg,YKE
YKF,Region of Waterloo International Airport,Cambridge,CA,America/Toronto,YKF
YKG,Kangirsuk Airport,,CA,America/Montreal,YKG
YKH,Yingkou Lanqi Airport,Qingshiling,CN,Asia/Shanghai,YKH
YKI,Kennosao Lake,Uuemoisa,CA,America/Winnipeg,YKI
YKJ,Key Lake,,CA,America/Regina,YKJ
YKK,Kitkatla,,CA,America/Vancouver,YKK
YKL,Schefferville Airport,,CA,America/Montreal,YKL
YKM,Yakima Air Terminal,Yakima,US,America/Los_Angeles,YKM
YKN,Chan Gurney,Yankton,US,America/Chicago,YKN
YKO,Hakkari–Yüksekova Airport,Yuksekova,TR,Europe/Istanbul,YKO
YKQ,Waskaganish Airport,,CA,America/Montreal,YKQ
YKS,Yakutsk Airport,Markha,RU,Asia/Yakutsk,YKS
YKT,Klemtu,,CA,America/Vancouver,YKT
YKU,Chisasibi,,CA,America/Montreal,YKU
YKX,Kirkland Lake,Kirkland Lake,CA,America/Toronto,YKX
YKY,Kindersley,Kindersley,CA,America/Regina,YKY
YKZ,Buttonville Municipalcipal,Richmond Hill,CA,America/Toronto,YTO
YLA,Langara,Craig,CA,America/Vancouver,YLA
YLB,Lac Biche,Lac La Biche,CA,America/Edmonton,YLB
YLC,Kimmirut,,CA,America/Iqaluit,YLC
YLD,Chapleau,Thessalon,CA,America/Toronto,YLD
YLE,Wha Ti,,CA,America/Yellowknife,YLE
YLF,LaForges,,CA,America/Montreal,YLF
YLG,Yalgoo,Melville,AU,Australia/Perth,YLG
YLH,Lansdowne House,,CA,America/Toronto,YLH
YLI,Ylivieska,Ylivieska,FI,Europe/Helsinki,YLI
YLJ,Meadow Lake,,CA,America/Regina,YLJ
YLK,Lake Simcoe Regional,Barrie,CA,America/Toronto,YLK
YLL,Lloydminster,Lloydminster,CA,America/Edmonton,YLL
YLM,Clinton Creek,,CA,America/Whitehorse,YLM
YLN,Yilan,Yinglan,CN,Asia/Shanghai,YLN
YLO,Shilo,Carberry,CA,America/Winnipeg,YLO
YLP,Mingan,,CA,America/Montreal,YLP
YLQ,La Tuque,La Tuque,CA,America/Montreal,YLQ
YLR,Leaf Rapids,,CA,America/Winnipeg,YLR
YLS,Lebel-Sur-Quevillon,,CA,America/Montreal,YLS
YLT,Alert,Upernavik,CA,America/Pangnirtung,YLT
YLV,Yevlakh Airport,Yevlakh,AZ,Asia/Baku,YLV
YLW,Kelowna International Airport,Kelowna,CA,America/Vancouver,YLW
YLX,Long Point,,CA,America/Toronto,YLX
YLY,Langley Regional,Langley,CA,America/Vancouver,YLY
YMA,Mayo,,CA,America/Whitehorse,YMA
YMB,Merritt,Merritt,CA,America/Vancouver,YMB
YMC,Maricourt Airstrip,,CA,America/Montreal,YMC
YMD,Mould Bay,,CA,America/Rankin_Inlet,YMD
YME,Matane,Matane,CA,America/Montreal,YME
YMF,Montagne Harbor,Point Roberts,CA,America/Vancouver,YMF
YMG,Manitouwadge,,CA,America/Toronto,YMG
YMH,Mary's Harbour,,CA,America/St_Johns,YMH
YMI,Minaki,Warroad,CA,America/Winnipeg,YMI
YMJ,Moose Jaw / Air Vice Marshal C. M. Mcewen Airport,Moose Jaw,CA,America/Regina,YMJ
YMK,Mys-Kamenny,Mys-Kamennyy,RU,Asia/Yekaterinburg,YMK
YML,Charlevoix,La Malbaie,CA,America/Montreal,YML
YMM,Fort McMurray International Airport,Fort McMurray,CA,America/Edmonton,YMM
YMN,Makkovik Airport,,CA,America/Goose_Bay,YMN
YMO,Moosonee,Iroquois Falls,CA,America/Toronto,YMO
YMP,Port McNeil,,CA,America/Vancouver,YMP
YMR,Merry Island,,CA,America/Vancouver,YMR
YMS,Yurimaguas,Yurimaguas,PE,America/Lima,YMS
YMT,Chibougamau Airport,Chibougamau,CA,America/Montreal,YMT
YMU,Mansons Landing SPB,,CA,America/Vancouver,YMU
YMV,Mary River,Clyde River,CA,America/Iqaluit,YMV
YMW,Maniwaki,Maniwaki,CA,America/Montreal,YMW
YMX,Mirabel International Airport,Mirabel,CA,America/Montreal,YMQ
YNA,Natashquan,,CA,America/Montreal,YNA
YNB,Yanbu Airport,Yanbu` al Bahr,SA,Asia/Riyadh,YNB
YNC,Wemindji,,CA,America/Montreal,YNC
YND,Gatineau Airport,,CA,America/Toronto,YOW
YNE,Norway House Airport,,CA,America/Winnipeg,YNE
YNF,Deer Lake/Stephenville,,CA,America/St_Johns,YNF
YNG,Youngstown,Howland Center,US,America/New_York,YNG
YNH,Hudson Hope,Chetwynd,CA,America/Edmonton,YNH
YNI,Nitchequon,Fermont,CA,America/Montreal,YNI
YNJ,Yanji Chaoyangchuan Airport,,CN,Asia/Shanghai,YNJ
YNK,Nootka Sound,,CA,America/Vancouver,YNK
YNL,Points North Landing,,CA,America/Regina,YNL
YNM,Matagami,,CA,America/Montreal,YNM
YNN,Yandi,,AU,Australia/Perth,YNN
YNO,North Spirit Lake,,CA,America/Winnipeg,YNO
YNP,Natuashish Airport,,CA,America/Goose_Bay,YNP
YNR,Arnes,,CA,America/Winnipeg,YNR
YNS,Nemiscau Airport,Lebel-sur-Quevillon,CA,America/Montreal,YNS
YNT,Yantai Laishan International Airport,Laishan,CN,Asia/Shanghai,YNT
YNX,Snap Lake,,CA,America/Yellowknife,YNX
YNY,Yangyang Airport,Sokcho,KR,Asia/Seoul,YNY
YNZ,Yancheng Nanyang International Airport,Yulong,CN,Asia/Shanghai,YNZ
YOA,Ekati,,CA,America/Yellowknife,YOA
YOC,Old Crow,Dawson City,CA,America/Whitehorse,YOC
YOD,Cold Lake,Cold Lake,CA,America/Edmonton,YOD
YOE,Falher,Falher,CA,America/Edmonton,YOE
YOG,Ogoki,,CA,America/Toronto,YOG
YOH,Oxford House,,CA,America/Winnipeg,YOH
YOI,Opinaca,,CA,America/Montreal,YOI
YOJ,Footner Lake Airport,,CA,America/Edmonton,YOJ
YOK,Yokohama,Minami-rinkan,JP,Asia/Tokyo,YOK
YOL,Yola Airport,Jimeta,NG,Africa/Lagos,YOL
YON,Yongphulla Airport,Trashigang,BT,Asia/Thimphu,YON
YOO,Oshawa,Oshawa,CA,America/Toronto,QWA
YOP,Rainbow Lake,High Level,CA,America/Edmonton,YOP
YOS,Billy Bishop Regional,,CA,America/Toronto,YOS
YOT,Yotvata,Al Quwayrah,IL,Asia/Jerusalem,YOT
YOW,Ottawa/Macdonald-Cartier International Airport,,CA,America/Toronto,YOW
YOY,Valcartier,Newport,CA,America/Montreal,YOY
YPA,Glass Field,Prince Albert,CA,America/Regina,YPA
YPB,Port Alberni,,CA,America/Vancouver,YPB
YPC,Paulatuk,,CA,America/Yellowknife,YPC
YPD,Parry Sound,Parry Sound,CA,America/Toronto,YPD
YPE,Peace River,Peace River,CA,America/Edmonton,YPE
YPF,Esquimalt,,CA,America/Vancouver,YPF
YPG,Portage La Prairie,Portage la Prairie,CA,America/Winnipeg,YPG
YPH,Inukjuak,,CA,America/Montreal,YPH
YPI,Port Simpson,,CA,America/Vancouver,YPI
YPJ,Aupaluk Airport,,CA,America/Montreal,YPJ
YPL,Pickle Lake,,CA,America/Atikokan,YPL
YPM,Pikangikum,,CA,America/Winnipeg,YPM
YPN,Port Menier,,CA,America/Montreal,YPN
YPO,Peawanuck,,CA,America/Toronto,YPO
YPP,Pine Point,Hay River,CA,America/Yellowknife,YPP
YPQ,Peterborough,Peterborough,CA,America/Toronto,YPQ
YPR,Digby Island Airport,,CA,America/Vancouver,YPR
YPS,Port Hawkesbury,,CA,America/Halifax,YPS
YPT,Pender Harbor,Sechelt,CA,America/Vancouver,YPT
YPW,Powell River,Powell River,CA,America/Vancouver,YPW
YPX,Puvirnituq,,CA,America/Montreal,YPX
YPY,Fort Chipewyan Airport,,CA,America/Edmonton,YPY
YPZ,Burns Lake,Burns Lake,CA,America/Vancouver,YPZ
YQA,Muskoka,Bracebridge,CA,America/Toronto,YQA
YQB,Quebec City Jean Lesage International Airport,L'Ancienne-Lorette,CA,America/Montreal,YQB
YQC,Quaqtaq,,CA,America/Montreal,YQC
YQD,Clearwater,The Pas,CA,America/Winnipeg,YQD
YQE,Kimberley,Kimberley,CA,America/Vancouver,YQE
YQF,Red Deer Regional Airport,Penhold,CA,America/Edmonton,YQF
YQG,Windsor International Airport,Windsor,CA,America/Toronto,YQG
YQH,Watson Lake,Watson Lake,CA,America/Whitehorse,YQH
YQI,Yarmouth,Yarmouth,CA,America/Halifax,YQI
YQJ,April Point SPB,,CA,America/Vancouver,YQJ
YQK,Kenora Airport,Baudette,CA,America/Winnipeg,YQK
YQL,Lethbridge Airport,Lethbridge,CA,America/Edmonton,YQL
YQM,Greater Moncton International Airport,Dieppe,CA,America/Moncton,YQM
YQN,Nakina,,CA,America/Toronto,YQN
YQQ,Comox Airport,Courtenay,CA,America/Vancouver,YQQ
YQR,Regina International Airport,Regina,CA,America/Regina,YQR
YQS,Pembroke Area Municipalcipal,St. Thomas,CA,America/Toronto,YQS
YQT,Thunder Bay International Airport,,CA,America/Thunder_Bay,YQT
YQU,Grande Prairie Airport,Grande Prairie,CA,America/Edmonton,YQU
YQV,Yorkton,Yorkton,CA,America/Regina,YQV
YQW,North Battleford,North Battleford,CA,America/Regina,YQW
YQX,Gander International Airport,Gambo,CA,America/St_Johns,YQX
YQY,Sydney Airport,Glace Bay,CA,America/Glace_Bay,YQY
YQZ,Quesnel Airport,Quesnel,CA,America/Vancouver,YQZ
YRA,Rae Lakes,,CA,America/Yellowknife,YRA
YRB,Resolute Bay Airport,,CA,America/Resolute,YRB
YRC,Refuge Cove SPB,Saguenay,CA,America/Vancouver,YRC
YRD,Dean River,Houston,CA,America/Vancouver,YRD
YRE,Resolution Island,,CA,America/Pangnirtung,YRE
YRF,Cartwright,,CA,America/Goose_Bay,YRF
YRG,Rigolet,,CA,America/Goose_Bay,YRG
YRI,Riviere Du Loup,Riviere-du-Loup,CA,America/Montreal,YRI
YRJ,Roberval,Roberval,CA,America/Montreal,YRJ
YRL,Red Lake Airport,,CA,America/Winnipeg,YRL
YRM,Rocky Mountain House,Rocky Mountain House,CA,America/Edmonton,YRM
YRN,Rivers Inlet,,CA,America/Vancouver,YRN
YRO,Rockcliffe St,Gatineau,CA,America/Toronto,YOW
YRQ,Trois-Rivieres,Sainte-Catherine,CA,America/Montreal,YRQ
YRR,Stuart Island,,CA,America/Vancouver,YRR
YRS,Red Sucker Lake,,CA,America/Winnipeg,YRS
YRT,Rankin Inlet Airport,,CA,America/Rankin_Inlet,YRT
YRV,Revelstoke,Revelstoke,CA,America/Vancouver,YRV
YSA,Sable Island,Port Hawkesbury,CA,America/Halifax,YSA
YSB,Sudbury Airport,Greater Sudbury,CA,America/Toronto,YSB
YSC,Sherbrooke,Sherbrooke,CA,America/Montreal,YSC
YSD,Suffield,Bow Island,CA,America/Edmonton,YSD
YSE,Squamish,,CA,America/Vancouver,YSE
YSF,Stony Rapids,,CA,America/Regina,YSF
YSG,Lutselke,,CA,America/Yellowknife,YSG
YSH,Smith Falls,Smiths Falls,CA,America/Toronto,YSH
YSI,Sans Souci,,CA,America/Toronto,YSI
YSJ,Saint John Airport,Saint John,CA,America/Moncton,YSJ
YSK,Sanikiluaq Airport,,CA,America/Iqaluit,YSK
YSL,St Leonard,Saint-Leonard,CA,America/Moncton,YSL
YSM,Fort Smith Airport,Fort Smith,CA,America/Yellowknife,YSM
YSN,Salmon Arm,Salmon Arm,CA,America/Vancouver,YSN
YSO,Postville Airport,,CA,America/Goose_Bay,YSO
YSP,Marathon,,CA,America/Toronto,YSP
YSQ,Spring Island,Sandwick,CA,America/Vancouver,YSQ
YSR,Nanisivik,,CA,America/Iqaluit,YSR
YSS,Slate Island,Mascot,CA,America/Toronto,YSS
YST,Ste Therese Point,,CA,America/Winnipeg,YST
YSU,Summerside,Corner Brook,CA,America/Halifax,YSU
YSV,Saglek,,CA,America/Goose_Bay,YSV
YSX,Shearwater,,CA,America/Vancouver,YSX
YSY,Sachs Harbour,,CA,America/Yellowknife,YSY
YSZ,Squirrel Cove,,CA,America/Vancouver,YSZ
YTA,Pembroke And Area Airport,,CA,America/Toronto,YTA
YTB,Hartley Bay,,CA,America/Vancouver,YTB
YTC,Sturdee Valley Airport,Sturdee,CA,America/Vancouver,YTC
YTD,Thicket Portage,,CA,America/Winnipeg,YTD
YTE,Cape Dorset,,CA,America/Iqaluit,YTE
YTF,Alma,Alma,CA,America/Montreal,YTF
YTG,Sullivan Bay,Campbell River,CA,America/Vancouver,YTG
YTH,Thompson,,CA,America/Winnipeg,YTH
YTI,Triple Island,,CA,America/Vancouver,YTI
YTJ,Terrace Bay,Marathon,CA,America/Toronto,YTJ
YTK,Tulugak,,CA,America/Montreal,YTK
YTL,Big Trout,,CA,America/Winnipeg,YTL
YTM,La Macaza,Riviere-Rouge,CA,America/Montreal,YTM
YTN,Riviere Au Tonnerre,,CA,America/Montreal,YTN
YTP,Seaplane Base,Ucluelet,CA,America/Vancouver,YAZ
YTQ,Tasiujuaq Airport,,CA,America/Montreal,YTQ
YTR,Trenton,Quinte West,CA,America/Toronto,YTR
YTS,Timmins Victor M. Power Airport,Timmins,CA,America/Toronto,YTS
YTT,Tisdale,Tisdale,CA,America/Regina,YTT
YTU,Tasu,Port Alberni,CA,America/Vancouver,YTU
YTW,Yutian Wanfang Airport,,CN,Asia/Urumqi,YTW
YTX,Telegraph Creek,Wrangell,CA,America/Vancouver,YTX
YTY,Yangzhou Taizhou Airport,Dinggou,CN,Asia/Shanghai,YTY
YTZ,Toronto City Centre Airport,Toronto,CA,America/Toronto,YTO
YUA,Yuanmou,Yuanmou,CN,Asia/Shanghai,YUA
YUB,Tuktoyaktuk,Inuvik,CA,America/Yellowknife,YUB
YUD,Umiujaq,,CA,America/Montreal,YUD
YUE,Yuendumu,Alice Springs,AU,Australia/Darwin,YUE
YUL,Montreal-Pierre Elliott Trudeau International Airport,Dorval,CA,America/Montreal,YMQ
YUM,Yuma International Airport,Yuma,US,America/Phoenix,YUM
YUS,Yushu Batang Airport,,CN,Asia/Shanghai,YUS
YUT,Repulse Bay,,CA,America/Rankin_Inlet,YUT
YUX,Hall Beach,,CA,America/Iqaluit,YUX
YUY,Rouyn-Noranda Airport,Rouyn-Noranda,CA,America/Montreal,YUY
YVA,Iconi,Oussivo,KM,Indian/Comoro,YVA
YVB,Bonaventure,Bonaventure,CA,America/Montreal,YVB
YVC,La Ronge,,CA,America/Regina,YVC
YVD,Yeva,Wau,PG,Pacific/Port_Moresby,YVD
YVE,Vernon Regional Airport,Vernon,CA,America/Vancouver,YVE
YVG,Vermilion,Vermilion,CA,America/Edmonton,YVG
YVM,Qikiqtarjuaq,,CA,America/Pangnirtung,YVM
YVN,Cape Dyer,,CA,America/Pangnirtung,YVN
YVO,Val-d'Or Airport,Val-d'Or,CA,America/Montreal,YVO
YVP,Kuujjuaq Airport,,CA,America/Montreal,YVP
YVQ,Norman Wells,,CA,America/Yellowknife,YVQ
YVR,Vancouver International Airport,Richmond,CA,America/Vancouver,YVR
YVT,Buffalo Narrows,Meadow Lake,CA,America/Regina,YVT
YVV,Wiarton/Keppel Airport,Owen Sound,CA,America/Toronto,YVV
YVZ,Deer Lake,,CA,America/Winnipeg,YVZ
YWA,Petawawa,,CA,America/Toronto,YWA
YWB,Kangiqsujuaq Airport,,CA,America/Montreal,YWB
YWF,Downtown Waterfront Heliport,Halifax,CA,America/Halifax,YHZ
YWG,Winnipeg James Armstrong Richardson International Airport,Winnipeg,CA,America/Winnipeg,YWG
YWH,Victoria Inner Harbour Airport,Victoria,CA,America/Vancouver,YYJ
YWJ,Deline,,CA,America/Yellowknife,YWJ
YWK,Wabush Airport,,CA,America/Goose_Bay,YWK
YWL,Williams Lake Airport,,CA,America/Vancouver,YWL
YWM,Williams Harbour,,CA,America/St_Johns,YWM
YWN,Winisk,Hearst,CA,America/Toronto,YWN
YWO,Lupin,Kugluktuk,CA,America/Yellowknife,YWO
YWP,Webequie,Greenstone,CA,America/Toronto,YWP
YWQ,Chute-Des-Passes,Pont Rouge,CA,America/Montreal,YWQ
YWR,White River,,CA,America/Toronto,YWR
YWS,Whistler,,CA,America/Vancouver,YWS
YWY,Wrigley,,CA,America/Yellowknife,YWY
YXC,Canadian Rockies International Airport,Cranbrook,CA,America/Edmonton,YXC
YXD,Edmonton City Centre (Blatchford Field) Airport,Edmonton,CA,America/Edmonton,YEA
YXE,Saskatoon International Airport,Saskatoon,CA,America/Regina,YXE
YXF,Snake River,,CA,America/Whitehorse,YXF
YXH,Medicine Hat Regional Airport,Medicine Hat,CA,America/Edmonton,YXH
YXI,Killaloe,Petawawa,CA,America/Toronto,YXI
YXJ,North Peace Regional Airport,,CA,America/Dawson_Creek,YXJ
YXK,Rimouski,Rimouski,CA,America/Montreal,YXK
YXL,Sioux Lookout Airport,Dryden,CA,America/Winnipeg,YXL
YXN,Whale Cove,,CA,America/Rankin_Inlet,YXN
YXP,Pangnirtung Airport,Pangnirtung,CA,America/Pangnirtung,YXP
YXQ,Beaver Creek,Tok,CA,America/Whitehorse,YXQ
YXR,Earlton,Englehart,CA,America/Toronto,YXR
YXS,Prince George Airport,Prince George,CA,America/Vancouver,YXS
YXT,Northwest Regional Airport,,CA,America/Vancouver,YXT
YXU,London International Airport,Dorchester,CA,America/Toronto,YXU
YXX,Abbotsford Airport,Sumas,CA,America/Vancouver,YXX
YXY,Whitehorse Airport,,CA,America/Whitehorse,YXY
YXZ,Wawa Airport,Hornepayne,CA,America/Toronto,YXZ
YYA,Big Bay Yacht Club,Whistler,CA,America/Vancouver,YYA
YYB,Jack Garland Airport,North Bay,CA,America/Toronto,YYB
YYC,Calgary International Airport,Calgary,CA,America/Edmonton,YYC
YYD,Smithers Airport,Smithers,CA,America/Vancouver,YYD
YYE,Northern Rockies Regional Airport,Fort Nelson,CA,America/Vancouver,YYE
YYF,Penticton Airport,Penticton,CA,America/Vancouver,YYF
YYG,Charlottetown Airport,Charlottetown,CA,America/Halifax,YYG
YYH,Taloyoak,Gjoa Haven,CA,America/Cambridge_Bay,YYH
YYI,Rivers,Rivers,CA,America/Winnipeg,YYI
YYJ,Victoria International Airport,North Saanich,CA,America/Vancouver,YYJ
YYL,Lynn Lake,,CA,America/Winnipeg,YYL
YYM,Cowley,Pincher Creek,CA,America/Edmonton,YYM
YYN,Swift Current,Swift Current,CA,America/Swift_Current,YYN
YYQ,Churchill Airport,,CA,America/Winnipeg,YYQ
YYR,Goose Bay Airport,Happy Valley-Goose Bay,CA,America/Goose_Bay,YYR
YYT,St. John's International Airport,Torbay,CA,America/St_Johns,YYT
YYU,Kapuskasing Airport,,CA,America/Toronto,YYU
YYW,Armstrong,Thunder Bay,CA,America/Toronto,YYW
YYY,Mont Joli Airport,Mont-Joli,CA,America/Montreal,YYY
YYZ,Pearson International Airport,Etobicoke,CA,America/Toronto,YTO
YZA,Ashcroft,Ashcroft,CA,America/Vancouver,YZA
YZC,Beatton River,Fort St. John,CA,America/Vancouver,YZC
YZE,Gore Bay,Elliot Lake,CA,America/Toronto,YZE
YZF,Yellowknife Airport,Yellowknife,CA,America/Yellowknife,YZF
YZG,Salluit,Iqaluit,CA,America/Montreal,YSW
YZH,Slave Lake,Slave Lake,CA,America/Edmonton,YZH
YZM,Buchans,Deer Lake,CA,America/St_Johns,YZM
YZP,Sandspit Airport,,CA,America/Vancouver,YZP
YZR,Sarnia Airport,Sarnia,CA,America/Toronto,YZR
YZS,Coral Harbour Airport,Rankin Inlet,CA,America/Coral_Harbour,YZS
YZT,Port Hardy Airport,,CA,America/Vancouver,YZT
YZU,Whitecourt,Whitecourt,CA,America/Edmonton,YZU
YZV,Sept-Iles Airport,Sept-Iles,CA,America/Montreal,YZV
YZW,Teslin,,CA,America/Whitehorse,YZW
YZX,Greenwood,,CA,America/Halifax,YZX
YZY,Zhangye Ganzhou Airport,Dongle,CN,Asia/Shanghai,YZY
YZZ,Trail Regional Airport,Fruitvale,CA,America/Vancouver,YZZ
ZAA,Alice Arm,Terrace,CA,America/Vancouver,ZAA
ZAC,York Landing,,CA,America/Winnipeg,ZAC
ZAD,Zadar Airport,Galovac,HR,Europe/Zagreb,ZAD
ZAG,Zagreb International Airport,Micevec,HR,Europe/Zagreb,ZAG
ZAH,Zahedan Airport,Zahedan,IR,Asia/Tehran,ZAH
ZAJ,Zaranj,Zaranj,AF,Asia/Kabul,ZAJ
ZAL,Pichoy Airport,Valdivia,CL,America/Santiago,ZAL
ZAM,Zamboanga International Airport,Zamboanga,PH,Asia/Manila,ZAM
ZAO,Laberandie,Cahors,FR,Europe/Paris,ZAO
ZAR,Zaria,Zaria,NG,Africa/Lagos,ZAR
ZAT,Zhaotong Airport,Zhaotong,CN,Asia/Shanghai,ZAT
ZAZ,Zaragoza Airport,Utebo,ES,Europe/Madrid,ZAZ
ZBE,Dolni Benesov,Zabreh,CZ,Europe/Prague,ZBE
ZBF,Bathurst Airport,Bathurst,CA,America/Moncton,ZBF
ZBK,Zabljak,Zabljak,ME,Europe/Podgorica,ZBK
ZBL,Biloela,Biloela,AU,Australia/Brisbane,ZBL
ZBM,Bromont,Granby,CA,America/Montreal,ZBM
ZBO,Bowen,Bowen,AU,Australia/Brisbane,ZBO
ZBR,Chah-Bahar Airport,Konarak,IR,Asia/Tehran,ZBR
ZBU,Aarhus Limo,,DK,Europe/Copenhagen,AAR
ZBY,Sayaboury,Sainyabuli,LA,Asia/Vientiane,ZBY
ZCL,La Calera Airport,Zacatecas,MX,America/Mexico_City,ZCL
ZCO,Temuco Airport,Temuco,CL,America/Santiago,ZCO
ZDY,Delma Island Airport,,AE,Asia/Dubai,ZDY
ZEC,Secunda,Deneysville,ZA,Africa/Johannesburg,ZEC
ZEG,Senggo,Eci,ID,Asia/Jayapura,ZEG
ZEL,Bella Bella Airport,,CA,America/Vancouver,ZEL
ZEM,East Main,Matagami,CA,America/Montreal,ZEM
ZEN,Zenag,Bulolo,PG,Pacific/Port_Moresby,ZEN
ZER,Zero,Ziro,IN,Asia/Kolkata,ZER
ZFA,Faro,Whitehorse,CA,America/Whitehorse,ZFA
ZFB,Old Fort Bay,,CA,America/Blanc-Sablon,ZFB
ZFD,Fond-du-Lac Airport,Fond du Lac,CA,America/Regina,ZFD
ZFL,South Trout Lake,,CA,America/Winnipeg,ZFL
ZFM,Fort Mcpherson,Fort McPherson,CA,America/Yellowknife,ZFM
ZFN,Tulita,Norman Wells,CA,America/Yellowknife,ZFN
ZFU,Aruja,Aruja,BR,America/Sao_Paulo,ZFU
ZFW,Fairview,Fairview,CA,America/Edmonton,ZFW
ZFZ,Buffalo Depew Rr,,US,America/New_York,BUF
ZGF,Grand Forks,Grand Forks,CA,America/Vancouver,ZGF
ZGI,Gods River Airport,,CA,America/Winnipeg,ZGI
ZGL,South Galway,Innamincka,AU,Australia/Brisbane,ZGL
ZGM,Ngoma,Namwala,ZM,Africa/Lusaka,ZGM
ZGR,Little Grand Rapids,Lac du Bonnet,CA,America/Winnipeg,ZGR
ZGS,Gethsemani,,CA,America/Blanc-Sablon,ZGS
ZGU,Gaua,Sola,VU,Pacific/Efate,ZGU
ZGY,Kuching Port,Gurun,MY,Asia/Kuching,ZGY
ZHA,Zhanjiang Airport,Haitou,CN,Asia/Shanghai,ZHA
ZHI,Grenchen,Grenchen,CH,Europe/Zurich,ZHI
ZHM,Shamshernagar,Kailashahar,BD,Asia/Dhaka,ZHM
ZHP,High Prairie,High Prairie,CA,America/Edmonton,ZHP
ZHY,Zhongwei Airport,,CN,Asia/Shanghai,ZHY
ZIA,Zhukovsky International Airport,Zhukovskiy,RU,Europe/Moscow,MOW
ZIC,Victoria,Victoria,CL,America/Santiago,ZIC
ZIE,Harbour (Eolie Island),Santa Marina Salina,IT,Europe/Rome,ZIE
ZIG,Ziguinchor,Ziguinchor,SN,Africa/Dakar,ZIG
ZIH,Ixtapa/Zihuatanejo Internacional Airport,Colonia Aeropuerto,MX,America/Mexico_City,ZIH
ZIP,Harbour (Eolie Island),Emtmannsberg,IT,Europe/Rome,ZIP
ZIS,Alzintan Airport,Az Zintan,LY,Africa/Tripoli,ZIS
ZIX,Zhigansk Airport,Zhigansk,RU,Asia/Yakutsk,ZIX
ZIZ,Zamzama,Johi,PK,Asia/Karachi,ZIZ
ZJG,Jenpeg,Thompson,CA,America/Winnipeg,ZJG
ZJN,Swan River,Swan River,CA,America/Winnipeg,ZJN
ZJT,Tanjung Pelepas Port,Pekan Nenas,MY,Asia/Kuala_Lumpur,ZJT
ZKB,Kasaba Bay,Mpulungu,ZM,Africa/Lusaka,ZKB
ZKE,Kaschechewan,Kapuskasing,CA,America/Toronto,ZKE
ZKG,Kegaska,Havre-Saint-Pierre,CA,America/Blanc-Sablon,ZKG
ZKL,Steenkool,Bintuni,ID,Asia/Jayapura,ZKL
ZKM,Sette Cama,Gamba,GA,Africa/Libreville,ZKM
ZKP,Zyryanka Airport,Zyryanka,RU,Asia/Srednekolymsk,ZKP
ZLG,El Gouera,Nouadhibou,HU,Europe/Budapest,ZLG
ZLO,Manzanillo Airport,Manzanillo,MX,America/Mexico_City,ZLO
ZLT,La Tabatiere,,CA,America/Blanc-Sablon,ZLT
ZLW,Pasir Gudang Port,Kampung Pasir Gudang Baru,MY,Asia/Kuala_Lumpur,ZLW
ZLX,Zalingei Airport,Zalingei,SD,Africa/Khartoum,ZLX
ZMD,Sena Madureira,Sena Madureira,BR,America/Rio_Branco,ZMD
ZMF,Beverello Harbor,,IT,Europe/Rome,NAP
ZMH,South Cariboo Regional Airport,Williams Lake,CA,America/Vancouver,ZMH
ZMJ,Mergellina Harbour,Napoli,IT,Europe/Rome,NAP
ZML,Milwaukee General Mitchell,Milwaukee,US,America/Chicago,MKE
ZMM,Zamora,Fraccionamiento Monte Olivo,MX,America/Mexico_City,ZMM
ZMT,Masset Airport,Metlakatla,CA,America/Vancouver,ZMT
ZMY,Harbour,Meicheng,CN,Asia/Shanghai,ZMY
ZNA,Nanaimo Harbour,Ladysmith,CA,America/Vancouver,YCD
ZNC,Nyac,Bethel,US,America/Anchorage,ZNC
ZND,Zinder,Zinder,NE,Africa/Niamey,ZND
ZNE,Newman Airport,Newman,AU,Australia/Perth,ZNE
ZNG,Negginan,Gimli,CA,America/Winnipeg,ZNG
ZNU,Namu,,CA,America/Vancouver,ZNU
ZNZ,Zanzibar International Airport,Zanzibar,TZ,Africa/Dar_es_Salaam,ZNZ
ZOF,Ocean Falls,Kitimat,CA,America/Vancouver,ZOF
ZOS,Canal Bajo Airport,Osorno,CL,America/Santiago,ZOS
ZPB,Sachigo Lake Airport,,CA,America/Winnipeg,ZPB
ZPC,Pucon,San Martin de los Andes,CL,America/Santiago,ZPC
ZPH,Zephyrhills,Zephyrhills,US,America/New_York,ZPH
ZPO,Pine House,La Ronge,CA,America/Regina,ZPO
ZQF,Fohren,Bekond,DE,Europe/Berlin,ZQF
ZQN,Queenstown Airport,Queenstown,NZ,Pacific/Auckland,ZQN
ZQS,Queen Charlotte Island,,CA,America/Vancouver,ZQS
ZQW,Zweibruecken Airport,,DE,Europe/Berlin,SCN
ZQZ,Zhangjiakou Ningyuan Airport,Zhangjiakou,CN,Asia/Shanghai,ZQZ
ZRH,Zurich Airport,Glattbrugg / Rohr/Platten-Balsberg,CH,Europe/Zurich,ZRH
ZRI,Serui,Serui,ID,Asia/Jayapura,ZRI
ZRJ,Round Lake Airport,Ear Falls,CA,America/Winnipeg,ZRJ
ZRM,Sarmi,Sarmi,ID,Asia/Jayapura,ZRM
ZSA,San Salvador Airport,Cockburn Town,BS,America/Nassau,ZSA
ZSE,St Pierre dela Reunion,Saint-Pierre,RE,Indian/Reunion,ZSE
ZSJ,Sandy Lake,,CA,America/Winnipeg,ZSJ
ZSP,St Paul,Saint-Antonin,CA,America/Montreal,ZSP
ZSS,Sassandra,Sassandra,CI,Africa/Abidjan,ZSS
ZST,Stewart,,CA,America/Vancouver,ZST
ZSW,Seal Cove,Prince Rupert,CA,America/Vancouver,YPR
ZTA,Tureira,Rikitea,PF,Pacific/Tahiti,ZTA
ZTB,Tete-a-La Baleine,Saint-Augustin,CA,America/Blanc-Sablon,ZTB
ZTH,Zakinthos Airport,Ambelokipoi,GR,Europe/Athens,ZTH
ZTM,Shamattawa Airport,Red Lake,CA,America/Winnipeg,ZTM
ZTR,Zhitomir Airport,Zhytomyr,UA,Europe/Kiev,ZTR
ZTS,Tahsis,Tofino,CA,America/Vancouver,ZTS
ZTU,Zaqatala,Zaqatala,AZ,Asia/Baku,ZTU
ZUC,Ignace,Atikokan,CA,America/Winnipeg,ZUC
ZUD,Ancud,Ancud,CL,America/Santiago,ZUD
ZUH,Zhuhai Jinwan Airport,Sanzao,CN,Asia/Shanghai,ZUH
ZUL,Zilfi,Az Zulfi,SA,Asia/Riyadh,ZUL
ZUM,Churchill Falls,Labrador City,CA,America/Goose_Bay,ZUM
ZVA,Miandrivazo,Miandrivazo,MG,Indian/Antananarivo,ZVA
ZVG,Springvale,Halls Creek,AU,Australia/Perth,ZVG
ZVK,Savannakhet,Savannakhet,LA,Asia/Vientiane,ZVK
ZWA,Andapa,Andapa,MG,Indian/Antananarivo,ZWA
ZWL,Wollaston Lake,Flin Flon,CA,America/Regina,ZWL
ZWR,Kota Kinabalu Port,Kota Kinabalu,MY,Asia/Kuching,ZWR
ZXT,Heydar Aliyev,Zabrat,AZ,Asia/Baku,BAK
ZYD,Lisbon TP,Langtou,PT,Europe/Lisbon,LIS
ZYF,Faro TP,Faro,PT,Europe/Lisbon,FAO
ZYI,Zunyi Xinzhou Airport,Zunyi,CN,Asia/Shanghai,ZYI
ZYL,Civil Airport,Sylhet,BD,Asia/Dhaka,ZYL
ZZE,Zangilan International Airport,Karabakh,AZ,Asia/Baku,ZZE
ZZN,Nationaltheatret RailS,Oslo,NO,Europe/Oslo,OSL
ZZO,Zonalnoye,Tymovskoye,RU,Asia/Sakhalin,ZZO
ZZU,Mzuzu,Mzuzu,MW,Africa/Blantyre,ZZU
ZZV,Zanesville,Zanesville,US,America/New_York,ZZV
